output_type	track_index	name	assay	biosample_name	biosample_stage	biosample_type	data_source
ATAC	0	CL:0000084 ATAC-seq	ATAC-seq	T-cell	adult	PRIMARY_CELL	encode
ATAC	1	CL:0000100 ATAC-seq	ATAC-seq	motor neuron	adult	IN_VITRO_DIFFERENTIATED_CELLS	encode
ATAC	2	CL:0000236 ATAC-seq	ATAC-seq	B cell	adult	PRIMARY_CELL	encode
ATAC	3	CL:0000623 ATAC-seq	ATAC-seq	natural killer cell	adult	PRIMARY_CELL	encode
ATAC	4	CL:0000624 ATAC-seq	ATAC-seq	CD4-positive, alpha-beta T cell	adult	PRIMARY_CELL	encode
ATAC	5	CL:0000625 ATAC-seq	ATAC-seq	CD8-positive, alpha-beta T cell	adult	PRIMARY_CELL	encode
ATAC	6	CL:0000787 ATAC-seq	ATAC-seq	memory B cell	adult	PRIMARY_CELL	encode
ATAC	7	CL:0000788 ATAC-seq	ATAC-seq	naive B cell	adult	PRIMARY_CELL	encode
ATAC	8	CL:0000792 ATAC-seq	ATAC-seq	CD4-positive, CD25-positive, alpha-beta regulatory T cell	adult	PRIMARY_CELL	encode
ATAC	9	CL:0000895 ATAC-seq	ATAC-seq	naive thymus-derived CD4-positive, alpha-beta T cell	adult	PRIMARY_CELL	encode
ATAC	10	CL:0000899 ATAC-seq	ATAC-seq	T-helper 17 cell	adult	PRIMARY_CELL	encode
ATAC	11	CL:0000900 ATAC-seq	ATAC-seq	naive thymus-derived CD8-positive, alpha-beta T cell	adult	PRIMARY_CELL	encode
ATAC	12	CL:0000907 ATAC-seq	ATAC-seq	central memory CD8-positive, alpha-beta T cell	adult	PRIMARY_CELL	encode
ATAC	13	CL:0000913 ATAC-seq	ATAC-seq	effector memory CD8-positive, alpha-beta T cell	adult	PRIMARY_CELL	encode
ATAC	14	CL:1001606 ATAC-seq	ATAC-seq	foreskin keratinocyte	newborn	PRIMARY_CELL	encode
ATAC	15	CLO:0013950 ATAC-seq	ATAC-seq	GM21619	adult	CELL_LINE	encode
ATAC	16	CLO:0014043 ATAC-seq	ATAC-seq	GM21717	adult	CELL_LINE	encode
ATAC	17	CLO:0014078 ATAC-seq	ATAC-seq	GM21529	adult	CELL_LINE	encode
ATAC	18	CLO:0014080 ATAC-seq	ATAC-seq	GM21528	adult	CELL_LINE	encode
ATAC	19	CLO:0014083 ATAC-seq	ATAC-seq	GM21526	adult	CELL_LINE	encode
ATAC	20	CLO:0014097 ATAC-seq	ATAC-seq	GM21576	adult	CELL_LINE	encode
ATAC	21	CLO:0014163 ATAC-seq	ATAC-seq	GM21447	adult	CELL_LINE	encode
ATAC	22	CLO:0014886 ATAC-seq	ATAC-seq	GM21723	adult	CELL_LINE	encode
ATAC	23	CLO:0014941 ATAC-seq	ATAC-seq	GM21825	adult	CELL_LINE	encode
ATAC	24	CLO:0015884 ATAC-seq	ATAC-seq	GM21390	adult	CELL_LINE	encode
ATAC	25	CLO:0015895 ATAC-seq	ATAC-seq	GM21381	adult	CELL_LINE	encode
ATAC	26	CLO:0015900 ATAC-seq	ATAC-seq	GM21367	adult	CELL_LINE	encode
ATAC	27	CLO:0015908 ATAC-seq	ATAC-seq	GM21360	adult	CELL_LINE	encode
ATAC	28	CLO:0015947 ATAC-seq	ATAC-seq	GM21423	adult	CELL_LINE	encode
ATAC	29	CLO:0024877 ATAC-seq	ATAC-seq	GM18511	adult	CELL_LINE	encode
ATAC	30	CLO:0024886 ATAC-seq	ATAC-seq	GM18519	adult	CELL_LINE	encode
ATAC	31	CLO:0024890 ATAC-seq	ATAC-seq	GM18517	adult	CELL_LINE	encode
ATAC	32	CLO:0024898 ATAC-seq	ATAC-seq	GM18520	adult	CELL_LINE	encode
ATAC	33	CLO:0024919 ATAC-seq	ATAC-seq	GM18508	adult	CELL_LINE	encode
ATAC	34	CLO:0024933 ATAC-seq	ATAC-seq	GM18499	adult	CELL_LINE	encode
ATAC	35	CLO:0024937 ATAC-seq	ATAC-seq	GM18498	adult	CELL_LINE	encode
ATAC	36	CLO:0025816 ATAC-seq	ATAC-seq	GM19035	adult	CELL_LINE	encode
ATAC	37	CLO:0026238 ATAC-seq	ATAC-seq	GM18907	adult	CELL_LINE	encode
ATAC	38	CLO:0026245 ATAC-seq	ATAC-seq	GM18873	adult	CELL_LINE	encode
ATAC	39	CLO:0026249 ATAC-seq	ATAC-seq	GM18870	adult	CELL_LINE	encode
ATAC	40	CLO:0026250 ATAC-seq	ATAC-seq	GM18867	adult	CELL_LINE	encode
ATAC	41	CLO:0026253 ATAC-seq	ATAC-seq	GM18868	adult	CELL_LINE	encode
ATAC	42	CLO:0026256 ATAC-seq	ATAC-seq	GM18861	adult	CELL_LINE	encode
ATAC	43	CLO:0026258 ATAC-seq	ATAC-seq	GM18858	adult	CELL_LINE	encode
ATAC	44	CLO:0026782 ATAC-seq	ATAC-seq	GM19397	adult	CELL_LINE	encode
ATAC	45	CLO:0026790 ATAC-seq	ATAC-seq	GM19395	adult	CELL_LINE	encode
ATAC	46	CLO:0026824 ATAC-seq	ATAC-seq	GM19438	adult	CELL_LINE	encode
ATAC	47	CLO:0026846 ATAC-seq	ATAC-seq	GM19452	adult	CELL_LINE	encode
ATAC	48	CLO:0026863 ATAC-seq	ATAC-seq	GM19455	adult	CELL_LINE	encode
ATAC	49	CLO:0026874 ATAC-seq	ATAC-seq	GM19463	adult	CELL_LINE	encode
ATAC	50	CLO:0026877 ATAC-seq	ATAC-seq	GM19467	adult	CELL_LINE	encode
ATAC	51	CLO:0027429 ATAC-seq	ATAC-seq	GM19372	adult	CELL_LINE	encode
ATAC	52	CLO:0027432 ATAC-seq	ATAC-seq	GM19351	adult	CELL_LINE	encode
ATAC	53	CLO:0027443 ATAC-seq	ATAC-seq	GM19324	adult	CELL_LINE	encode
ATAC	54	CLO:0027445 ATAC-seq	ATAC-seq	GM19328	adult	CELL_LINE	encode
ATAC	55	EFO:0001086 ATAC-seq	ATAC-seq	A549	adult	CELL_LINE	encode
ATAC	56	EFO:0001187 ATAC-seq	ATAC-seq	HepG2	child	CELL_LINE	encode
ATAC	57	EFO:0001196 ATAC-seq	ATAC-seq	IMR-90	embryonic	CELL_LINE	encode
ATAC	58	EFO:0001203 ATAC-seq	ATAC-seq	MCF-7	adult	CELL_LINE	encode
ATAC	59	EFO:0001221 ATAC-seq	ATAC-seq	NCI-H929	adult	CELL_LINE	encode
ATAC	60	EFO:0002067 ATAC-seq	ATAC-seq	K562	adult	CELL_LINE	encode
ATAC	61	EFO:0002074 ATAC-seq	ATAC-seq	PC-3	adult	CELL_LINE	encode
ATAC	62	EFO:0002713 ATAC-seq	ATAC-seq	Panc1	adult	CELL_LINE	encode
ATAC	63	EFO:0002784 ATAC-seq	ATAC-seq	GM12878	adult	CELL_LINE	encode
ATAC	64	EFO:0002824 ATAC-seq	ATAC-seq	HCT116	adult	CELL_LINE	encode
ATAC	65	EFO:0005332 ATAC-seq	ATAC-seq	GM18505	adult	CELL_LINE	encode
ATAC	66	EFO:0007074 ATAC-seq	ATAC-seq	DND-41	child	CELL_LINE	encode
ATAC	67	EFO:0007610 ATAC-seq	ATAC-seq	RWPE2	unknown	CELL_LINE	encode
ATAC	68	EFO:0007950 ATAC-seq	ATAC-seq	GM23338	adult	CELL_LINE	encode
ATAC	69	EFO:0009747 ATAC-seq	ATAC-seq	WTC11	adult	CELL_LINE	encode
ATAC	70	EFO:0010835 ATAC-seq	ATAC-seq	GM19023	adult	CELL_LINE	encode
ATAC	71	EFO:0010836 ATAC-seq	ATAC-seq	GM19025	adult	CELL_LINE	encode
ATAC	72	EFO:0010837 ATAC-seq	ATAC-seq	GM19043	adult	CELL_LINE	encode
ATAC	73	EFO:0010838 ATAC-seq	ATAC-seq	GM21515	adult	CELL_LINE	encode
ATAC	74	EFO:0010839 ATAC-seq	ATAC-seq	GM21737	adult	CELL_LINE	encode
ATAC	75	EFO:0010840 ATAC-seq	ATAC-seq	GM21786	adult	CELL_LINE	encode
ATAC	76	EFO:0010841 ATAC-seq	ATAC-seq	HG02571	adult	CELL_LINE	encode
ATAC	77	EFO:0010842 ATAC-seq	ATAC-seq	HG02588	adult	CELL_LINE	encode
ATAC	78	EFO:0010843 ATAC-seq	ATAC-seq	HG02610	adult	CELL_LINE	encode
ATAC	79	EFO:0010844 ATAC-seq	ATAC-seq	HG02623	adult	CELL_LINE	encode
ATAC	80	EFO:0010846 ATAC-seq	ATAC-seq	HG02678	adult	CELL_LINE	encode
ATAC	81	EFO:0010847 ATAC-seq	ATAC-seq	HG02759	adult	CELL_LINE	encode
ATAC	82	EFO:0010848 ATAC-seq	ATAC-seq	HG02763	adult	CELL_LINE	encode
ATAC	83	EFO:0010850 ATAC-seq	ATAC-seq	HG02840	adult	CELL_LINE	encode
ATAC	84	EFO:0010851 ATAC-seq	ATAC-seq	HG02852	adult	CELL_LINE	encode
ATAC	85	EFO:0010852 ATAC-seq	ATAC-seq	HG02870	adult	CELL_LINE	encode
ATAC	86	EFO:0010853 ATAC-seq	ATAC-seq	HG02884	adult	CELL_LINE	encode
ATAC	87	EFO:0010855 ATAC-seq	ATAC-seq	HG02938	adult	CELL_LINE	encode
ATAC	88	EFO:0010856 ATAC-seq	ATAC-seq	HG02943	adult	CELL_LINE	encode
ATAC	89	EFO:0010857 ATAC-seq	ATAC-seq	HG02970	adult	CELL_LINE	encode
ATAC	90	EFO:0010858 ATAC-seq	ATAC-seq	HG02973	adult	CELL_LINE	encode
ATAC	91	EFO:0010859 ATAC-seq	ATAC-seq	HG02981	adult	CELL_LINE	encode
ATAC	92	EFO:0010860 ATAC-seq	ATAC-seq	HG03025	adult	CELL_LINE	encode
ATAC	93	EFO:0010861 ATAC-seq	ATAC-seq	HG03039	adult	CELL_LINE	encode
ATAC	94	EFO:0010862 ATAC-seq	ATAC-seq	HG03045	adult	CELL_LINE	encode
ATAC	95	EFO:0010863 ATAC-seq	ATAC-seq	HG03060	adult	CELL_LINE	encode
ATAC	96	EFO:0010864 ATAC-seq	ATAC-seq	HG03064	adult	CELL_LINE	encode
ATAC	97	EFO:0010865 ATAC-seq	ATAC-seq	HG03066	adult	CELL_LINE	encode
ATAC	98	EFO:0010866 ATAC-seq	ATAC-seq	HG03095	adult	CELL_LINE	encode
ATAC	99	EFO:0010867 ATAC-seq	ATAC-seq	HG03097	adult	CELL_LINE	encode
ATAC	100	EFO:0010868 ATAC-seq	ATAC-seq	HG03103	adult	CELL_LINE	encode
ATAC	101	EFO:0010869 ATAC-seq	ATAC-seq	HG03108	adult	CELL_LINE	encode
ATAC	102	EFO:0010870 ATAC-seq	ATAC-seq	HG03135	adult	CELL_LINE	encode
ATAC	103	EFO:0010871 ATAC-seq	ATAC-seq	HG03139	adult	CELL_LINE	encode
ATAC	104	EFO:0010872 ATAC-seq	ATAC-seq	HG03159	adult	CELL_LINE	encode
ATAC	105	EFO:0010873 ATAC-seq	ATAC-seq	HG03175	adult	CELL_LINE	encode
ATAC	106	EFO:0010874 ATAC-seq	ATAC-seq	HG03196	adult	CELL_LINE	encode
ATAC	107	EFO:0010875 ATAC-seq	ATAC-seq	HG03280	adult	CELL_LINE	encode
ATAC	108	EFO:0010876 ATAC-seq	ATAC-seq	HG03342	adult	CELL_LINE	encode
ATAC	109	EFO:0010878 ATAC-seq	ATAC-seq	HG03378	adult	CELL_LINE	encode
ATAC	110	EFO:0010879 ATAC-seq	ATAC-seq	HG03432	adult	CELL_LINE	encode
ATAC	111	EFO:0010880 ATAC-seq	ATAC-seq	HG03439	adult	CELL_LINE	encode
ATAC	112	EFO:0010881 ATAC-seq	ATAC-seq	HG03442	adult	CELL_LINE	encode
ATAC	113	EFO:0010882 ATAC-seq	ATAC-seq	HG03457	adult	CELL_LINE	encode
ATAC	114	EFO:0010883 ATAC-seq	ATAC-seq	HG03460	adult	CELL_LINE	encode
ATAC	115	EFO:0010884 ATAC-seq	ATAC-seq	HG03469	adult	CELL_LINE	encode
ATAC	116	EFO:0010885 ATAC-seq	ATAC-seq	HG03520	adult	CELL_LINE	encode
ATAC	117	EFO:0010886 ATAC-seq	ATAC-seq	HG03521	adult	CELL_LINE	encode
ATAC	118	EFO:0010888 ATAC-seq	ATAC-seq	HG03565	adult	CELL_LINE	encode
ATAC	119	EFO:0010889 ATAC-seq	ATAC-seq	HG03571	adult	CELL_LINE	encode
ATAC	120	NTR:0000491 ATAC-seq	ATAC-seq	Right ventricle myocardium inferior	adult	TISSUE	encode
ATAC	121	NTR:0000492 ATAC-seq	ATAC-seq	Right ventricle myocardium superior	adult	TISSUE	encode
ATAC	122	NTR:0000494 ATAC-seq	ATAC-seq	left ventricle myocardium superior	adult	TISSUE	encode
ATAC	123	UBERON:0000056 ATAC-seq	ATAC-seq	ureter	adult	TISSUE	encode
ATAC	124	UBERON:0000317 ATAC-seq	ATAC-seq	colonic mucosa	adult	TISSUE	encode
ATAC	125	UBERON:0000945 ATAC-seq	ATAC-seq	stomach	adult	TISSUE	encode
ATAC	126	UBERON:0000992 ATAC-seq	ATAC-seq	ovary	adult	TISSUE	encode
ATAC	127	UBERON:0000995 ATAC-seq	ATAC-seq	uterus	adult	TISSUE	encode
ATAC	128	UBERON:0001072 ATAC-seq	ATAC-seq	posterior vena cava	adult	TISSUE	encode
ATAC	129	UBERON:0001114 ATAC-seq	ATAC-seq	right lobe of liver	adult	TISSUE	encode
ATAC	130	UBERON:0001115 ATAC-seq	ATAC-seq	left lobe of liver	adult	TISSUE	encode
ATAC	131	UBERON:0001150 ATAC-seq	ATAC-seq	body of pancreas	adult	TISSUE	encode
ATAC	132	UBERON:0001157 ATAC-seq	ATAC-seq	transverse colon	adult	TISSUE	encode
ATAC	133	UBERON:0001159 ATAC-seq	ATAC-seq	sigmoid colon	adult	TISSUE	encode
ATAC	134	UBERON:0001259 ATAC-seq	ATAC-seq	mucosa of urinary bladder	adult	TISSUE	encode
ATAC	135	UBERON:0001264 ATAC-seq	ATAC-seq	pancreas	adult	TISSUE	encode
ATAC	136	UBERON:0001322 ATAC-seq	ATAC-seq	sciatic nerve	adult	TISSUE	encode
ATAC	137	UBERON:0002046 ATAC-seq	ATAC-seq	thyroid gland	adult	TISSUE	encode
ATAC	138	UBERON:0002048 ATAC-seq	ATAC-seq	lung	adult	TISSUE	encode
ATAC	139	UBERON:0002078 ATAC-seq	ATAC-seq	right cardiac atrium	adult	TISSUE	encode
ATAC	140	UBERON:0002079 ATAC-seq	ATAC-seq	left cardiac atrium	adult	TISSUE	encode
ATAC	141	UBERON:0002080 ATAC-seq	ATAC-seq	heart right ventricle	adult	TISSUE	encode
ATAC	142	UBERON:0002084 ATAC-seq	ATAC-seq	heart left ventricle	adult	TISSUE	encode
ATAC	143	UBERON:0002099 ATAC-seq	ATAC-seq	cardiac septum	adult	TISSUE	encode
ATAC	144	UBERON:0002106 ATAC-seq	ATAC-seq	spleen	adult	TISSUE	encode
ATAC	145	UBERON:0002107 ATAC-seq	ATAC-seq	liver	adult	TISSUE	encode
ATAC	146	UBERON:0002113 ATAC-seq	ATAC-seq	kidney	adult	TISSUE	encode
ATAC	147	UBERON:0002168 ATAC-seq	ATAC-seq	left lung	child	TISSUE	encode
ATAC	148	UBERON:0002170 ATAC-seq	ATAC-seq	upper lobe of right lung	adult	TISSUE	encode
ATAC	149	UBERON:0002171 ATAC-seq	ATAC-seq	lower lobe of right lung	adult	TISSUE	encode
ATAC	150	UBERON:0002190 ATAC-seq	ATAC-seq	subcutaneous adipose tissue	adult	TISSUE	encode
ATAC	151	UBERON:0002369 ATAC-seq	ATAC-seq	adrenal gland	adult	TISSUE	encode
ATAC	152	UBERON:0002394 ATAC-seq	ATAC-seq	bile duct	adult	TISSUE	encode
ATAC	153	UBERON:0002469 ATAC-seq	ATAC-seq	esophagus mucosa	adult	TISSUE	encode
ATAC	154	UBERON:0003889 ATAC-seq	ATAC-seq	fallopian tube	adult	TISSUE	encode
ATAC	155	UBERON:0004550 ATAC-seq	ATAC-seq	gastroesophageal sphincter	adult	TISSUE	encode
ATAC	156	UBERON:0004992 ATAC-seq	ATAC-seq	mucosa of descending colon	adult	TISSUE	encode
ATAC	157	UBERON:0005033 ATAC-seq	ATAC-seq	mucosa of gallbladder	child	TISSUE	encode
ATAC	158	UBERON:0007610 ATAC-seq	ATAC-seq	tibial artery	adult	TISSUE	encode
ATAC	159	UBERON:0008367 ATAC-seq	ATAC-seq	breast epithelium	adult	TISSUE	encode
ATAC	160	UBERON:0008450 ATAC-seq	ATAC-seq	psoas muscle	adult	TISSUE	encode
ATAC	161	UBERON:0008952 ATAC-seq	ATAC-seq	upper lobe of left lung	adult	TISSUE	encode
ATAC	162	UBERON:0008953 ATAC-seq	ATAC-seq	lower lobe of left lung	adult	TISSUE	encode
ATAC	163	UBERON:0008971 ATAC-seq	ATAC-seq	left colon	adult	TISSUE	encode
ATAC	164	UBERON:0010414 ATAC-seq	ATAC-seq	omental fat pad	adult	TISSUE	encode
ATAC	165	UBERON:0011907 ATAC-seq	ATAC-seq	gastrocnemius medialis	adult	TISSUE	encode
ATAC	166	UBERON:0015143 ATAC-seq	ATAC-seq	mesenteric fat pad	adult	TISSUE	encode
ATAC	167	Padding					
ATAC	168	Padding					
ATAC	169	Padding					
ATAC	170	Padding					
ATAC	171	Padding					
ATAC	172	Padding					
ATAC	173	Padding					
ATAC	174	Padding					
ATAC	175	Padding					
ATAC	176	Padding					
ATAC	177	Padding					
ATAC	178	Padding					
ATAC	179	Padding					
ATAC	180	Padding					
ATAC	181	Padding					
ATAC	182	Padding					
ATAC	183	Padding					
ATAC	184	Padding					
ATAC	185	Padding					
ATAC	186	Padding					
ATAC	187	Padding					
ATAC	188	Padding					
ATAC	189	Padding					
ATAC	190	Padding					
ATAC	191	Padding					
ATAC	192	Padding					
ATAC	193	Padding					
ATAC	194	Padding					
ATAC	195	Padding					
ATAC	196	Padding					
ATAC	197	Padding					
ATAC	198	Padding					
ATAC	199	Padding					
ATAC	200	Padding					
ATAC	201	Padding					
ATAC	202	Padding					
ATAC	203	Padding					
ATAC	204	Padding					
ATAC	205	Padding					
ATAC	206	Padding					
ATAC	207	Padding					
ATAC	208	Padding					
ATAC	209	Padding					
ATAC	210	Padding					
ATAC	211	Padding					
ATAC	212	Padding					
ATAC	213	Padding					
ATAC	214	Padding					
ATAC	215	Padding					
ATAC	216	Padding					
ATAC	217	Padding					
ATAC	218	Padding					
ATAC	219	Padding					
ATAC	220	Padding					
ATAC	221	Padding					
ATAC	222	Padding					
ATAC	223	Padding					
ATAC	224	Padding					
ATAC	225	Padding					
ATAC	226	Padding					
ATAC	227	Padding					
ATAC	228	Padding					
ATAC	229	Padding					
ATAC	230	Padding					
ATAC	231	Padding					
ATAC	232	Padding					
ATAC	233	Padding					
ATAC	234	Padding					
ATAC	235	Padding					
ATAC	236	Padding					
ATAC	237	Padding					
ATAC	238	Padding					
ATAC	239	Padding					
ATAC	240	Padding					
ATAC	241	Padding					
ATAC	242	Padding					
ATAC	243	Padding					
ATAC	244	Padding					
ATAC	245	Padding					
ATAC	246	Padding					
ATAC	247	Padding					
ATAC	248	Padding					
ATAC	249	Padding					
ATAC	250	Padding					
ATAC	251	Padding					
ATAC	252	Padding					
ATAC	253	Padding					
ATAC	254	Padding					
ATAC	255	Padding					
CAGE	0	LQhCAGE CL:0000077	LQhCAGE	mesothelial cell		PRIMARY_CELL	fantom
CAGE	1	LQhCAGE CL:0000136	LQhCAGE	fat cell		PRIMARY_CELL	fantom
CAGE	2	LQhCAGE CL:0000767	LQhCAGE	basophil		PRIMARY_CELL	fantom
CAGE	3	LQhCAGE CL:0000771	LQhCAGE	eosinophil		PRIMARY_CELL	fantom
CAGE	4	LQhCAGE CL:0000775	LQhCAGE	neutrophil		PRIMARY_CELL	fantom
CAGE	5	LQhCAGE CL:0000784	LQhCAGE	plasmacytoid dendritic cell		PRIMARY_CELL	fantom
CAGE	6	LQhCAGE CL:0000840	LQhCAGE	immature conventional dendritic cell		PRIMARY_CELL	fantom
CAGE	7	LQhCAGE CL:0000895	LQhCAGE	naive thymus-derived CD4-positive, alpha-beta T cell		PRIMARY_CELL	fantom
CAGE	8	LQhCAGE CL:0002092	LQhCAGE	bone marrow cell		PRIMARY_CELL	fantom
CAGE	9	LQhCAGE CL:0002166	LQhCAGE	epithelial cell of Malassez		PRIMARY_CELL	fantom
CAGE	10	LQhCAGE CL:0002167	LQhCAGE	olfactory epithelial cell		PRIMARY_CELL	fantom
CAGE	11	LQhCAGE CL:0002193	LQhCAGE	myelocyte		PRIMARY_CELL	fantom
CAGE	12	LQhCAGE CL:0002397	LQhCAGE	CD14-positive, CD16-positive monocyte		PRIMARY_CELL	fantom
CAGE	13	LQhCAGE CL:0002677	LQhCAGE	naive regulatory T cell		PRIMARY_CELL	fantom
CAGE	14	LQhCAGE UBERON:0012168	LQhCAGE	umbilical cord blood		PRIMARY_CELL	fantom
CAGE	15	hCAGE CL:0000047	hCAGE	neuronal stem cell		PRIMARY_CELL	fantom
CAGE	16	hCAGE CL:0000062	hCAGE	osteoblast		PRIMARY_CELL	fantom
CAGE	17	hCAGE CL:0000077	hCAGE	mesothelial cell		PRIMARY_CELL	fantom
CAGE	18	hCAGE CL:0000097	hCAGE	mast cell		PRIMARY_CELL	fantom
CAGE	19	hCAGE CL:0000134	hCAGE	mesenchymal cell		PRIMARY_CELL	fantom
CAGE	20	hCAGE CL:0000138	hCAGE	chondrocyte		PRIMARY_CELL	fantom
CAGE	21	hCAGE CL:0000182	hCAGE	hepatocyte		PRIMARY_CELL	fantom
CAGE	22	hCAGE CL:0000188	hCAGE	cell of skeletal muscle		PRIMARY_CELL	fantom
CAGE	23	hCAGE CL:0000214	hCAGE	synovial cell		PRIMARY_CELL	fantom
CAGE	24	hCAGE CL:0000216	hCAGE	Sertoli cell		PRIMARY_CELL	fantom
CAGE	25	hCAGE CL:0000235	hCAGE	macrophage		PRIMARY_CELL	fantom
CAGE	26	hCAGE CL:0000307	hCAGE	tracheal epithelial cell		PRIMARY_CELL	fantom
CAGE	27	hCAGE CL:0000312	hCAGE	keratinocyte		PRIMARY_CELL	fantom
CAGE	28	hCAGE CL:0000322	hCAGE	pneumocyte		PRIMARY_CELL	fantom
CAGE	29	hCAGE CL:0000388	hCAGE	tendon cell		PRIMARY_CELL	fantom
CAGE	30	hCAGE CL:0000453	hCAGE	Langerhans cell		PRIMARY_CELL	fantom
CAGE	31	hCAGE CL:0000515	hCAGE	skeletal muscle myoblast		PRIMARY_CELL	fantom
CAGE	32	hCAGE CL:0000540	hCAGE	neuron		PRIMARY_CELL	fantom
CAGE	33	hCAGE CL:0000558	hCAGE	reticulocyte		PRIMARY_CELL	fantom
CAGE	34	hCAGE CL:0000569	hCAGE	cardiac mesenchymal cell		PRIMARY_CELL	fantom
CAGE	35	hCAGE CL:0000575	hCAGE	corneal epithelial cell		PRIMARY_CELL	fantom
CAGE	36	hCAGE CL:0000576	hCAGE	monocyte		PRIMARY_CELL	fantom
CAGE	37	hCAGE CL:0000594	hCAGE	skeletal muscle satellite cell		PRIMARY_CELL	fantom
CAGE	38	hCAGE CL:0000623	hCAGE	natural killer cell		PRIMARY_CELL	fantom
CAGE	39	hCAGE CL:0000650	hCAGE	mesangial cell		PRIMARY_CELL	fantom
CAGE	40	hCAGE CL:0000708	hCAGE	leptomeningeal cell		PRIMARY_CELL	fantom
CAGE	41	hCAGE CL:0000731	hCAGE	urothelial cell		PRIMARY_CELL	fantom
CAGE	42	hCAGE CL:0000746	hCAGE	cardiac muscle cell		PRIMARY_CELL	fantom
CAGE	43	hCAGE CL:0000767	hCAGE	basophil		PRIMARY_CELL	fantom
CAGE	44	hCAGE CL:0000775	hCAGE	neutrophil		PRIMARY_CELL	fantom
CAGE	45	hCAGE CL:0000784	hCAGE	plasmacytoid dendritic cell		PRIMARY_CELL	fantom
CAGE	46	hCAGE CL:0000798	hCAGE	gamma-delta T cell		PRIMARY_CELL	fantom
CAGE	47	hCAGE CL:0000840	hCAGE	immature conventional dendritic cell		PRIMARY_CELL	fantom
CAGE	48	hCAGE CL:0001016	hCAGE	immature CD1a-positive Langerhans cell		PRIMARY_CELL	fantom
CAGE	49	hCAGE CL:0002057	hCAGE	CD14-positive, CD16-negative classical monocyte		PRIMARY_CELL	fantom
CAGE	50	hCAGE CL:0002138	hCAGE	endothelial cell of lymphatic vessel		PRIMARY_CELL	fantom
CAGE	51	hCAGE CL:0002140	hCAGE	acinar cell of sebaceous gland		PRIMARY_CELL	fantom
CAGE	52	hCAGE CL:0002144	hCAGE	capillary endothelial cell		PRIMARY_CELL	fantom
CAGE	53	hCAGE CL:0002166	hCAGE	epithelial cell of Malassez		PRIMARY_CELL	fantom
CAGE	54	hCAGE CL:0002167	hCAGE	olfactory epithelial cell		PRIMARY_CELL	fantom
CAGE	55	hCAGE CL:0002188	hCAGE	glomerular endothelial cell		PRIMARY_CELL	fantom
CAGE	56	hCAGE CL:0002224	hCAGE	lens epithelial cell		PRIMARY_CELL	fantom
CAGE	57	hCAGE CL:0002231	hCAGE	epithelial cell of prostate		PRIMARY_CELL	fantom
CAGE	58	hCAGE CL:0002252	hCAGE	epithelial cell of esophagus		PRIMARY_CELL	fantom
CAGE	59	hCAGE CL:0002304	hCAGE	non-pigmented ciliary epithelial cell		PRIMARY_CELL	fantom
CAGE	60	hCAGE CL:0002306	hCAGE	epithelial cell of proximal tubule		PRIMARY_CELL	fantom
CAGE	61	hCAGE CL:0002327	hCAGE	mammary gland epithelial cell		PRIMARY_CELL	fantom
CAGE	62	hCAGE CL:0002328	hCAGE	bronchial epithelial cell		PRIMARY_CELL	fantom
CAGE	63	hCAGE CL:0002363	hCAGE	keratocyte		PRIMARY_CELL	fantom
CAGE	64	hCAGE CL:0002367	hCAGE	trabecular meshwork cell		PRIMARY_CELL	fantom
CAGE	65	hCAGE CL:0002368	hCAGE	respiratory epithelial cell		PRIMARY_CELL	fantom
CAGE	66	hCAGE CL:0002372	hCAGE	myotube		PRIMARY_CELL	fantom
CAGE	67	hCAGE CL:0002397	hCAGE	CD14-positive, CD16-positive monocyte		PRIMARY_CELL	fantom
CAGE	68	hCAGE CL:0002453	hCAGE	oligodendrocyte precursor cell		PRIMARY_CELL	fantom
CAGE	69	hCAGE CL:0002504	hCAGE	enteric smooth muscle cell		PRIMARY_CELL	fantom
CAGE	70	hCAGE CL:0002521	hCAGE	subcutaneous fat cell		PRIMARY_CELL	fantom
CAGE	71	hCAGE CL:0002536	hCAGE	amniotic epithelial cell		PRIMARY_CELL	fantom
CAGE	72	hCAGE CL:0002537	hCAGE	amnion mesenchymal stem cell		PRIMARY_CELL	fantom
CAGE	73	hCAGE CL:0002539	hCAGE	aortic smooth muscle cell		PRIMARY_CELL	fantom
CAGE	74	hCAGE CL:0002540	hCAGE	mesenchymal stem cell of the bone marrow		PRIMARY_CELL	fantom
CAGE	75	hCAGE CL:0002543	hCAGE	vein endothelial cell		PRIMARY_CELL	fantom
CAGE	76	hCAGE CL:0002544	hCAGE	aortic endothelial cell		PRIMARY_CELL	fantom
CAGE	77	hCAGE CL:0002545	hCAGE	thoracic aorta endothelial cell		PRIMARY_CELL	fantom
CAGE	78	hCAGE CL:0002547	hCAGE	fibroblast of the aortic adventitia		PRIMARY_CELL	fantom
CAGE	79	hCAGE CL:0002548	hCAGE	cardiac fibroblast		PRIMARY_CELL	fantom
CAGE	80	hCAGE CL:0002549	hCAGE	fibroblast of choroid plexus		PRIMARY_CELL	fantom
CAGE	81	hCAGE CL:0002550	hCAGE	fibroblast of the conjuctiva		PRIMARY_CELL	fantom
CAGE	82	hCAGE CL:0002551	hCAGE	fibroblast of dermis		PRIMARY_CELL	fantom
CAGE	83	hCAGE CL:0002552	hCAGE	fibroblast of gingiva		PRIMARY_CELL	fantom
CAGE	84	hCAGE CL:0002553	hCAGE	lung fibroblast		PRIMARY_CELL	fantom
CAGE	85	hCAGE CL:0002554	hCAGE	fibroblast of lymphatic vessel		PRIMARY_CELL	fantom
CAGE	86	hCAGE CL:0002555	hCAGE	fibroblast of mammary gland		PRIMARY_CELL	fantom
CAGE	87	hCAGE CL:0002556	hCAGE	fibroblast of periodontium		PRIMARY_CELL	fantom
CAGE	88	hCAGE CL:0002557	hCAGE	fibroblast of pulmonary artery		PRIMARY_CELL	fantom
CAGE	89	hCAGE CL:0002558	hCAGE	fibroblast of villous mesenchyme		PRIMARY_CELL	fantom
CAGE	90	hCAGE CL:0002561	hCAGE	outer root sheath cell		PRIMARY_CELL	fantom
CAGE	91	hCAGE CL:0002563	hCAGE	intestinal epithelial cell		PRIMARY_CELL	fantom
CAGE	92	hCAGE CL:0002564	hCAGE	nucleus pulposus cell of intervertebral disc		PRIMARY_CELL	fantom
CAGE	93	hCAGE CL:0002565	hCAGE	iris pigment epithelial cell		PRIMARY_CELL	fantom
CAGE	94	hCAGE CL:0002566	hCAGE	dark melanocyte		PRIMARY_CELL	fantom
CAGE	95	hCAGE CL:0002567	hCAGE	light melanocyte		PRIMARY_CELL	fantom
CAGE	96	hCAGE CL:0002568	hCAGE	mesenchymal stem cell of Wharton\'s jelly		PRIMARY_CELL	fantom
CAGE	97	hCAGE CL:0002569	hCAGE	mesenchymal stem cell of umbilical cord		PRIMARY_CELL	fantom
CAGE	98	hCAGE CL:0002570	hCAGE	mesenchymal stem cell of adipose		PRIMARY_CELL	fantom
CAGE	99	hCAGE CL:0002571	hCAGE	hepatic mesenchymal stem cell		PRIMARY_CELL	fantom
CAGE	100	hCAGE CL:0002572	hCAGE	vertebral mesenchymal stem cell		PRIMARY_CELL	fantom
CAGE	101	hCAGE CL:0002573	hCAGE	Schwann cell		PRIMARY_CELL	fantom
CAGE	102	hCAGE CL:0002574	hCAGE	stromal cell of pancreas		PRIMARY_CELL	fantom
CAGE	103	hCAGE CL:0002575	hCAGE	central nervous system pericyte		PRIMARY_CELL	fantom
CAGE	104	hCAGE CL:0002576	hCAGE	perineural cell		PRIMARY_CELL	fantom
CAGE	105	hCAGE CL:0002577	hCAGE	placental epithelial cell		PRIMARY_CELL	fantom
CAGE	106	hCAGE CL:0002579	hCAGE	omentum preadipocyte		PRIMARY_CELL	fantom
CAGE	107	hCAGE CL:0002580	hCAGE	preadipocyte of the breast		PRIMARY_CELL	fantom
CAGE	108	hCAGE CL:0002581	hCAGE	perirenal preadipocyte		PRIMARY_CELL	fantom
CAGE	109	hCAGE CL:0002582	hCAGE	visceral preadipocyte		PRIMARY_CELL	fantom
CAGE	110	hCAGE CL:0002583	hCAGE	subcutaneous preadipocyte		PRIMARY_CELL	fantom
CAGE	111	hCAGE CL:0002584	hCAGE	renal cortical epithelial cell		PRIMARY_CELL	fantom
CAGE	112	hCAGE CL:0002586	hCAGE	retinal pigment epithelial cell		PRIMARY_CELL	fantom
CAGE	113	hCAGE CL:0002588	hCAGE	smooth muscle cell of the umbilical vein		PRIMARY_CELL	fantom
CAGE	114	hCAGE CL:0002589	hCAGE	smooth muscle cell of the brachiocephalic vasculature		PRIMARY_CELL	fantom
CAGE	115	hCAGE CL:0002590	hCAGE	smooth muscle cell of the brain vasculature		PRIMARY_CELL	fantom
CAGE	116	hCAGE CL:0002591	hCAGE	smooth muscle cell of the pulmonary artery		PRIMARY_CELL	fantom
CAGE	117	hCAGE CL:0002592	hCAGE	smooth muscle cell of the coronary artery		PRIMARY_CELL	fantom
CAGE	118	hCAGE CL:0002593	hCAGE	smooth muscle cell of the internal thoracic artery		PRIMARY_CELL	fantom
CAGE	119	hCAGE CL:0002594	hCAGE	smooth muscle cell of the umbilical artery		PRIMARY_CELL	fantom
CAGE	120	hCAGE CL:0002595	hCAGE	smooth muscle cell of the subclavian artery		PRIMARY_CELL	fantom
CAGE	121	hCAGE CL:0002596	hCAGE	smooth muscle cell of the carotid artery		PRIMARY_CELL	fantom
CAGE	122	hCAGE CL:0002597	hCAGE	smooth muscle cell of bladder		PRIMARY_CELL	fantom
CAGE	123	hCAGE CL:0002598	hCAGE	bronchial smooth muscle cell		PRIMARY_CELL	fantom
CAGE	124	hCAGE CL:0002599	hCAGE	smooth muscle cell of the esophagus		PRIMARY_CELL	fantom
CAGE	125	hCAGE CL:0002600	hCAGE	smooth muscle cell of trachea		PRIMARY_CELL	fantom
CAGE	126	hCAGE CL:0002601	hCAGE	uterine smooth muscle cell		PRIMARY_CELL	fantom
CAGE	127	hCAGE CL:0002602	hCAGE	annulus pulposus cell		PRIMARY_CELL	fantom
CAGE	128	hCAGE CL:0002603	hCAGE	astrocyte of the cerebellum		PRIMARY_CELL	fantom
CAGE	129	hCAGE CL:0002605	hCAGE	astrocyte of the cerebral cortex		PRIMARY_CELL	fantom
CAGE	130	hCAGE CL:0002615	hCAGE	adipocyte of omentum tissue		PRIMARY_CELL	fantom
CAGE	131	hCAGE CL:0002616	hCAGE	perirenal adipocyte cell		PRIMARY_CELL	fantom
CAGE	132	hCAGE CL:0002617	hCAGE	adipocyte of breast		PRIMARY_CELL	fantom
CAGE	133	hCAGE CL:0002618	hCAGE	endothelial cell of umbilical vein		PRIMARY_CELL	fantom
CAGE	134	hCAGE CL:0002620	hCAGE	skin fibroblast		PRIMARY_CELL	fantom
CAGE	135	hCAGE CL:0002621	hCAGE	gingival epithelial cell		PRIMARY_CELL	fantom
CAGE	136	hCAGE CL:0002622	hCAGE	prostate stromal cell		PRIMARY_CELL	fantom
CAGE	137	hCAGE CL:0002623	hCAGE	acinar cell of salivary gland		PRIMARY_CELL	fantom
CAGE	138	hCAGE CL:0002677	hCAGE	naive regulatory T cell		PRIMARY_CELL	fantom
CAGE	139	hCAGE CL:1000280	hCAGE	smooth muscle cell of colon		PRIMARY_CELL	fantom
CAGE	140	hCAGE CL:1000413	hCAGE	endothelial cell of artery		PRIMARY_CELL	fantom
CAGE	141	hCAGE CL:1000428	hCAGE	stem cell of epidermis		PRIMARY_CELL	fantom
CAGE	142	hCAGE CL:1000487	hCAGE	smooth muscle cell of prostate		PRIMARY_CELL	fantom
CAGE	143	hCAGE CL:1000494	hCAGE	nephron tubule epithelial cell		PRIMARY_CELL	fantom
CAGE	144	hCAGE EFO:0001086	hCAGE	A549		CELL_LINE	fantom
CAGE	145	hCAGE EFO:0001099	hCAGE	Caco-2		CELL_LINE	fantom
CAGE	146	hCAGE EFO:0001182	hCAGE	HEK293		CELL_LINE	fantom
CAGE	147	hCAGE EFO:0001187	hCAGE	HepG2		CELL_LINE	fantom
CAGE	148	hCAGE EFO:0001253	hCAGE	THP-1		CELL_LINE	fantom
CAGE	149	hCAGE EFO:0002059	hCAGE	HT1080		CELL_LINE	fantom
CAGE	150	hCAGE EFO:0002067	hCAGE	K562		CELL_LINE	fantom
CAGE	151	hCAGE EFO:0002074	hCAGE	PC-3		CELL_LINE	fantom
CAGE	152	hCAGE EFO:0002101	hCAGE	A172		CELL_LINE	fantom
CAGE	153	hCAGE EFO:0002179	hCAGE	G401		CELL_LINE	fantom
CAGE	154	hCAGE EFO:0002285	hCAGE	NCI-H226		CELL_LINE	fantom
CAGE	155	hCAGE EFO:0002324	hCAGE	Raji		CELL_LINE	fantom
CAGE	156	hCAGE EFO:0002784	hCAGE	GM12878		CELL_LINE	fantom
CAGE	157	hCAGE EFO:0002791	hCAGE	HeLa-S3		CELL_LINE	fantom
CAGE	158	hCAGE EFO:0002793	hCAGE	HL-60		CELL_LINE	fantom
CAGE	159	hCAGE EFO:0002796	hCAGE	Jurkat		CELL_LINE	fantom
CAGE	160	hCAGE EFO:0002860	hCAGE	SK-N-MC		CELL_LINE	fantom
CAGE	161	hCAGE EFO:0003044	hCAGE	NCI-H460		CELL_LINE	fantom
CAGE	162	hCAGE EFO:0005441	hCAGE	DU 145		CELL_LINE	fantom
CAGE	163	hCAGE UBERON:0000002	hCAGE	uterine cervix		TISSUE	fantom
CAGE	164	hCAGE UBERON:0000007	hCAGE	pituitary gland		TISSUE	fantom
CAGE	165	hCAGE UBERON:0000014	hCAGE	zone of skin		TISSUE	fantom
CAGE	166	hCAGE UBERON:0000019	hCAGE	camera-type eye		TISSUE	fantom
CAGE	167	hCAGE UBERON:0000029	hCAGE	lymph node		TISSUE	fantom
CAGE	168	hCAGE UBERON:0000057	hCAGE	urethra		TISSUE	fantom
CAGE	169	hCAGE UBERON:0000178	hCAGE	blood		PRIMARY_CELL	fantom
CAGE	170	hCAGE UBERON:0000305	hCAGE	amnion		PRIMARY_CELL	fantom
CAGE	171	hCAGE UBERON:0000310	hCAGE	breast		TISSUE	fantom
CAGE	172	hCAGE UBERON:0000341	hCAGE	throat		TISSUE	fantom
CAGE	173	hCAGE UBERON:0000473	hCAGE	testis		TISSUE	fantom
CAGE	174	hCAGE UBERON:0000920	hCAGE	egg chorion		PRIMARY_CELL	fantom
CAGE	175	hCAGE UBERON:0000941	hCAGE	cranial nerve II		TISSUE	fantom
CAGE	176	hCAGE UBERON:0000945	hCAGE	stomach		TISSUE	fantom
CAGE	177	hCAGE UBERON:0000947	hCAGE	aorta		TISSUE	fantom
CAGE	178	hCAGE UBERON:0000948	hCAGE	heart		TISSUE	fantom
CAGE	179	hCAGE UBERON:0000955	hCAGE	brain		TISSUE	fantom
CAGE	180	hCAGE UBERON:0000966	hCAGE	retina		TISSUE	fantom
CAGE	181	hCAGE UBERON:0000988	hCAGE	pons		TISSUE	fantom
CAGE	182	hCAGE UBERON:0000989	hCAGE	penis		TISSUE	fantom
CAGE	183	hCAGE UBERON:0000992	hCAGE	female gonad		TISSUE	fantom
CAGE	184	hCAGE UBERON:0000995	hCAGE	uterus		TISSUE	fantom
CAGE	185	hCAGE UBERON:0000996	hCAGE	vagina		TISSUE	fantom
CAGE	186	hCAGE UBERON:0000998	hCAGE	seminal vesicle		TISSUE	fantom
CAGE	187	hCAGE UBERON:0001000	hCAGE	vas deferens		TISSUE	fantom
CAGE	188	hCAGE UBERON:0001013	hCAGE	adipose tissue		TISSUE	fantom
CAGE	189	hCAGE UBERON:0001043	hCAGE	esophagus		TISSUE	fantom
CAGE	190	hCAGE UBERON:0001044	hCAGE	saliva-secreting gland		TISSUE	fantom
CAGE	191	hCAGE UBERON:0001052	hCAGE	rectum		TISSUE	fantom
CAGE	192	hCAGE UBERON:0001103	hCAGE	diaphragm		TISSUE	fantom
CAGE	193	hCAGE UBERON:0001134	hCAGE	skeletal muscle tissue		TISSUE	fantom
CAGE	194	hCAGE UBERON:0001135	hCAGE	smooth muscle tissue		TISSUE	fantom
CAGE	195	hCAGE UBERON:0001154	hCAGE	vermiform appendix		TISSUE	fantom
CAGE	196	hCAGE UBERON:0001155	hCAGE	colon		TISSUE	fantom
CAGE	197	hCAGE UBERON:0001255	hCAGE	urinary bladder		TISSUE	fantom
CAGE	198	hCAGE UBERON:0001264	hCAGE	pancreas		TISSUE	fantom
CAGE	199	hCAGE UBERON:0001301	hCAGE	epididymis		TISSUE	fantom
CAGE	200	hCAGE UBERON:0001359	hCAGE	cerebrospinal fluid		TISSUE	fantom
CAGE	201	hCAGE UBERON:0001389	hCAGE	soleus muscle		TISSUE	fantom
CAGE	202	hCAGE UBERON:0001602	hCAGE	medial rectus extraocular muscle		TISSUE	fantom
CAGE	203	hCAGE UBERON:0001603	hCAGE	lateral rectus extra-ocular muscle		TISSUE	fantom
CAGE	204	hCAGE UBERON:0001637	hCAGE	artery		TISSUE	fantom
CAGE	205	hCAGE UBERON:0001638	hCAGE	vein		TISSUE	fantom
CAGE	206	hCAGE UBERON:0001723	hCAGE	tongue		TISSUE	fantom
CAGE	207	hCAGE UBERON:0001736	hCAGE	submandibular gland		TISSUE	fantom
CAGE	208	hCAGE UBERON:0001797	hCAGE	vitreous humor		TISSUE	fantom
CAGE	209	hCAGE UBERON:0001831	hCAGE	parotid gland		TISSUE	fantom
CAGE	210	hCAGE UBERON:0001870	hCAGE	frontal cortex		TISSUE	fantom
CAGE	211	hCAGE UBERON:0001871	hCAGE	temporal lobe		TISSUE	fantom
CAGE	212	hCAGE UBERON:0001872	hCAGE	parietal lobe		TISSUE	fantom
CAGE	213	hCAGE UBERON:0001873	hCAGE	caudate nucleus		TISSUE	fantom
CAGE	214	hCAGE UBERON:0001874	hCAGE	putamen		TISSUE	fantom
CAGE	215	hCAGE UBERON:0001875	hCAGE	globus pallidus		TISSUE	fantom
CAGE	216	hCAGE UBERON:0001876	hCAGE	amygdala		TISSUE	fantom
CAGE	217	hCAGE UBERON:0001882	hCAGE	nucleus accumbens		TISSUE	fantom
CAGE	218	hCAGE UBERON:0001894	hCAGE	diencephalon		TISSUE	fantom
CAGE	219	hCAGE UBERON:0001896	hCAGE	medulla oblongata		TISSUE	fantom
CAGE	220	hCAGE UBERON:0001897	hCAGE	dorsal plus ventral thalamus		TISSUE	fantom
CAGE	221	hCAGE UBERON:0001905	hCAGE	pineal body		TISSUE	fantom
CAGE	222	hCAGE UBERON:0001954	hCAGE	Ammon\'s horn		TISSUE	fantom
CAGE	223	hCAGE UBERON:0001987	hCAGE	placenta		TISSUE	fantom
CAGE	224	hCAGE UBERON:0002021	hCAGE	occipital lobe		TISSUE	fantom
CAGE	225	hCAGE UBERON:0002022	hCAGE	insula		TISSUE	fantom
CAGE	226	hCAGE UBERON:0002037	hCAGE	cerebellum		TISSUE	fantom
CAGE	227	hCAGE UBERON:0002038	hCAGE	substantia nigra		TISSUE	fantom
CAGE	228	hCAGE UBERON:0002046	hCAGE	thyroid gland		TISSUE	fantom
CAGE	229	hCAGE UBERON:0002048	hCAGE	lung		TISSUE	fantom
CAGE	230	hCAGE UBERON:0002079	hCAGE	left cardiac atrium		TISSUE	fantom
CAGE	231	hCAGE UBERON:0002084	hCAGE	heart left ventricle		TISSUE	fantom
CAGE	232	hCAGE UBERON:0002106	hCAGE	spleen		TISSUE	fantom
CAGE	233	hCAGE UBERON:0002107	hCAGE	liver		TISSUE	fantom
CAGE	234	hCAGE UBERON:0002108	hCAGE	small intestine		TISSUE	fantom
CAGE	235	hCAGE UBERON:0002110	hCAGE	gallbladder		TISSUE	fantom
CAGE	236	hCAGE UBERON:0002113	hCAGE	kidney		TISSUE	fantom
CAGE	237	hCAGE UBERON:0002114	hCAGE	duodenum		TISSUE	fantom
CAGE	238	hCAGE UBERON:0002118	hCAGE	right ovary		PRIMARY_CELL	fantom
CAGE	239	hCAGE UBERON:0002119	hCAGE	left ovary		PRIMARY_CELL	fantom
CAGE	240	hCAGE UBERON:0002134	hCAGE	tricuspid valve		TISSUE	fantom
CAGE	241	hCAGE UBERON:0002135	hCAGE	mitral valve		TISSUE	fantom
CAGE	242	hCAGE UBERON:0002146	hCAGE	pulmonary valve		TISSUE	fantom
CAGE	243	hCAGE UBERON:0002148	hCAGE	locus ceruleus		TISSUE	fantom
CAGE	244	hCAGE UBERON:0002171	hCAGE	lower lobe of right lung		TISSUE	fantom
CAGE	245	hCAGE UBERON:0002240	hCAGE	spinal cord		TISSUE	fantom
CAGE	246	hCAGE UBERON:0002331	hCAGE	umbilical cord		TISSUE	fantom
CAGE	247	hCAGE UBERON:0002336	hCAGE	corpus callosum		TISSUE	fantom
CAGE	248	hCAGE UBERON:0002360	hCAGE	meninx		TISSUE	fantom
CAGE	249	hCAGE UBERON:0002363	hCAGE	dura mater		TISSUE	fantom
CAGE	250	hCAGE UBERON:0002367	hCAGE	prostate gland		TISSUE	fantom
CAGE	251	hCAGE UBERON:0002369	hCAGE	adrenal gland		TISSUE	fantom
CAGE	252	hCAGE UBERON:0002370	hCAGE	thymus		TISSUE	fantom
CAGE	253	hCAGE UBERON:0002371	hCAGE	bone marrow		TISSUE	fantom
CAGE	254	hCAGE UBERON:0002372	hCAGE	tonsil		TISSUE	fantom
CAGE	255	hCAGE UBERON:0002448	hCAGE	fungiform papilla		TISSUE	fantom
CAGE	256	hCAGE UBERON:0002581	hCAGE	postcentral gyrus		TISSUE	fantom
CAGE	257	hCAGE UBERON:0002702	hCAGE	middle frontal gyrus		TISSUE	fantom
CAGE	258	hCAGE UBERON:0002771	hCAGE	middle temporal gyrus		TISSUE	fantom
CAGE	259	hCAGE UBERON:0002902	hCAGE	occipital pole		TISSUE	fantom
CAGE	260	hCAGE UBERON:0003112	hCAGE	olfactory region		TISSUE	fantom
CAGE	261	hCAGE UBERON:0003126	hCAGE	trachea		TISSUE	fantom
CAGE	262	hCAGE UBERON:0003701	hCAGE	calcaneal tendon		TISSUE	fantom
CAGE	263	hCAGE UBERON:0003729	hCAGE	mouth mucosa		PRIMARY_CELL	fantom
CAGE	264	hCAGE UBERON:0004225	hCAGE	respiratory system smooth muscle		PRIMARY_CELL	fantom
CAGE	265	hCAGE UBERON:0005795	hCAGE	embryonic uterus		TISSUE	fantom
CAGE	266	hCAGE UBERON:0006322	hCAGE	inferior rectus extraocular muscle		TISSUE	fantom
CAGE	267	hCAGE UBERON:0006323	hCAGE	superior rectus extraocular muscle		TISSUE	fantom
CAGE	268	hCAGE UBERON:0006659	hCAGE	cruciate ligament of knee		TISSUE	fantom
CAGE	269	hCAGE UBERON:0007023	hCAGE	adult organism		PRIMARY_CELL	fantom
CAGE	270	hCAGE UBERON:0007190	hCAGE	paracentral gyrus		TISSUE	fantom
CAGE	271	hCAGE UBERON:0008198	hCAGE	nail plate		TISSUE	fantom
CAGE	272	hCAGE UBERON:0013777	hCAGE	skin of palm of manus		TISSUE	fantom
CAGE	273	LQhCAGE CL:0000077	LQhCAGE	mesothelial cell		PRIMARY_CELL	fantom
CAGE	274	LQhCAGE CL:0000136	LQhCAGE	fat cell		PRIMARY_CELL	fantom
CAGE	275	LQhCAGE CL:0000767	LQhCAGE	basophil		PRIMARY_CELL	fantom
CAGE	276	LQhCAGE CL:0000771	LQhCAGE	eosinophil		PRIMARY_CELL	fantom
CAGE	277	LQhCAGE CL:0000775	LQhCAGE	neutrophil		PRIMARY_CELL	fantom
CAGE	278	LQhCAGE CL:0000784	LQhCAGE	plasmacytoid dendritic cell		PRIMARY_CELL	fantom
CAGE	279	LQhCAGE CL:0000840	LQhCAGE	immature conventional dendritic cell		PRIMARY_CELL	fantom
CAGE	280	LQhCAGE CL:0000895	LQhCAGE	naive thymus-derived CD4-positive, alpha-beta T cell		PRIMARY_CELL	fantom
CAGE	281	LQhCAGE CL:0002092	LQhCAGE	bone marrow cell		PRIMARY_CELL	fantom
CAGE	282	LQhCAGE CL:0002166	LQhCAGE	epithelial cell of Malassez		PRIMARY_CELL	fantom
CAGE	283	LQhCAGE CL:0002167	LQhCAGE	olfactory epithelial cell		PRIMARY_CELL	fantom
CAGE	284	LQhCAGE CL:0002193	LQhCAGE	myelocyte		PRIMARY_CELL	fantom
CAGE	285	LQhCAGE CL:0002397	LQhCAGE	CD14-positive, CD16-positive monocyte		PRIMARY_CELL	fantom
CAGE	286	LQhCAGE CL:0002677	LQhCAGE	naive regulatory T cell		PRIMARY_CELL	fantom
CAGE	287	LQhCAGE UBERON:0012168	LQhCAGE	umbilical cord blood		PRIMARY_CELL	fantom
CAGE	288	hCAGE CL:0000047	hCAGE	neuronal stem cell		PRIMARY_CELL	fantom
CAGE	289	hCAGE CL:0000062	hCAGE	osteoblast		PRIMARY_CELL	fantom
CAGE	290	hCAGE CL:0000077	hCAGE	mesothelial cell		PRIMARY_CELL	fantom
CAGE	291	hCAGE CL:0000097	hCAGE	mast cell		PRIMARY_CELL	fantom
CAGE	292	hCAGE CL:0000134	hCAGE	mesenchymal cell		PRIMARY_CELL	fantom
CAGE	293	hCAGE CL:0000138	hCAGE	chondrocyte		PRIMARY_CELL	fantom
CAGE	294	hCAGE CL:0000182	hCAGE	hepatocyte		PRIMARY_CELL	fantom
CAGE	295	hCAGE CL:0000188	hCAGE	cell of skeletal muscle		PRIMARY_CELL	fantom
CAGE	296	hCAGE CL:0000214	hCAGE	synovial cell		PRIMARY_CELL	fantom
CAGE	297	hCAGE CL:0000216	hCAGE	Sertoli cell		PRIMARY_CELL	fantom
CAGE	298	hCAGE CL:0000235	hCAGE	macrophage		PRIMARY_CELL	fantom
CAGE	299	hCAGE CL:0000307	hCAGE	tracheal epithelial cell		PRIMARY_CELL	fantom
CAGE	300	hCAGE CL:0000312	hCAGE	keratinocyte		PRIMARY_CELL	fantom
CAGE	301	hCAGE CL:0000322	hCAGE	pneumocyte		PRIMARY_CELL	fantom
CAGE	302	hCAGE CL:0000388	hCAGE	tendon cell		PRIMARY_CELL	fantom
CAGE	303	hCAGE CL:0000453	hCAGE	Langerhans cell		PRIMARY_CELL	fantom
CAGE	304	hCAGE CL:0000515	hCAGE	skeletal muscle myoblast		PRIMARY_CELL	fantom
CAGE	305	hCAGE CL:0000540	hCAGE	neuron		PRIMARY_CELL	fantom
CAGE	306	hCAGE CL:0000558	hCAGE	reticulocyte		PRIMARY_CELL	fantom
CAGE	307	hCAGE CL:0000569	hCAGE	cardiac mesenchymal cell		PRIMARY_CELL	fantom
CAGE	308	hCAGE CL:0000575	hCAGE	corneal epithelial cell		PRIMARY_CELL	fantom
CAGE	309	hCAGE CL:0000576	hCAGE	monocyte		PRIMARY_CELL	fantom
CAGE	310	hCAGE CL:0000594	hCAGE	skeletal muscle satellite cell		PRIMARY_CELL	fantom
CAGE	311	hCAGE CL:0000623	hCAGE	natural killer cell		PRIMARY_CELL	fantom
CAGE	312	hCAGE CL:0000650	hCAGE	mesangial cell		PRIMARY_CELL	fantom
CAGE	313	hCAGE CL:0000708	hCAGE	leptomeningeal cell		PRIMARY_CELL	fantom
CAGE	314	hCAGE CL:0000731	hCAGE	urothelial cell		PRIMARY_CELL	fantom
CAGE	315	hCAGE CL:0000746	hCAGE	cardiac muscle cell		PRIMARY_CELL	fantom
CAGE	316	hCAGE CL:0000767	hCAGE	basophil		PRIMARY_CELL	fantom
CAGE	317	hCAGE CL:0000775	hCAGE	neutrophil		PRIMARY_CELL	fantom
CAGE	318	hCAGE CL:0000784	hCAGE	plasmacytoid dendritic cell		PRIMARY_CELL	fantom
CAGE	319	hCAGE CL:0000798	hCAGE	gamma-delta T cell		PRIMARY_CELL	fantom
CAGE	320	hCAGE CL:0000840	hCAGE	immature conventional dendritic cell		PRIMARY_CELL	fantom
CAGE	321	hCAGE CL:0001016	hCAGE	immature CD1a-positive Langerhans cell		PRIMARY_CELL	fantom
CAGE	322	hCAGE CL:0002057	hCAGE	CD14-positive, CD16-negative classical monocyte		PRIMARY_CELL	fantom
CAGE	323	hCAGE CL:0002138	hCAGE	endothelial cell of lymphatic vessel		PRIMARY_CELL	fantom
CAGE	324	hCAGE CL:0002140	hCAGE	acinar cell of sebaceous gland		PRIMARY_CELL	fantom
CAGE	325	hCAGE CL:0002144	hCAGE	capillary endothelial cell		PRIMARY_CELL	fantom
CAGE	326	hCAGE CL:0002166	hCAGE	epithelial cell of Malassez		PRIMARY_CELL	fantom
CAGE	327	hCAGE CL:0002167	hCAGE	olfactory epithelial cell		PRIMARY_CELL	fantom
CAGE	328	hCAGE CL:0002188	hCAGE	glomerular endothelial cell		PRIMARY_CELL	fantom
CAGE	329	hCAGE CL:0002224	hCAGE	lens epithelial cell		PRIMARY_CELL	fantom
CAGE	330	hCAGE CL:0002231	hCAGE	epithelial cell of prostate		PRIMARY_CELL	fantom
CAGE	331	hCAGE CL:0002252	hCAGE	epithelial cell of esophagus		PRIMARY_CELL	fantom
CAGE	332	hCAGE CL:0002304	hCAGE	non-pigmented ciliary epithelial cell		PRIMARY_CELL	fantom
CAGE	333	hCAGE CL:0002306	hCAGE	epithelial cell of proximal tubule		PRIMARY_CELL	fantom
CAGE	334	hCAGE CL:0002327	hCAGE	mammary gland epithelial cell		PRIMARY_CELL	fantom
CAGE	335	hCAGE CL:0002328	hCAGE	bronchial epithelial cell		PRIMARY_CELL	fantom
CAGE	336	hCAGE CL:0002363	hCAGE	keratocyte		PRIMARY_CELL	fantom
CAGE	337	hCAGE CL:0002367	hCAGE	trabecular meshwork cell		PRIMARY_CELL	fantom
CAGE	338	hCAGE CL:0002368	hCAGE	respiratory epithelial cell		PRIMARY_CELL	fantom
CAGE	339	hCAGE CL:0002372	hCAGE	myotube		PRIMARY_CELL	fantom
CAGE	340	hCAGE CL:0002397	hCAGE	CD14-positive, CD16-positive monocyte		PRIMARY_CELL	fantom
CAGE	341	hCAGE CL:0002453	hCAGE	oligodendrocyte precursor cell		PRIMARY_CELL	fantom
CAGE	342	hCAGE CL:0002504	hCAGE	enteric smooth muscle cell		PRIMARY_CELL	fantom
CAGE	343	hCAGE CL:0002521	hCAGE	subcutaneous fat cell		PRIMARY_CELL	fantom
CAGE	344	hCAGE CL:0002536	hCAGE	amniotic epithelial cell		PRIMARY_CELL	fantom
CAGE	345	hCAGE CL:0002537	hCAGE	amnion mesenchymal stem cell		PRIMARY_CELL	fantom
CAGE	346	hCAGE CL:0002539	hCAGE	aortic smooth muscle cell		PRIMARY_CELL	fantom
CAGE	347	hCAGE CL:0002540	hCAGE	mesenchymal stem cell of the bone marrow		PRIMARY_CELL	fantom
CAGE	348	hCAGE CL:0002543	hCAGE	vein endothelial cell		PRIMARY_CELL	fantom
CAGE	349	hCAGE CL:0002544	hCAGE	aortic endothelial cell		PRIMARY_CELL	fantom
CAGE	350	hCAGE CL:0002545	hCAGE	thoracic aorta endothelial cell		PRIMARY_CELL	fantom
CAGE	351	hCAGE CL:0002547	hCAGE	fibroblast of the aortic adventitia		PRIMARY_CELL	fantom
CAGE	352	hCAGE CL:0002548	hCAGE	cardiac fibroblast		PRIMARY_CELL	fantom
CAGE	353	hCAGE CL:0002549	hCAGE	fibroblast of choroid plexus		PRIMARY_CELL	fantom
CAGE	354	hCAGE CL:0002550	hCAGE	fibroblast of the conjuctiva		PRIMARY_CELL	fantom
CAGE	355	hCAGE CL:0002551	hCAGE	fibroblast of dermis		PRIMARY_CELL	fantom
CAGE	356	hCAGE CL:0002552	hCAGE	fibroblast of gingiva		PRIMARY_CELL	fantom
CAGE	357	hCAGE CL:0002553	hCAGE	lung fibroblast		PRIMARY_CELL	fantom
CAGE	358	hCAGE CL:0002554	hCAGE	fibroblast of lymphatic vessel		PRIMARY_CELL	fantom
CAGE	359	hCAGE CL:0002555	hCAGE	fibroblast of mammary gland		PRIMARY_CELL	fantom
CAGE	360	hCAGE CL:0002556	hCAGE	fibroblast of periodontium		PRIMARY_CELL	fantom
CAGE	361	hCAGE CL:0002557	hCAGE	fibroblast of pulmonary artery		PRIMARY_CELL	fantom
CAGE	362	hCAGE CL:0002558	hCAGE	fibroblast of villous mesenchyme		PRIMARY_CELL	fantom
CAGE	363	hCAGE CL:0002561	hCAGE	outer root sheath cell		PRIMARY_CELL	fantom
CAGE	364	hCAGE CL:0002563	hCAGE	intestinal epithelial cell		PRIMARY_CELL	fantom
CAGE	365	hCAGE CL:0002564	hCAGE	nucleus pulposus cell of intervertebral disc		PRIMARY_CELL	fantom
CAGE	366	hCAGE CL:0002565	hCAGE	iris pigment epithelial cell		PRIMARY_CELL	fantom
CAGE	367	hCAGE CL:0002566	hCAGE	dark melanocyte		PRIMARY_CELL	fantom
CAGE	368	hCAGE CL:0002567	hCAGE	light melanocyte		PRIMARY_CELL	fantom
CAGE	369	hCAGE CL:0002568	hCAGE	mesenchymal stem cell of Wharton\'s jelly		PRIMARY_CELL	fantom
CAGE	370	hCAGE CL:0002569	hCAGE	mesenchymal stem cell of umbilical cord		PRIMARY_CELL	fantom
CAGE	371	hCAGE CL:0002570	hCAGE	mesenchymal stem cell of adipose		PRIMARY_CELL	fantom
CAGE	372	hCAGE CL:0002571	hCAGE	hepatic mesenchymal stem cell		PRIMARY_CELL	fantom
CAGE	373	hCAGE CL:0002572	hCAGE	vertebral mesenchymal stem cell		PRIMARY_CELL	fantom
CAGE	374	hCAGE CL:0002573	hCAGE	Schwann cell		PRIMARY_CELL	fantom
CAGE	375	hCAGE CL:0002574	hCAGE	stromal cell of pancreas		PRIMARY_CELL	fantom
CAGE	376	hCAGE CL:0002575	hCAGE	central nervous system pericyte		PRIMARY_CELL	fantom
CAGE	377	hCAGE CL:0002576	hCAGE	perineural cell		PRIMARY_CELL	fantom
CAGE	378	hCAGE CL:0002577	hCAGE	placental epithelial cell		PRIMARY_CELL	fantom
CAGE	379	hCAGE CL:0002579	hCAGE	omentum preadipocyte		PRIMARY_CELL	fantom
CAGE	380	hCAGE CL:0002580	hCAGE	preadipocyte of the breast		PRIMARY_CELL	fantom
CAGE	381	hCAGE CL:0002581	hCAGE	perirenal preadipocyte		PRIMARY_CELL	fantom
CAGE	382	hCAGE CL:0002582	hCAGE	visceral preadipocyte		PRIMARY_CELL	fantom
CAGE	383	hCAGE CL:0002583	hCAGE	subcutaneous preadipocyte		PRIMARY_CELL	fantom
CAGE	384	hCAGE CL:0002584	hCAGE	renal cortical epithelial cell		PRIMARY_CELL	fantom
CAGE	385	hCAGE CL:0002586	hCAGE	retinal pigment epithelial cell		PRIMARY_CELL	fantom
CAGE	386	hCAGE CL:0002588	hCAGE	smooth muscle cell of the umbilical vein		PRIMARY_CELL	fantom
CAGE	387	hCAGE CL:0002589	hCAGE	smooth muscle cell of the brachiocephalic vasculature		PRIMARY_CELL	fantom
CAGE	388	hCAGE CL:0002590	hCAGE	smooth muscle cell of the brain vasculature		PRIMARY_CELL	fantom
CAGE	389	hCAGE CL:0002591	hCAGE	smooth muscle cell of the pulmonary artery		PRIMARY_CELL	fantom
CAGE	390	hCAGE CL:0002592	hCAGE	smooth muscle cell of the coronary artery		PRIMARY_CELL	fantom
CAGE	391	hCAGE CL:0002593	hCAGE	smooth muscle cell of the internal thoracic artery		PRIMARY_CELL	fantom
CAGE	392	hCAGE CL:0002594	hCAGE	smooth muscle cell of the umbilical artery		PRIMARY_CELL	fantom
CAGE	393	hCAGE CL:0002595	hCAGE	smooth muscle cell of the subclavian artery		PRIMARY_CELL	fantom
CAGE	394	hCAGE CL:0002596	hCAGE	smooth muscle cell of the carotid artery		PRIMARY_CELL	fantom
CAGE	395	hCAGE CL:0002597	hCAGE	smooth muscle cell of bladder		PRIMARY_CELL	fantom
CAGE	396	hCAGE CL:0002598	hCAGE	bronchial smooth muscle cell		PRIMARY_CELL	fantom
CAGE	397	hCAGE CL:0002599	hCAGE	smooth muscle cell of the esophagus		PRIMARY_CELL	fantom
CAGE	398	hCAGE CL:0002600	hCAGE	smooth muscle cell of trachea		PRIMARY_CELL	fantom
CAGE	399	hCAGE CL:0002601	hCAGE	uterine smooth muscle cell		PRIMARY_CELL	fantom
CAGE	400	hCAGE CL:0002602	hCAGE	annulus pulposus cell		PRIMARY_CELL	fantom
CAGE	401	hCAGE CL:0002603	hCAGE	astrocyte of the cerebellum		PRIMARY_CELL	fantom
CAGE	402	hCAGE CL:0002605	hCAGE	astrocyte of the cerebral cortex		PRIMARY_CELL	fantom
CAGE	403	hCAGE CL:0002615	hCAGE	adipocyte of omentum tissue		PRIMARY_CELL	fantom
CAGE	404	hCAGE CL:0002616	hCAGE	perirenal adipocyte cell		PRIMARY_CELL	fantom
CAGE	405	hCAGE CL:0002617	hCAGE	adipocyte of breast		PRIMARY_CELL	fantom
CAGE	406	hCAGE CL:0002618	hCAGE	endothelial cell of umbilical vein		PRIMARY_CELL	fantom
CAGE	407	hCAGE CL:0002620	hCAGE	skin fibroblast		PRIMARY_CELL	fantom
CAGE	408	hCAGE CL:0002621	hCAGE	gingival epithelial cell		PRIMARY_CELL	fantom
CAGE	409	hCAGE CL:0002622	hCAGE	prostate stromal cell		PRIMARY_CELL	fantom
CAGE	410	hCAGE CL:0002623	hCAGE	acinar cell of salivary gland		PRIMARY_CELL	fantom
CAGE	411	hCAGE CL:0002677	hCAGE	naive regulatory T cell		PRIMARY_CELL	fantom
CAGE	412	hCAGE CL:1000280	hCAGE	smooth muscle cell of colon		PRIMARY_CELL	fantom
CAGE	413	hCAGE CL:1000413	hCAGE	endothelial cell of artery		PRIMARY_CELL	fantom
CAGE	414	hCAGE CL:1000428	hCAGE	stem cell of epidermis		PRIMARY_CELL	fantom
CAGE	415	hCAGE CL:1000487	hCAGE	smooth muscle cell of prostate		PRIMARY_CELL	fantom
CAGE	416	hCAGE CL:1000494	hCAGE	nephron tubule epithelial cell		PRIMARY_CELL	fantom
CAGE	417	hCAGE EFO:0001086	hCAGE	A549		CELL_LINE	fantom
CAGE	418	hCAGE EFO:0001099	hCAGE	Caco-2		CELL_LINE	fantom
CAGE	419	hCAGE EFO:0001182	hCAGE	HEK293		CELL_LINE	fantom
CAGE	420	hCAGE EFO:0001187	hCAGE	HepG2		CELL_LINE	fantom
CAGE	421	hCAGE EFO:0001253	hCAGE	THP-1		CELL_LINE	fantom
CAGE	422	hCAGE EFO:0002059	hCAGE	HT1080		CELL_LINE	fantom
CAGE	423	hCAGE EFO:0002067	hCAGE	K562		CELL_LINE	fantom
CAGE	424	hCAGE EFO:0002074	hCAGE	PC-3		CELL_LINE	fantom
CAGE	425	hCAGE EFO:0002101	hCAGE	A172		CELL_LINE	fantom
CAGE	426	hCAGE EFO:0002179	hCAGE	G401		CELL_LINE	fantom
CAGE	427	hCAGE EFO:0002285	hCAGE	NCI-H226		CELL_LINE	fantom
CAGE	428	hCAGE EFO:0002324	hCAGE	Raji		CELL_LINE	fantom
CAGE	429	hCAGE EFO:0002784	hCAGE	GM12878		CELL_LINE	fantom
CAGE	430	hCAGE EFO:0002791	hCAGE	HeLa-S3		CELL_LINE	fantom
CAGE	431	hCAGE EFO:0002793	hCAGE	HL-60		CELL_LINE	fantom
CAGE	432	hCAGE EFO:0002796	hCAGE	Jurkat		CELL_LINE	fantom
CAGE	433	hCAGE EFO:0002860	hCAGE	SK-N-MC		CELL_LINE	fantom
CAGE	434	hCAGE EFO:0003044	hCAGE	NCI-H460		CELL_LINE	fantom
CAGE	435	hCAGE EFO:0005441	hCAGE	DU 145		CELL_LINE	fantom
CAGE	436	hCAGE UBERON:0000002	hCAGE	uterine cervix		TISSUE	fantom
CAGE	437	hCAGE UBERON:0000007	hCAGE	pituitary gland		TISSUE	fantom
CAGE	438	hCAGE UBERON:0000014	hCAGE	zone of skin		TISSUE	fantom
CAGE	439	hCAGE UBERON:0000019	hCAGE	camera-type eye		TISSUE	fantom
CAGE	440	hCAGE UBERON:0000029	hCAGE	lymph node		TISSUE	fantom
CAGE	441	hCAGE UBERON:0000057	hCAGE	urethra		TISSUE	fantom
CAGE	442	hCAGE UBERON:0000178	hCAGE	blood		PRIMARY_CELL	fantom
CAGE	443	hCAGE UBERON:0000305	hCAGE	amnion		PRIMARY_CELL	fantom
CAGE	444	hCAGE UBERON:0000310	hCAGE	breast		TISSUE	fantom
CAGE	445	hCAGE UBERON:0000341	hCAGE	throat		TISSUE	fantom
CAGE	446	hCAGE UBERON:0000473	hCAGE	testis		TISSUE	fantom
CAGE	447	hCAGE UBERON:0000920	hCAGE	egg chorion		PRIMARY_CELL	fantom
CAGE	448	hCAGE UBERON:0000941	hCAGE	cranial nerve II		TISSUE	fantom
CAGE	449	hCAGE UBERON:0000945	hCAGE	stomach		TISSUE	fantom
CAGE	450	hCAGE UBERON:0000947	hCAGE	aorta		TISSUE	fantom
CAGE	451	hCAGE UBERON:0000948	hCAGE	heart		TISSUE	fantom
CAGE	452	hCAGE UBERON:0000955	hCAGE	brain		TISSUE	fantom
CAGE	453	hCAGE UBERON:0000966	hCAGE	retina		TISSUE	fantom
CAGE	454	hCAGE UBERON:0000988	hCAGE	pons		TISSUE	fantom
CAGE	455	hCAGE UBERON:0000989	hCAGE	penis		TISSUE	fantom
CAGE	456	hCAGE UBERON:0000992	hCAGE	female gonad		TISSUE	fantom
CAGE	457	hCAGE UBERON:0000995	hCAGE	uterus		TISSUE	fantom
CAGE	458	hCAGE UBERON:0000996	hCAGE	vagina		TISSUE	fantom
CAGE	459	hCAGE UBERON:0000998	hCAGE	seminal vesicle		TISSUE	fantom
CAGE	460	hCAGE UBERON:0001000	hCAGE	vas deferens		TISSUE	fantom
CAGE	461	hCAGE UBERON:0001013	hCAGE	adipose tissue		TISSUE	fantom
CAGE	462	hCAGE UBERON:0001043	hCAGE	esophagus		TISSUE	fantom
CAGE	463	hCAGE UBERON:0001044	hCAGE	saliva-secreting gland		TISSUE	fantom
CAGE	464	hCAGE UBERON:0001052	hCAGE	rectum		TISSUE	fantom
CAGE	465	hCAGE UBERON:0001103	hCAGE	diaphragm		TISSUE	fantom
CAGE	466	hCAGE UBERON:0001134	hCAGE	skeletal muscle tissue		TISSUE	fantom
CAGE	467	hCAGE UBERON:0001135	hCAGE	smooth muscle tissue		TISSUE	fantom
CAGE	468	hCAGE UBERON:0001154	hCAGE	vermiform appendix		TISSUE	fantom
CAGE	469	hCAGE UBERON:0001155	hCAGE	colon		TISSUE	fantom
CAGE	470	hCAGE UBERON:0001255	hCAGE	urinary bladder		TISSUE	fantom
CAGE	471	hCAGE UBERON:0001264	hCAGE	pancreas		TISSUE	fantom
CAGE	472	hCAGE UBERON:0001301	hCAGE	epididymis		TISSUE	fantom
CAGE	473	hCAGE UBERON:0001359	hCAGE	cerebrospinal fluid		TISSUE	fantom
CAGE	474	hCAGE UBERON:0001389	hCAGE	soleus muscle		TISSUE	fantom
CAGE	475	hCAGE UBERON:0001602	hCAGE	medial rectus extraocular muscle		TISSUE	fantom
CAGE	476	hCAGE UBERON:0001603	hCAGE	lateral rectus extra-ocular muscle		TISSUE	fantom
CAGE	477	hCAGE UBERON:0001637	hCAGE	artery		TISSUE	fantom
CAGE	478	hCAGE UBERON:0001638	hCAGE	vein		TISSUE	fantom
CAGE	479	hCAGE UBERON:0001723	hCAGE	tongue		TISSUE	fantom
CAGE	480	hCAGE UBERON:0001736	hCAGE	submandibular gland		TISSUE	fantom
CAGE	481	hCAGE UBERON:0001797	hCAGE	vitreous humor		TISSUE	fantom
CAGE	482	hCAGE UBERON:0001831	hCAGE	parotid gland		TISSUE	fantom
CAGE	483	hCAGE UBERON:0001870	hCAGE	frontal cortex		TISSUE	fantom
CAGE	484	hCAGE UBERON:0001871	hCAGE	temporal lobe		TISSUE	fantom
CAGE	485	hCAGE UBERON:0001872	hCAGE	parietal lobe		TISSUE	fantom
CAGE	486	hCAGE UBERON:0001873	hCAGE	caudate nucleus		TISSUE	fantom
CAGE	487	hCAGE UBERON:0001874	hCAGE	putamen		TISSUE	fantom
CAGE	488	hCAGE UBERON:0001875	hCAGE	globus pallidus		TISSUE	fantom
CAGE	489	hCAGE UBERON:0001876	hCAGE	amygdala		TISSUE	fantom
CAGE	490	hCAGE UBERON:0001882	hCAGE	nucleus accumbens		TISSUE	fantom
CAGE	491	hCAGE UBERON:0001894	hCAGE	diencephalon		TISSUE	fantom
CAGE	492	hCAGE UBERON:0001896	hCAGE	medulla oblongata		TISSUE	fantom
CAGE	493	hCAGE UBERON:0001897	hCAGE	dorsal plus ventral thalamus		TISSUE	fantom
CAGE	494	hCAGE UBERON:0001905	hCAGE	pineal body		TISSUE	fantom
CAGE	495	hCAGE UBERON:0001954	hCAGE	Ammon\'s horn		TISSUE	fantom
CAGE	496	hCAGE UBERON:0001987	hCAGE	placenta		TISSUE	fantom
CAGE	497	hCAGE UBERON:0002021	hCAGE	occipital lobe		TISSUE	fantom
CAGE	498	hCAGE UBERON:0002022	hCAGE	insula		TISSUE	fantom
CAGE	499	hCAGE UBERON:0002037	hCAGE	cerebellum		TISSUE	fantom
CAGE	500	hCAGE UBERON:0002038	hCAGE	substantia nigra		TISSUE	fantom
CAGE	501	hCAGE UBERON:0002046	hCAGE	thyroid gland		TISSUE	fantom
CAGE	502	hCAGE UBERON:0002048	hCAGE	lung		TISSUE	fantom
CAGE	503	hCAGE UBERON:0002079	hCAGE	left cardiac atrium		TISSUE	fantom
CAGE	504	hCAGE UBERON:0002084	hCAGE	heart left ventricle		TISSUE	fantom
CAGE	505	hCAGE UBERON:0002106	hCAGE	spleen		TISSUE	fantom
CAGE	506	hCAGE UBERON:0002107	hCAGE	liver		TISSUE	fantom
CAGE	507	hCAGE UBERON:0002108	hCAGE	small intestine		TISSUE	fantom
CAGE	508	hCAGE UBERON:0002110	hCAGE	gallbladder		TISSUE	fantom
CAGE	509	hCAGE UBERON:0002113	hCAGE	kidney		TISSUE	fantom
CAGE	510	hCAGE UBERON:0002114	hCAGE	duodenum		TISSUE	fantom
CAGE	511	hCAGE UBERON:0002118	hCAGE	right ovary		PRIMARY_CELL	fantom
CAGE	512	hCAGE UBERON:0002119	hCAGE	left ovary		PRIMARY_CELL	fantom
CAGE	513	hCAGE UBERON:0002134	hCAGE	tricuspid valve		TISSUE	fantom
CAGE	514	hCAGE UBERON:0002135	hCAGE	mitral valve		TISSUE	fantom
CAGE	515	hCAGE UBERON:0002146	hCAGE	pulmonary valve		TISSUE	fantom
CAGE	516	hCAGE UBERON:0002148	hCAGE	locus ceruleus		TISSUE	fantom
CAGE	517	hCAGE UBERON:0002171	hCAGE	lower lobe of right lung		TISSUE	fantom
CAGE	518	hCAGE UBERON:0002240	hCAGE	spinal cord		TISSUE	fantom
CAGE	519	hCAGE UBERON:0002331	hCAGE	umbilical cord		TISSUE	fantom
CAGE	520	hCAGE UBERON:0002336	hCAGE	corpus callosum		TISSUE	fantom
CAGE	521	hCAGE UBERON:0002360	hCAGE	meninx		TISSUE	fantom
CAGE	522	hCAGE UBERON:0002363	hCAGE	dura mater		TISSUE	fantom
CAGE	523	hCAGE UBERON:0002367	hCAGE	prostate gland		TISSUE	fantom
CAGE	524	hCAGE UBERON:0002369	hCAGE	adrenal gland		TISSUE	fantom
CAGE	525	hCAGE UBERON:0002370	hCAGE	thymus		TISSUE	fantom
CAGE	526	hCAGE UBERON:0002371	hCAGE	bone marrow		TISSUE	fantom
CAGE	527	hCAGE UBERON:0002372	hCAGE	tonsil		TISSUE	fantom
CAGE	528	hCAGE UBERON:0002448	hCAGE	fungiform papilla		TISSUE	fantom
CAGE	529	hCAGE UBERON:0002581	hCAGE	postcentral gyrus		TISSUE	fantom
CAGE	530	hCAGE UBERON:0002702	hCAGE	middle frontal gyrus		TISSUE	fantom
CAGE	531	hCAGE UBERON:0002771	hCAGE	middle temporal gyrus		TISSUE	fantom
CAGE	532	hCAGE UBERON:0002902	hCAGE	occipital pole		TISSUE	fantom
CAGE	533	hCAGE UBERON:0003112	hCAGE	olfactory region		TISSUE	fantom
CAGE	534	hCAGE UBERON:0003126	hCAGE	trachea		TISSUE	fantom
CAGE	535	hCAGE UBERON:0003701	hCAGE	calcaneal tendon		TISSUE	fantom
CAGE	536	hCAGE UBERON:0003729	hCAGE	mouth mucosa		PRIMARY_CELL	fantom
CAGE	537	hCAGE UBERON:0004225	hCAGE	respiratory system smooth muscle		PRIMARY_CELL	fantom
CAGE	538	hCAGE UBERON:0005795	hCAGE	embryonic uterus		TISSUE	fantom
CAGE	539	hCAGE UBERON:0006322	hCAGE	inferior rectus extraocular muscle		TISSUE	fantom
CAGE	540	hCAGE UBERON:0006323	hCAGE	superior rectus extraocular muscle		TISSUE	fantom
CAGE	541	hCAGE UBERON:0006659	hCAGE	cruciate ligament of knee		TISSUE	fantom
CAGE	542	hCAGE UBERON:0007023	hCAGE	adult organism		PRIMARY_CELL	fantom
CAGE	543	hCAGE UBERON:0007190	hCAGE	paracentral gyrus		TISSUE	fantom
CAGE	544	hCAGE UBERON:0008198	hCAGE	nail plate		TISSUE	fantom
CAGE	545	hCAGE UBERON:0013777	hCAGE	skin of palm of manus		TISSUE	fantom
CAGE	546	Padding					
CAGE	547	Padding					
CAGE	548	Padding					
CAGE	549	Padding					
CAGE	550	Padding					
CAGE	551	Padding					
CAGE	552	Padding					
CAGE	553	Padding					
CAGE	554	Padding					
CAGE	555	Padding					
CAGE	556	Padding					
CAGE	557	Padding					
CAGE	558	Padding					
CAGE	559	Padding					
CAGE	560	Padding					
CAGE	561	Padding					
CAGE	562	Padding					
CAGE	563	Padding					
CAGE	564	Padding					
CAGE	565	Padding					
CAGE	566	Padding					
CAGE	567	Padding					
CAGE	568	Padding					
CAGE	569	Padding					
CAGE	570	Padding					
CAGE	571	Padding					
CAGE	572	Padding					
CAGE	573	Padding					
CAGE	574	Padding					
CAGE	575	Padding					
CAGE	576	Padding					
CAGE	577	Padding					
CAGE	578	Padding					
CAGE	579	Padding					
CAGE	580	Padding					
CAGE	581	Padding					
CAGE	582	Padding					
CAGE	583	Padding					
CAGE	584	Padding					
CAGE	585	Padding					
CAGE	586	Padding					
CAGE	587	Padding					
CAGE	588	Padding					
CAGE	589	Padding					
CAGE	590	Padding					
CAGE	591	Padding					
CAGE	592	Padding					
CAGE	593	Padding					
CAGE	594	Padding					
CAGE	595	Padding					
CAGE	596	Padding					
CAGE	597	Padding					
CAGE	598	Padding					
CAGE	599	Padding					
CAGE	600	Padding					
CAGE	601	Padding					
CAGE	602	Padding					
CAGE	603	Padding					
CAGE	604	Padding					
CAGE	605	Padding					
CAGE	606	Padding					
CAGE	607	Padding					
CAGE	608	Padding					
CAGE	609	Padding					
CAGE	610	Padding					
CAGE	611	Padding					
CAGE	612	Padding					
CAGE	613	Padding					
CAGE	614	Padding					
CAGE	615	Padding					
CAGE	616	Padding					
CAGE	617	Padding					
CAGE	618	Padding					
CAGE	619	Padding					
CAGE	620	Padding					
CAGE	621	Padding					
CAGE	622	Padding					
CAGE	623	Padding					
CAGE	624	Padding					
CAGE	625	Padding					
CAGE	626	Padding					
CAGE	627	Padding					
CAGE	628	Padding					
CAGE	629	Padding					
CAGE	630	Padding					
CAGE	631	Padding					
CAGE	632	Padding					
CAGE	633	Padding					
CAGE	634	Padding					
CAGE	635	Padding					
CAGE	636	Padding					
CAGE	637	Padding					
CAGE	638	Padding					
CAGE	639	Padding					
DNASE	0	CL:0000047 DNase-seq	DNase-seq	neuronal stem cell	embryonic	IN_VITRO_DIFFERENTIATED_CELLS	encode
DNASE	1	CL:0000084 DNase-seq	DNase-seq	T-cell	adult	PRIMARY_CELL	encode
DNASE	2	CL:0000115 DNase-seq	DNase-seq	endothelial cell	adult	IN_VITRO_DIFFERENTIATED_CELLS	encode
DNASE	3	CL:0000127 DNase-seq	DNase-seq	astrocyte	unknown	PRIMARY_CELL	encode
DNASE	4	CL:0000134 DNase-seq	DNase-seq	mesenchymal stem cell	embryonic	IN_VITRO_DIFFERENTIATED_CELLS	encode
DNASE	5	CL:0000136 DNase-seq	DNase-seq	adipocyte	unknown	IN_VITRO_DIFFERENTIATED_CELLS	encode
DNASE	6	CL:0000138 DNase-seq	DNase-seq	chondrocyte	embryonic	IN_VITRO_DIFFERENTIATED_CELLS	encode
DNASE	7	CL:0000182 DNase-seq	DNase-seq	hepatocyte	embryonic	IN_VITRO_DIFFERENTIATED_CELLS	encode
DNASE	8	CL:0000187 DNase-seq	DNase-seq	myocyte	adult	IN_VITRO_DIFFERENTIATED_CELLS	encode
DNASE	9	CL:0000188 DNase-seq	DNase-seq	skeletal muscle cell	unknown	PRIMARY_CELL	encode
DNASE	10	CL:0000223 DNase-seq	DNase-seq	endodermal cell	embryonic	IN_VITRO_DIFFERENTIATED_CELLS	encode
DNASE	11	CL:0000236 DNase-seq	DNase-seq	B cell	adult	PRIMARY_CELL	encode
DNASE	12	CL:0000312 DNase-seq	DNase-seq	keratinocyte	unknown	PRIMARY_CELL	encode
DNASE	13	CL:0000351 DNase-seq	DNase-seq	trophoblast cell	embryonic	PRIMARY_CELL	encode
DNASE	14	CL:0000515 DNase-seq	DNase-seq	skeletal muscle myoblast	unknown	PRIMARY_CELL	encode
DNASE	15	CL:0000545 DNase-seq	DNase-seq	T-helper 1 cell	adult	PRIMARY_CELL	encode
DNASE	16	CL:0000546 DNase-seq	DNase-seq	T-helper 2 cell	adult	PRIMARY_CELL	encode
DNASE	17	CL:0000623 DNase-seq	DNase-seq	natural killer cell	adult	PRIMARY_CELL	encode
DNASE	18	CL:0000624 DNase-seq	DNase-seq	CD4-positive, alpha-beta T cell	adult	PRIMARY_CELL	encode
DNASE	19	CL:0000625 DNase-seq	DNase-seq	CD8-positive, alpha-beta T cell	adult	PRIMARY_CELL	encode
DNASE	20	CL:0000632 DNase-seq	DNase-seq	hepatic stellate cell	adult	PRIMARY_CELL	encode
DNASE	21	CL:0000653 DNase-seq	DNase-seq	glomerular visceral epithelial cell	child	PRIMARY_CELL	encode
DNASE	22	CL:0000679 DNase-seq	DNase-seq	glutamatergic neuron	adult	IN_VITRO_DIFFERENTIATED_CELLS	encode
DNASE	23	CL:0000706 DNase-seq	DNase-seq	choroid plexus epithelial cell	unknown	PRIMARY_CELL	encode
DNASE	24	CL:0000746 DNase-seq	DNase-seq	cardiac muscle cell	unknown	PRIMARY_CELL	encode
DNASE	25	CL:0000787 DNase-seq	DNase-seq	memory B cell	adult	PRIMARY_CELL	encode
DNASE	26	CL:0000788 DNase-seq	DNase-seq	naive B cell	unknown	PRIMARY_CELL	encode
DNASE	27	CL:0000792 DNase-seq	DNase-seq	CD4-positive, CD25-positive, alpha-beta regulatory T cell	adult	PRIMARY_CELL	encode
DNASE	28	CL:0000823 DNase-seq	DNase-seq	immature natural killer cell	unknown	PRIMARY_CELL	encode
DNASE	29	CL:0000837 DNase-seq	DNase-seq	hematopoietic multipotent progenitor cell	adult	IN_VITRO_DIFFERENTIATED_CELLS	encode
DNASE	30	CL:0000862 DNase-seq	DNase-seq	suppressor macrophage	adult	PRIMARY_CELL	encode
DNASE	31	CL:0000863 DNase-seq	DNase-seq	inflammatory macrophage	adult	PRIMARY_CELL	encode
DNASE	32	CL:0000895 DNase-seq	DNase-seq	naive thymus-derived CD4-positive, alpha-beta T cell	adult	PRIMARY_CELL	encode
DNASE	33	CL:0000897 DNase-seq	DNase-seq	CD4-positive, alpha-beta memory T cell	adult	PRIMARY_CELL	encode
DNASE	34	CL:0000899 DNase-seq	DNase-seq	T-helper 17 cell	adult	PRIMARY_CELL	encode
DNASE	35	CL:0000900 DNase-seq	DNase-seq	naive thymus-derived CD8-positive, alpha-beta T cell	adult	PRIMARY_CELL	encode
DNASE	36	CL:0000904 DNase-seq	DNase-seq	central memory CD4-positive, alpha-beta T cell	adult	PRIMARY_CELL	encode
DNASE	37	CL:0000905 DNase-seq	DNase-seq	effector memory CD4-positive, alpha-beta T cell	adult	PRIMARY_CELL	encode
DNASE	38	CL:0000907 DNase-seq	DNase-seq	central memory CD8-positive, alpha-beta T cell	adult	PRIMARY_CELL	encode
DNASE	39	CL:0000909 DNase-seq	DNase-seq	CD8-positive, alpha-beta memory T cell	adult	PRIMARY_CELL	encode
DNASE	40	CL:0000913 DNase-seq	DNase-seq	effector memory CD8-positive, alpha-beta T cell	adult	PRIMARY_CELL	encode
DNASE	41	CL:0001042 DNase-seq	DNase-seq	T-helper 22 cell	adult	PRIMARY_CELL	encode
DNASE	42	CL:0001044 DNase-seq	DNase-seq	effector CD4-positive, alpha-beta T cell	adult	PRIMARY_CELL	encode
DNASE	43	CL:0001054 DNase-seq	DNase-seq	CD14-positive monocyte	adult	PRIMARY_CELL	encode
DNASE	44	CL:0001059 DNase-seq	DNase-seq	common myeloid progenitor, CD34-positive	adult	PRIMARY_CELL	encode
DNASE	45	CL:0002038 DNase-seq	DNase-seq	T follicular helper cell	adult	PRIMARY_CELL	encode
DNASE	46	CL:0002061 DNase-seq	DNase-seq	T-helper 9 cell	adult	PRIMARY_CELL	encode
DNASE	47	CL:0002231 DNase-seq	DNase-seq	epithelial cell of prostate	unknown	PRIMARY_CELL	encode
DNASE	48	CL:0002252 DNase-seq	DNase-seq	epithelial cell of esophagus	unknown	PRIMARY_CELL	encode
DNASE	49	CL:0002304 DNase-seq	DNase-seq	non-pigmented ciliary epithelial cell	unknown	PRIMARY_CELL	encode
DNASE	50	CL:0002306 DNase-seq	DNase-seq	epithelial cell of proximal tubule	unknown	PRIMARY_CELL	encode
DNASE	51	CL:0002327 DNase-seq	DNase-seq	mammary epithelial cell	adult	PRIMARY_CELL	encode
DNASE	52	CL:0002328 DNase-seq	DNase-seq	bronchial epithelial cell	unknown	PRIMARY_CELL	encode
DNASE	53	CL:0002351 DNase-seq	DNase-seq	progenitor cell of endocrine pancreas	embryonic	IN_VITRO_DIFFERENTIATED_CELLS	encode
DNASE	54	CL:0002372 DNase-seq	DNase-seq	myotube	unknown	IN_VITRO_DIFFERENTIATED_CELLS	encode
DNASE	55	CL:0002518 DNase-seq	DNase-seq	kidney epithelial cell	unknown	PRIMARY_CELL	encode
DNASE	56	CL:0002536 DNase-seq	DNase-seq	amniotic epithelial cell	unknown	PRIMARY_CELL	encode
DNASE	57	CL:0002547 DNase-seq	DNase-seq	fibroblast of the aortic adventitia	unknown	PRIMARY_CELL	encode
DNASE	58	CL:0002548 DNase-seq	DNase-seq	cardiac fibroblast	adult	PRIMARY_CELL	encode
DNASE	59	CL:0002550 DNase-seq	DNase-seq	fibroblast of the conjunctiva	unknown	PRIMARY_CELL	encode
DNASE	60	CL:0002551 DNase-seq	DNase-seq	fibroblast of dermis	adult	PRIMARY_CELL	encode
DNASE	61	CL:0002552 DNase-seq	DNase-seq	fibroblast of gingiva	unknown	PRIMARY_CELL	encode
DNASE	62	CL:0002553 DNase-seq	DNase-seq	fibroblast of lung	adult	PRIMARY_CELL	encode
DNASE	63	CL:0002555 DNase-seq	DNase-seq	fibroblast of mammary gland	unknown	PRIMARY_CELL	encode
DNASE	64	CL:0002557 DNase-seq	DNase-seq	fibroblast of pulmonary artery	unknown	PRIMARY_CELL	encode
DNASE	65	CL:0002558 DNase-seq	DNase-seq	fibroblast of villous mesenchyme	unknown	PRIMARY_CELL	encode
DNASE	66	CL:0002565 DNase-seq	DNase-seq	iris pigment epithelial cell	unknown	PRIMARY_CELL	encode
DNASE	67	CL:0002584 DNase-seq	DNase-seq	renal cortical epithelial cell	unknown	PRIMARY_CELL	encode
DNASE	68	CL:0002586 DNase-seq	DNase-seq	retinal pigment epithelial cell	unknown	PRIMARY_CELL	encode
DNASE	69	CL:0002590 DNase-seq	DNase-seq	smooth muscle cell of the brain vasculature	unknown	PRIMARY_CELL	encode
DNASE	70	CL:0002603 DNase-seq	DNase-seq	astrocyte of the cerebellum	unknown	PRIMARY_CELL	encode
DNASE	71	CL:0002604 DNase-seq	DNase-seq	astrocyte of the hippocampus	unknown	PRIMARY_CELL	encode
DNASE	72	CL:0002606 DNase-seq	DNase-seq	astrocyte of the spinal cord	unknown	PRIMARY_CELL	encode
DNASE	73	CL:0002618 DNase-seq	DNase-seq	endothelial cell of umbilical vein	newborn	PRIMARY_CELL	encode
DNASE	74	CL:0010001 DNase-seq	DNase-seq	stromal cell of bone marrow	unknown	PRIMARY_CELL	encode
DNASE	75	CL:0011012 DNase-seq	DNase-seq	neural crest cell	embryonic	IN_VITRO_DIFFERENTIATED_CELLS	encode
DNASE	76	CL:0011019 DNase-seq	DNase-seq	mesothelial cell of epicardium	embryonic	IN_VITRO_DIFFERENTIATED_CELLS	encode
DNASE	77	CL:0011020 DNase-seq	DNase-seq	neural progenitor cell	embryonic	IN_VITRO_DIFFERENTIATED_CELLS	encode
DNASE	78	CL:0011021 DNase-seq	DNase-seq	fibroblast of upper back skin	embryonic	PRIMARY_CELL	encode
DNASE	79	CL:0011022 DNase-seq	DNase-seq	fibroblast of skin of back	embryonic	PRIMARY_CELL	encode
DNASE	80	CL:1000507 DNase-seq	DNase-seq	kidney tubule cell	adult	PRIMARY_CELL	encode
DNASE	81	CL:1000892 DNase-seq	DNase-seq	kidney capillary endothelial cell	embryonic	PRIMARY_CELL	encode
DNASE	82	CL:1001568 DNase-seq	DNase-seq	pulmonary artery endothelial cell	unknown	PRIMARY_CELL	encode
DNASE	83	CL:1001606 DNase-seq	DNase-seq	foreskin keratinocyte	newborn	PRIMARY_CELL	encode
DNASE	84	CL:1001608 DNase-seq	DNase-seq	foreskin fibroblast	newborn	PRIMARY_CELL	encode
DNASE	85	CL:2000000 DNase-seq	DNase-seq	epidermal melanocyte	unknown	PRIMARY_CELL	encode
DNASE	86	CL:2000010 DNase-seq	DNase-seq	dermis blood vessel endothelial cell	newborn	PRIMARY_CELL	encode
DNASE	87	CL:2000013 DNase-seq	DNase-seq	fibroblast of skin of abdomen	embryonic	PRIMARY_CELL	encode
DNASE	88	CL:2000016 DNase-seq	DNase-seq	lung microvascular endothelial cell	unknown	PRIMARY_CELL	encode
DNASE	89	CL:2000017 DNase-seq	DNase-seq	fibroblast of peridontal ligament	unknown	PRIMARY_CELL	encode
DNASE	90	CL:2000041 DNase-seq	DNase-seq	dermis microvascular lymphatic vessel endothelial cell	unknown	PRIMARY_CELL	encode
DNASE	91	CL:2000043 DNase-seq	DNase-seq	brain pericyte	unknown	PRIMARY_CELL	encode
DNASE	92	CL:2000044 DNase-seq	DNase-seq	brain microvascular endothelial cell	unknown	PRIMARY_CELL	encode
DNASE	93	CL:2000045 DNase-seq	DNase-seq	foreskin melanocyte	newborn	PRIMARY_CELL	encode
DNASE	94	CLO:0003771 DNase-seq	DNase-seq	HK-2	unknown	CELL_LINE	encode
DNASE	95	CLO:0007045 DNase-seq	DNase-seq	Jurkat, Clone E6-1	child	CELL_LINE	encode
DNASE	96	CLO:0011092 DNase-seq	DNase-seq	AG20443	adult	CELL_LINE	encode
DNASE	97	CLO:0016536 DNase-seq	DNase-seq	GM03348	child	CELL_LINE	encode
DNASE	98	CLO:0018812 DNase-seq	DNase-seq	GM04504	adult	CELL_LINE	encode
DNASE	99	CLO:0018813 DNase-seq	DNase-seq	GM04503	adult	CELL_LINE	encode
DNASE	100	CLO:0021511 DNase-seq	DNase-seq	AG10803	adult	CELL_LINE	encode
DNASE	101	CLO:0021752 DNase-seq	DNase-seq	AG09309	adult	CELL_LINE	encode
DNASE	102	CLO:0021754 DNase-seq	DNase-seq	AG09319	adult	CELL_LINE	encode
DNASE	103	CLO:0033902 DNase-seq	DNase-seq	AG08396	adult	CELL_LINE	encode
DNASE	104	CLO:0033911 DNase-seq	DNase-seq	AG08395	adult	CELL_LINE	encode
DNASE	105	CLO:0034837 DNase-seq	DNase-seq	AG04449	embryonic	CELL_LINE	encode
DNASE	106	EFO:0000681 DNase-seq	DNase-seq	RCC	adult	CELL_LINE	encode
DNASE	107	EFO:0001086 DNase-seq	DNase-seq	A549	unknown	CELL_LINE	encode
DNASE	108	EFO:0001099 DNase-seq	DNase-seq	Caco-2	adult	CELL_LINE	encode
DNASE	109	EFO:0001187 DNase-seq	DNase-seq	HepG2	child	CELL_LINE	encode
DNASE	110	EFO:0001193 DNase-seq	DNase-seq	HT-29	adult	CELL_LINE	encode
DNASE	111	EFO:0001196 DNase-seq	DNase-seq	IMR-90	embryonic	CELL_LINE	encode
DNASE	112	EFO:0001200 DNase-seq	DNase-seq	MCF 10A	adult	CELL_LINE	encode
DNASE	113	EFO:0001203 DNase-seq	DNase-seq	MCF-7	adult	CELL_LINE	encode
DNASE	114	EFO:0001221 DNase-seq	DNase-seq	NCI-H929	adult	CELL_LINE	encode
DNASE	115	EFO:0001232 DNase-seq	DNase-seq	RKO	unknown	CELL_LINE	encode
DNASE	116	EFO:0001247 DNase-seq	DNase-seq	T47D	adult	CELL_LINE	encode
DNASE	117	EFO:0002059 DNase-seq	DNase-seq	HT1080	adult	CELL_LINE	encode
DNASE	118	EFO:0002067 DNase-seq	DNase-seq	K562	adult	CELL_LINE	encode
DNASE	119	EFO:0002074 DNase-seq	DNase-seq	PC-3	adult	CELL_LINE	encode
DNASE	120	EFO:0002083 DNase-seq	DNase-seq	SW480	adult	CELL_LINE	encode
DNASE	121	EFO:0002101 DNase-seq	DNase-seq	A172	adult	CELL_LINE	encode
DNASE	122	EFO:0002106 DNase-seq	DNase-seq	A673	child	CELL_LINE	encode
DNASE	123	EFO:0002108 DNase-seq	DNase-seq	ACHN	adult	CELL_LINE	encode
DNASE	124	EFO:0002140 DNase-seq	DNase-seq	COLO829	adult	CELL_LINE	encode
DNASE	125	EFO:0002150 DNase-seq	DNase-seq	Caki2	adult	CELL_LINE	encode
DNASE	126	EFO:0002179 DNase-seq	DNase-seq	G401	child	CELL_LINE	encode
DNASE	127	EFO:0002184 DNase-seq	DNase-seq	H4	adult	CELL_LINE	encode
DNASE	128	EFO:0002234 DNase-seq	DNase-seq	MG63	child	CELL_LINE	encode
DNASE	129	EFO:0002246 DNase-seq	DNase-seq	NAMALWA	child	CELL_LINE	encode
DNASE	130	EFO:0002285 DNase-seq	DNase-seq	NCI-H226	adult	CELL_LINE	encode
DNASE	131	EFO:0002322 DNase-seq	DNase-seq	RPMI8226	adult	CELL_LINE	encode
DNASE	132	EFO:0002323 DNase-seq	DNase-seq	RWPE1	adult	CELL_LINE	encode
DNASE	133	EFO:0002330 DNase-seq	DNase-seq	SJSA1	adult	CELL_LINE	encode
DNASE	134	EFO:0002713 DNase-seq	DNase-seq	Panc1	adult	CELL_LINE	encode
DNASE	135	EFO:0002779 DNase-seq	DNase-seq	BJ	newborn	CELL_LINE	encode
DNASE	136	EFO:0002783 DNase-seq	DNase-seq	GM06990	unknown	CELL_LINE	encode
DNASE	137	EFO:0002784 DNase-seq	DNase-seq	GM12878	adult	CELL_LINE	encode
DNASE	138	EFO:0002785 DNase-seq	DNase-seq	GM12891	unknown	CELL_LINE	encode
DNASE	139	EFO:0002788 DNase-seq	DNase-seq	GM19238	unknown	CELL_LINE	encode
DNASE	140	EFO:0002789 DNase-seq	DNase-seq	GM19239	unknown	CELL_LINE	encode
DNASE	141	EFO:0002790 DNase-seq	DNase-seq	GM19240	unknown	CELL_LINE	encode
DNASE	142	EFO:0002791 DNase-seq	DNase-seq	HeLa-S3	adult	CELL_LINE	encode
DNASE	143	EFO:0002793 DNase-seq	DNase-seq	HL-60	adult	CELL_LINE	encode
DNASE	144	EFO:0002798 DNase-seq	DNase-seq	NB4	adult	CELL_LINE	encode
DNASE	145	EFO:0002819 DNase-seq	DNase-seq	Calu3	adult	CELL_LINE	encode
DNASE	146	EFO:0002824 DNase-seq	DNase-seq	HCT116	adult	CELL_LINE	encode
DNASE	147	EFO:0002847 DNase-seq	DNase-seq	PC-9	unknown	CELL_LINE	encode
DNASE	148	EFO:0002860 DNase-seq	DNase-seq	SK-N-MC	child	CELL_LINE	encode
DNASE	149	EFO:0003037 DNase-seq	DNase-seq	CMK	child	CELL_LINE	encode
DNASE	150	EFO:0003042 DNase-seq	DNase-seq	H1	embryonic	CELL_LINE	encode
DNASE	151	EFO:0003044 DNase-seq	DNase-seq	NCI-H460	unknown	CELL_LINE	encode
DNASE	152	EFO:0003045 DNase-seq	DNase-seq	H9	embryonic	CELL_LINE	encode
DNASE	153	EFO:0003072 DNase-seq	DNase-seq	SK-N-SH	child	CELL_LINE	encode
DNASE	154	EFO:0005236 DNase-seq	DNase-seq	NT2/D1	unknown	CELL_LINE	encode
DNASE	155	EFO:0005282 DNase-seq	DNase-seq	HS-5	adult	CELL_LINE	encode
DNASE	156	EFO:0005283 DNase-seq	DNase-seq	HS-27A	adult	CELL_LINE	encode
DNASE	157	EFO:0005337 DNase-seq	DNase-seq	GM12864	unknown	CELL_LINE	encode
DNASE	158	EFO:0005338 DNase-seq	DNase-seq	GM12865	unknown	CELL_LINE	encode
DNASE	159	EFO:0005345 DNase-seq	DNase-seq	GM13976	unknown	CELL_LINE	encode
DNASE	160	EFO:0005352 DNase-seq	DNase-seq	GM20000	child	CELL_LINE	encode
DNASE	161	EFO:0005384 DNase-seq	DNase-seq	HuH-7	adult	CELL_LINE	encode
DNASE	162	EFO:0005696 DNase-seq	DNase-seq	D721Med	child	CELL_LINE	encode
DNASE	163	EFO:0005697 DNase-seq	DNase-seq	M059J	adult	CELL_LINE	encode
DNASE	164	EFO:0005698 DNase-seq	DNase-seq	Daoy	child	CELL_LINE	encode
DNASE	165	EFO:0005704 DNase-seq	DNase-seq	HuH-7.5	adult	CELL_LINE	encode
DNASE	166	EFO:0005707 DNase-seq	DNase-seq	RCC 7860	adult	CELL_LINE	encode
DNASE	167	EFO:0005709 DNase-seq	DNase-seq	HTR-8/SVneo	embryonic	CELL_LINE	encode
DNASE	168	EFO:0005710 DNase-seq	DNase-seq	HFF-Myc	newborn	CELL_LINE	encode
DNASE	169	EFO:0005712 DNase-seq	DNase-seq	RPMI7951	adult	CELL_LINE	encode
DNASE	170	EFO:0005714 DNase-seq	DNase-seq	LHCN-M2	adult	CELL_LINE	encode
DNASE	171	EFO:0005715 DNase-seq	DNase-seq	WERI-Rb-1	child	CELL_LINE	encode
DNASE	172	EFO:0005719 DNase-seq	DNase-seq	Karpas-422	adult	CELL_LINE	encode
DNASE	173	EFO:0005720 DNase-seq	DNase-seq	SK-MEL-5	adult	CELL_LINE	encode
DNASE	174	EFO:0005721 DNase-seq	DNase-seq	SK-N-DZ	child	CELL_LINE	encode
DNASE	175	EFO:0005722 DNase-seq	DNase-seq	SJCRH30	child	CELL_LINE	encode
DNASE	176	EFO:0005723 DNase-seq	DNase-seq	GM23248	adult	CELL_LINE	encode
DNASE	177	EFO:0005724 DNase-seq	DNase-seq	MM.1S	adult	CELL_LINE	encode
DNASE	178	EFO:0005725 DNase-seq	DNase-seq	BE2C	child	CELL_LINE	encode
DNASE	179	EFO:0005726 DNase-seq	DNase-seq	LNCaP clone FGC	adult	CELL_LINE	encode
DNASE	180	EFO:0005901 DNase-seq	DNase-seq	ELF-1	embryonic	CELL_LINE	encode
DNASE	181	EFO:0005903 DNase-seq	DNase-seq	KBM-7	adult	CELL_LINE	encode
DNASE	182	EFO:0005904 DNase-seq	DNase-seq	H7	embryonic	CELL_LINE	encode
DNASE	183	EFO:0005913 DNase-seq	DNase-seq	urothelium cell line	child	CELL_LINE	encode
DNASE	184	EFO:0006270 DNase-seq	DNase-seq	AG04450	embryonic	CELL_LINE	encode
DNASE	185	EFO:0006639 DNase-seq	DNase-seq	LoVo	adult	CELL_LINE	encode
DNASE	186	EFO:0006711 DNase-seq	DNase-seq	OCI-LY7	adult	CELL_LINE	encode
DNASE	187	EFO:0007074 DNase-seq	DNase-seq	DND-41	child	CELL_LINE	encode
DNASE	188	EFO:0007098 DNase-seq	DNase-seq	iPS DF 6.9	newborn	CELL_LINE	encode
DNASE	189	EFO:0007598 DNase-seq	DNase-seq	HAP-1	adult	CELL_LINE	encode
DNASE	190	EFO:0007599 DNase-seq	DNase-seq	L1-S8	unknown	CELL_LINE	encode
DNASE	191	EFO:0007600 DNase-seq	DNase-seq	L1-S8R	unknown	CELL_LINE	encode
DNASE	192	EFO:0007610 DNase-seq	DNase-seq	RWPE2	unknown	CELL_LINE	encode
DNASE	193	EFO:0007748 DNase-seq	DNase-seq	EH	newborn	CELL_LINE	encode
DNASE	194	EFO:0007749 DNase-seq	DNase-seq	EL	newborn	CELL_LINE	encode
DNASE	195	EFO:0007750 DNase-seq	DNase-seq	ELR	newborn	CELL_LINE	encode
DNASE	196	EFO:0007950 DNase-seq	DNase-seq	GM23338	adult	CELL_LINE	encode
DNASE	197	EFO:0007952 DNase-seq	DNase-seq	iPS-NIHi11	adult	CELL_LINE	encode
DNASE	198	EFO:0009318 DNase-seq	DNase-seq	HFFc6	newborn	CELL_LINE	encode
DNASE	199	EFO:0009500 DNase-seq	DNase-seq	HCEC 1CT	unknown	CELL_LINE	encode
DNASE	200	EFO:0009747 DNase-seq	DNase-seq	WTC11	adult	CELL_LINE	encode
DNASE	201	NTR:0000474 DNase-seq	DNase-seq	ecto neural progenitor cell	embryonic	IN_VITRO_DIFFERENTIATED_CELLS	encode
DNASE	202	NTR:0000491 DNase-seq	DNase-seq	Right ventricle myocardium inferior	adult	TISSUE	encode
DNASE	203	NTR:0000492 DNase-seq	DNase-seq	Right ventricle myocardium superior	adult	TISSUE	encode
DNASE	204	NTR:0000493 DNase-seq	DNase-seq	left ventricle myocardium inferior	adult	TISSUE	encode
DNASE	205	NTR:0000494 DNase-seq	DNase-seq	left ventricle myocardium superior	adult	TISSUE	encode
DNASE	206	NTR:0000512 DNase-seq	DNase-seq	nephron progenitor cell	embryonic	IN_VITRO_DIFFERENTIATED_CELLS	encode
DNASE	207	NTR:0000521 DNase-seq	DNase-seq	fibroblast of skin of left biceps	embryonic	PRIMARY_CELL	encode
DNASE	208	NTR:0000522 DNase-seq	DNase-seq	fibroblast of skin of left quadriceps	embryonic	PRIMARY_CELL	encode
DNASE	209	NTR:0000523 DNase-seq	DNase-seq	fibroblast of skin of right quadriceps	embryonic	PRIMARY_CELL	encode
DNASE	210	NTR:0000524 DNase-seq	DNase-seq	fibroblast of skin of scalp	embryonic	PRIMARY_CELL	encode
DNASE	211	NTR:0000525 DNase-seq	DNase-seq	fibroblast of skin of right biceps	embryonic	PRIMARY_CELL	encode
DNASE	212	NTR:0000856 DNase-seq	DNase-seq	mesendoderm	embryonic	IN_VITRO_DIFFERENTIATED_CELLS	encode
DNASE	213	NTR:0001484 DNase-seq	DNase-seq	islet precursor cell	embryonic	IN_VITRO_DIFFERENTIATED_CELLS	encode
DNASE	214	UBERON:0000056 DNase-seq	DNase-seq	ureter	adult	TISSUE	encode
DNASE	215	UBERON:0000059 DNase-seq	DNase-seq	large intestine	embryonic	TISSUE	encode
DNASE	216	UBERON:0000317 DNase-seq	DNase-seq	colonic mucosa	child	TISSUE	encode
DNASE	217	UBERON:0000473 DNase-seq	DNase-seq	testis	adult	TISSUE	encode
DNASE	218	UBERON:0000945 DNase-seq	DNase-seq	stomach	adult	TISSUE	encode
DNASE	219	UBERON:0000947 DNase-seq	DNase-seq	aorta	adult	TISSUE	encode
DNASE	220	UBERON:0000948 DNase-seq	DNase-seq	heart	embryonic	TISSUE	encode
DNASE	221	UBERON:0000955 DNase-seq	DNase-seq	brain	embryonic	TISSUE	encode
DNASE	222	UBERON:0000966 DNase-seq	DNase-seq	retina	embryonic	TISSUE	encode
DNASE	223	UBERON:0000970 DNase-seq	DNase-seq	eye	embryonic	TISSUE	encode
DNASE	224	UBERON:0000981 DNase-seq	DNase-seq	femur	embryonic	TISSUE	encode
DNASE	225	UBERON:0000988 DNase-seq	DNase-seq	pons	adult	TISSUE	encode
DNASE	226	UBERON:0000992 DNase-seq	DNase-seq	ovary	adult	TISSUE	encode
DNASE	227	UBERON:0000995 DNase-seq	DNase-seq	uterus	adult	TISSUE	encode
DNASE	228	UBERON:0001072 DNase-seq	DNase-seq	posterior vena cava	adult	TISSUE	encode
DNASE	229	UBERON:0001114 DNase-seq	DNase-seq	right lobe of liver	adult	TISSUE	encode
DNASE	230	UBERON:0001115 DNase-seq	DNase-seq	left lobe of liver	adult	TISSUE	encode
DNASE	231	UBERON:0001150 DNase-seq	DNase-seq	body of pancreas	adult	TISSUE	encode
DNASE	232	UBERON:0001157 DNase-seq	DNase-seq	transverse colon	adult	TISSUE	encode
DNASE	233	UBERON:0001159 DNase-seq	DNase-seq	sigmoid colon	adult	TISSUE	encode
DNASE	234	UBERON:0001211 DNase-seq	DNase-seq	Peyer\'s patch	adult	TISSUE	encode
DNASE	235	UBERON:0001224 DNase-seq	DNase-seq	renal pelvis	embryonic	TISSUE	encode
DNASE	236	UBERON:0001264 DNase-seq	DNase-seq	pancreas	adult	TISSUE	encode
DNASE	237	UBERON:0001322 DNase-seq	DNase-seq	sciatic nerve	adult	TISSUE	encode
DNASE	238	UBERON:0001323 DNase-seq	DNase-seq	tibial nerve	adult	TISSUE	encode
DNASE	239	UBERON:0001383 DNase-seq	DNase-seq	muscle of leg	embryonic	TISSUE	encode
DNASE	240	UBERON:0001496 DNase-seq	DNase-seq	ascending aorta	adult	TISSUE	encode
DNASE	241	UBERON:0001499 DNase-seq	DNase-seq	muscle of arm	embryonic	TISSUE	encode
DNASE	242	UBERON:0001515 DNase-seq	DNase-seq	thoracic aorta	adult	TISSUE	encode
DNASE	243	UBERON:0001621 DNase-seq	DNase-seq	coronary artery	adult	TISSUE	encode
DNASE	244	UBERON:0001723 DNase-seq	DNase-seq	tongue	embryonic	TISSUE	encode
DNASE	245	UBERON:0001774 DNase-seq	DNase-seq	muscle of trunk	embryonic	TISSUE	encode
DNASE	246	UBERON:0001870 DNase-seq	DNase-seq	frontal cortex	adult	TISSUE	encode
DNASE	247	UBERON:0001874 DNase-seq	DNase-seq	putamen	adult	TISSUE	encode
DNASE	248	UBERON:0001875 DNase-seq	DNase-seq	globus pallidus	adult	TISSUE	encode
DNASE	249	UBERON:0001954 DNase-seq	DNase-seq	Ammon\'s horn	adult	TISSUE	encode
DNASE	250	UBERON:0001987 DNase-seq	DNase-seq	placenta	embryonic	TISSUE	encode
DNASE	251	UBERON:0002037 DNase-seq	DNase-seq	cerebellum	adult	TISSUE	encode
DNASE	252	UBERON:0002046 DNase-seq	DNase-seq	thyroid gland	adult	TISSUE	encode
DNASE	253	UBERON:0002048 DNase-seq	DNase-seq	lung	embryonic	TISSUE	encode
DNASE	254	UBERON:0002078 DNase-seq	DNase-seq	right cardiac atrium	adult	TISSUE	encode
DNASE	255	UBERON:0002079 DNase-seq	DNase-seq	left cardiac atrium	adult	TISSUE	encode
DNASE	256	UBERON:0002080 DNase-seq	DNase-seq	heart right ventricle	adult	TISSUE	encode
DNASE	257	UBERON:0002084 DNase-seq	DNase-seq	heart left ventricle	adult	TISSUE	encode
DNASE	258	UBERON:0002099 DNase-seq	DNase-seq	cardiac septum	adult	TISSUE	encode
DNASE	259	UBERON:0002106 DNase-seq	DNase-seq	spleen	adult	TISSUE	encode
DNASE	260	UBERON:0002107 DNase-seq	DNase-seq	liver	embryonic	TISSUE	encode
DNASE	261	UBERON:0002108 DNase-seq	DNase-seq	small intestine	adult	TISSUE	encode
DNASE	262	UBERON:0002113 DNase-seq	DNase-seq	kidney	adult	TISSUE	encode
DNASE	263	UBERON:0002129 DNase-seq	DNase-seq	cerebellar cortex	adult	TISSUE	encode
DNASE	264	UBERON:0002167 DNase-seq	DNase-seq	right lung	embryonic	TISSUE	encode
DNASE	265	UBERON:0002168 DNase-seq	DNase-seq	left lung	adult	TISSUE	encode
DNASE	266	UBERON:0002170 DNase-seq	DNase-seq	upper lobe of right lung	adult	TISSUE	encode
DNASE	267	UBERON:0002171 DNase-seq	DNase-seq	lower lobe of right lung	adult	TISSUE	encode
DNASE	268	UBERON:0002240 DNase-seq	DNase-seq	spinal cord	embryonic	TISSUE	encode
DNASE	269	UBERON:0002324 DNase-seq	DNase-seq	muscle of back	embryonic	TISSUE	encode
DNASE	270	UBERON:0002331 DNase-seq	DNase-seq	umbilical cord	embryonic	TISSUE	encode
DNASE	271	UBERON:0002367 DNase-seq	DNase-seq	prostate gland	adult	TISSUE	encode
DNASE	272	UBERON:0002369 DNase-seq	DNase-seq	adrenal gland	adult	TISSUE	encode
DNASE	273	UBERON:0002370 DNase-seq	DNase-seq	thymus	embryonic	TISSUE	encode
DNASE	274	UBERON:0002626 DNase-seq	DNase-seq	head of caudate nucleus	adult	TISSUE	encode
DNASE	275	UBERON:0002740 DNase-seq	DNase-seq	posterior cingulate gyrus	adult	TISSUE	encode
DNASE	276	UBERON:0003124 DNase-seq	DNase-seq	chorion	unknown	TISSUE	encode
DNASE	277	UBERON:0003662 DNase-seq	DNase-seq	forelimb muscle	embryonic	TISSUE	encode
DNASE	278	UBERON:0003663 DNase-seq	DNase-seq	hindlimb muscle	embryonic	TISSUE	encode
DNASE	279	UBERON:0004264 DNase-seq	DNase-seq	lower leg skin	adult	TISSUE	encode
DNASE	280	UBERON:0004538 DNase-seq	DNase-seq	left kidney	embryonic	TISSUE	encode
DNASE	281	UBERON:0004539 DNase-seq	DNase-seq	right kidney	embryonic	TISSUE	encode
DNASE	282	UBERON:0004992 DNase-seq	DNase-seq	mucosa of descending colon	adult	TISSUE	encode
DNASE	283	UBERON:0005033 DNase-seq	DNase-seq	mucosa of gallbladder	child	TISSUE	encode
DNASE	284	UBERON:0005270 DNase-seq	DNase-seq	renal cortex interstitium	embryonic	TISSUE	encode
DNASE	285	UBERON:0006631 DNase-seq	DNase-seq	right atrium auricular region	adult	TISSUE	encode
DNASE	286	UBERON:0007610 DNase-seq	DNase-seq	tibial artery	adult	TISSUE	encode
DNASE	287	UBERON:0008367 DNase-seq	DNase-seq	breast epithelium	adult	TISSUE	encode
DNASE	288	UBERON:0008450 DNase-seq	DNase-seq	psoas muscle	adult	TISSUE	encode
DNASE	289	UBERON:0008952 DNase-seq	DNase-seq	upper lobe of left lung	adult	TISSUE	encode
DNASE	290	UBERON:0008953 DNase-seq	DNase-seq	lower lobe of left lung	adult	TISSUE	encode
DNASE	291	UBERON:0008971 DNase-seq	DNase-seq	left colon	adult	TISSUE	encode
DNASE	292	UBERON:0009834 DNase-seq	DNase-seq	dorsolateral prefrontal cortex	adult	TISSUE	encode
DNASE	293	UBERON:0010414 DNase-seq	DNase-seq	omental fat pad	adult	TISSUE	encode
DNASE	294	UBERON:0011907 DNase-seq	DNase-seq	gastrocnemius medialis	adult	TISSUE	encode
DNASE	295	UBERON:0015143 DNase-seq	DNase-seq	mesenteric fat pad	adult	TISSUE	encode
DNASE	296	UBERON:0018115 DNase-seq	DNase-seq	left renal pelvis	embryonic	TISSUE	encode
DNASE	297	UBERON:0018116 DNase-seq	DNase-seq	right renal pelvis	embryonic	TISSUE	encode
DNASE	298	UBERON:0018117 DNase-seq	DNase-seq	left renal cortex interstitium	embryonic	TISSUE	encode
DNASE	299	UBERON:0018118 DNase-seq	DNase-seq	right renal cortex interstitium	embryonic	TISSUE	encode
DNASE	300	UBERON:0036149 DNase-seq	DNase-seq	suprapubic skin	adult	TISSUE	encode
DNASE	301	UBERON:8300001 DNase-seq	DNase-seq	right forelimb	embryonic	TISSUE	encode
DNASE	302	UBERON:8300002 DNase-seq	DNase-seq	left forelimb	embryonic	TISSUE	encode
DNASE	303	UBERON:8300003 DNase-seq	DNase-seq	right hindlimb	embryonic	TISSUE	encode
DNASE	304	UBERON:8300004 DNase-seq	DNase-seq	left hindlimb	embryonic	TISSUE	encode
DNASE	305	Padding					
DNASE	306	Padding					
DNASE	307	Padding					
DNASE	308	Padding					
DNASE	309	Padding					
DNASE	310	Padding					
DNASE	311	Padding					
DNASE	312	Padding					
DNASE	313	Padding					
DNASE	314	Padding					
DNASE	315	Padding					
DNASE	316	Padding					
DNASE	317	Padding					
DNASE	318	Padding					
DNASE	319	Padding					
DNASE	320	Padding					
DNASE	321	Padding					
DNASE	322	Padding					
DNASE	323	Padding					
DNASE	324	Padding					
DNASE	325	Padding					
DNASE	326	Padding					
DNASE	327	Padding					
DNASE	328	Padding					
DNASE	329	Padding					
DNASE	330	Padding					
DNASE	331	Padding					
DNASE	332	Padding					
DNASE	333	Padding					
DNASE	334	Padding					
DNASE	335	Padding					
DNASE	336	Padding					
DNASE	337	Padding					
DNASE	338	Padding					
DNASE	339	Padding					
DNASE	340	Padding					
DNASE	341	Padding					
DNASE	342	Padding					
DNASE	343	Padding					
DNASE	344	Padding					
DNASE	345	Padding					
DNASE	346	Padding					
DNASE	347	Padding					
DNASE	348	Padding					
DNASE	349	Padding					
DNASE	350	Padding					
DNASE	351	Padding					
DNASE	352	Padding					
DNASE	353	Padding					
DNASE	354	Padding					
DNASE	355	Padding					
DNASE	356	Padding					
DNASE	357	Padding					
DNASE	358	Padding					
DNASE	359	Padding					
DNASE	360	Padding					
DNASE	361	Padding					
DNASE	362	Padding					
DNASE	363	Padding					
DNASE	364	Padding					
DNASE	365	Padding					
DNASE	366	Padding					
DNASE	367	Padding					
DNASE	368	Padding					
DNASE	369	Padding					
DNASE	370	Padding					
DNASE	371	Padding					
DNASE	372	Padding					
DNASE	373	Padding					
DNASE	374	Padding					
DNASE	375	Padding					
DNASE	376	Padding					
DNASE	377	Padding					
DNASE	378	Padding					
DNASE	379	Padding					
DNASE	380	Padding					
DNASE	381	Padding					
DNASE	382	Padding					
DNASE	383	Padding					
RNA_SEQ	0	CL:0000047 polyA plus RNA-seq	polyA plus RNA-seq	neuronal stem cell	embryonic	IN_VITRO_DIFFERENTIATED_CELLS	encode
RNA_SEQ	1	CL:0000062 total RNA-seq	total RNA-seq	osteoblast	adult	PRIMARY_CELL	encode
RNA_SEQ	2	CL:0000084 polyA plus RNA-seq	polyA plus RNA-seq	T-cell	adult	PRIMARY_CELL	encode
RNA_SEQ	3	CL:0000084 total RNA-seq	total RNA-seq	T-cell	adult	PRIMARY_CELL	encode
RNA_SEQ	4	CL:0000115 total RNA-seq	total RNA-seq	endothelial cell	adult	IN_VITRO_DIFFERENTIATED_CELLS	encode
RNA_SEQ	5	CL:0000127 total RNA-seq	total RNA-seq	astrocyte	unknown	PRIMARY_CELL	encode
RNA_SEQ	6	CL:0000134 polyA plus RNA-seq	polyA plus RNA-seq	mesenchymal stem cell	embryonic	IN_VITRO_DIFFERENTIATED_CELLS	encode
RNA_SEQ	7	CL:0000137 total RNA-seq	total RNA-seq	osteocyte	embryonic	IN_VITRO_DIFFERENTIATED_CELLS	encode
RNA_SEQ	8	CL:0000138 total RNA-seq	total RNA-seq	chondrocyte	embryonic	IN_VITRO_DIFFERENTIATED_CELLS	encode
RNA_SEQ	9	CL:0000169 total RNA-seq	total RNA-seq	type B pancreatic cell	embryonic	IN_VITRO_DIFFERENTIATED_CELLS	encode
RNA_SEQ	10	CL:0000182 total RNA-seq	total RNA-seq	hepatocyte	embryonic	IN_VITRO_DIFFERENTIATED_CELLS	encode
RNA_SEQ	11	CL:0000187 total RNA-seq	total RNA-seq	myocyte	adult	IN_VITRO_DIFFERENTIATED_CELLS	encode
RNA_SEQ	12	CL:0000192 total RNA-seq	total RNA-seq	smooth muscle cell	embryonic	IN_VITRO_DIFFERENTIATED_CELLS	encode
RNA_SEQ	13	CL:0000221 polyA plus RNA-seq	polyA plus RNA-seq	ectodermal cell	embryonic	IN_VITRO_DIFFERENTIATED_CELLS	encode
RNA_SEQ	14	CL:0000222 polyA plus RNA-seq	polyA plus RNA-seq	mesodermal cell	embryonic	IN_VITRO_DIFFERENTIATED_CELLS	encode
RNA_SEQ	15	CL:0000223 polyA plus RNA-seq	polyA plus RNA-seq	endodermal cell	embryonic	IN_VITRO_DIFFERENTIATED_CELLS	encode
RNA_SEQ	16	CL:0000223 total RNA-seq	total RNA-seq	endodermal cell	embryonic	IN_VITRO_DIFFERENTIATED_CELLS	encode
RNA_SEQ	17	CL:0000236 polyA plus RNA-seq	polyA plus RNA-seq	B cell	adult	PRIMARY_CELL	encode
RNA_SEQ	18	CL:0000236 total RNA-seq	total RNA-seq	B cell	adult	PRIMARY_CELL	encode
RNA_SEQ	19	CL:0000307 total RNA-seq	total RNA-seq	tracheal epithelial cell	adult	PRIMARY_CELL	encode
RNA_SEQ	20	CL:0000312 polyA plus RNA-seq	polyA plus RNA-seq	keratinocyte	unknown	PRIMARY_CELL	encode
RNA_SEQ	21	CL:0000346 total RNA-seq	total RNA-seq	hair follicle dermal papilla cell	adult	PRIMARY_CELL	encode
RNA_SEQ	22	CL:0000351 polyA plus RNA-seq	polyA plus RNA-seq	trophoblast cell	embryonic	IN_VITRO_DIFFERENTIATED_CELLS	encode
RNA_SEQ	23	CL:0000515 polyA plus RNA-seq	polyA plus RNA-seq	skeletal muscle myoblast	unknown	PRIMARY_CELL	encode
RNA_SEQ	24	CL:0000515 total RNA-seq	total RNA-seq	skeletal muscle myoblast	unknown	PRIMARY_CELL	encode
RNA_SEQ	25	CL:0000594 total RNA-seq	total RNA-seq	skeletal muscle satellite cell	adult	PRIMARY_CELL	encode
RNA_SEQ	26	CL:0000623 polyA plus RNA-seq	polyA plus RNA-seq	natural killer cell	adult	PRIMARY_CELL	encode
RNA_SEQ	27	CL:0000623 total RNA-seq	total RNA-seq	natural killer cell	adult	PRIMARY_CELL	encode
RNA_SEQ	28	CL:0000624 total RNA-seq	total RNA-seq	CD4-positive, alpha-beta T cell	adult	PRIMARY_CELL	encode
RNA_SEQ	29	CL:0000625 total RNA-seq	total RNA-seq	CD8-positive, alpha-beta T cell	adult	PRIMARY_CELL	encode
RNA_SEQ	30	CL:0000650 total RNA-seq	total RNA-seq	mesangial cell	unknown,embryonic	PRIMARY_CELL	encode
RNA_SEQ	31	CL:0000679 total RNA-seq	total RNA-seq	glutamatergic neuron	adult	IN_VITRO_DIFFERENTIATED_CELLS	encode
RNA_SEQ	32	CL:0000746 total RNA-seq	total RNA-seq	cardiac muscle cell	embryonic	IN_VITRO_DIFFERENTIATED_CELLS	encode
RNA_SEQ	33	CL:0000792 total RNA-seq	total RNA-seq	CD4-positive, CD25-positive, alpha-beta regulatory T cell	adult	PRIMARY_CELL	encode
RNA_SEQ	34	CL:0000837 total RNA-seq	total RNA-seq	hematopoietic multipotent progenitor cell	unknown	IN_VITRO_DIFFERENTIATED_CELLS	encode
RNA_SEQ	35	CL:0000842 total RNA-seq	total RNA-seq	mononuclear cell	adult	PRIMARY_CELL	encode
RNA_SEQ	36	CL:0000895 total RNA-seq	total RNA-seq	naive thymus-derived CD4-positive, alpha-beta T cell	adult	PRIMARY_CELL	encode
RNA_SEQ	37	CL:0000897 total RNA-seq	total RNA-seq	CD4-positive, alpha-beta memory T cell	adult	PRIMARY_CELL	encode
RNA_SEQ	38	CL:0000899 total RNA-seq	total RNA-seq	T-helper 17 cell	adult	PRIMARY_CELL	encode
RNA_SEQ	39	CL:0000900 total RNA-seq	total RNA-seq	naive thymus-derived CD8-positive, alpha-beta T cell	adult	PRIMARY_CELL	encode
RNA_SEQ	40	CL:0000909 total RNA-seq	total RNA-seq	CD8-positive, alpha-beta memory T cell	adult	PRIMARY_CELL	encode
RNA_SEQ	41	CL:0001054 polyA plus RNA-seq	polyA plus RNA-seq	CD14-positive monocyte	adult	PRIMARY_CELL	encode
RNA_SEQ	42	CL:0002098 total RNA-seq	total RNA-seq	regular cardiac myocyte	adult	PRIMARY_CELL	encode
RNA_SEQ	43	CL:0002188 total RNA-seq	total RNA-seq	glomerular endothelial cell	embryonic	PRIMARY_CELL	encode
RNA_SEQ	44	CL:0002306 total RNA-seq	total RNA-seq	epithelial cell of proximal tubule	unknown	PRIMARY_CELL	encode
RNA_SEQ	45	CL:0002319 polyA plus RNA-seq	polyA plus RNA-seq	neural cell	embryonic	IN_VITRO_DIFFERENTIATED_CELLS	encode
RNA_SEQ	46	CL:0002324 polyA plus RNA-seq	polyA plus RNA-seq	myoepithelial cell of mammary gland	adult	PRIMARY_CELL	encode
RNA_SEQ	47	CL:0002326 polyA plus RNA-seq	polyA plus RNA-seq	luminal epithelial cell of mammary gland	adult	PRIMARY_CELL	encode
RNA_SEQ	48	CL:0002327 polyA plus RNA-seq	polyA plus RNA-seq	mammary epithelial cell	adult	PRIMARY_CELL	encode
RNA_SEQ	49	CL:0002327 total RNA-seq	total RNA-seq	mammary epithelial cell	adult	PRIMARY_CELL	encode
RNA_SEQ	50	CL:0002328 total RNA-seq	total RNA-seq	bronchial epithelial cell	adult	PRIMARY_CELL	encode
RNA_SEQ	51	CL:0002351 total RNA-seq	total RNA-seq	progenitor cell of endocrine pancreas	embryonic	IN_VITRO_DIFFERENTIATED_CELLS	encode
RNA_SEQ	52	CL:0002366 total RNA-seq	total RNA-seq	myometrial cell	adult	PRIMARY_CELL	encode
RNA_SEQ	53	CL:0002368 total RNA-seq	total RNA-seq	airway epithelial cell	unknown	PRIMARY_CELL	encode
RNA_SEQ	54	CL:0002372 total RNA-seq	total RNA-seq	myotube	unknown	IN_VITRO_DIFFERENTIATED_CELLS	encode
RNA_SEQ	55	CL:0002451 polyA plus RNA-seq	polyA plus RNA-seq	mammary stem cell	adult	PRIMARY_CELL	encode
RNA_SEQ	56	CL:0002518 total RNA-seq	total RNA-seq	kidney epithelial cell	embryonic,newborn	PRIMARY_CELL	encode
RNA_SEQ	57	CL:0002539 total RNA-seq	total RNA-seq	aortic smooth muscle cell	adult	PRIMARY_CELL	encode
RNA_SEQ	58	CL:0002540 total RNA-seq	total RNA-seq	mesenchymal stem cell of the bone marrow	adult	PRIMARY_CELL	encode
RNA_SEQ	59	CL:0002543 total RNA-seq	total RNA-seq	vein endothelial cell	adult	PRIMARY_CELL	encode
RNA_SEQ	60	CL:0002545 total RNA-seq	total RNA-seq	thoracic aorta endothelial cell	adult	PRIMARY_CELL	encode
RNA_SEQ	61	CL:0002547 total RNA-seq	total RNA-seq	fibroblast of the aortic adventitia	adult	PRIMARY_CELL	encode
RNA_SEQ	62	CL:0002551 total RNA-seq	total RNA-seq	fibroblast of dermis	adult	PRIMARY_CELL	encode
RNA_SEQ	63	CL:0002553 polyA plus RNA-seq	polyA plus RNA-seq	fibroblast of lung	adult	PRIMARY_CELL	encode
RNA_SEQ	64	CL:0002553 total RNA-seq	total RNA-seq	fibroblast of lung	adult	PRIMARY_CELL	encode
RNA_SEQ	65	CL:0002558 total RNA-seq	total RNA-seq	fibroblast of villous mesenchyme	newborn	PRIMARY_CELL	encode
RNA_SEQ	66	CL:0002568 total RNA-seq	total RNA-seq	mesenchymal stem cell of Wharton\'s jelly	newborn	PRIMARY_CELL	encode
RNA_SEQ	67	CL:0002570 total RNA-seq	total RNA-seq	mesenchymal stem cell of adipose	adult	PRIMARY_CELL	encode
RNA_SEQ	68	CL:0002577 total RNA-seq	total RNA-seq	placental epithelial cell	newborn	PRIMARY_CELL	encode
RNA_SEQ	69	CL:0002583 total RNA-seq	total RNA-seq	subcutaneous preadipocyte	adult	PRIMARY_CELL	encode
RNA_SEQ	70	CL:0002584 total RNA-seq	total RNA-seq	renal cortical epithelial cell	adult	PRIMARY_CELL	encode
RNA_SEQ	71	CL:0002591 total RNA-seq	total RNA-seq	smooth muscle cell of the pulmonary artery	adult	PRIMARY_CELL	encode
RNA_SEQ	72	CL:0002592 total RNA-seq	total RNA-seq	smooth muscle cell of the coronary artery	adult	PRIMARY_CELL	encode
RNA_SEQ	73	CL:0002594 total RNA-seq	total RNA-seq	smooth muscle cell of the umbilical artery	newborn	PRIMARY_CELL	encode
RNA_SEQ	74	CL:0002597 total RNA-seq	total RNA-seq	smooth muscle cell of bladder	adult	PRIMARY_CELL	encode
RNA_SEQ	75	CL:0002598 total RNA-seq	total RNA-seq	bronchial smooth muscle cell	adult	PRIMARY_CELL	encode
RNA_SEQ	76	CL:0002600 total RNA-seq	total RNA-seq	smooth muscle cell of trachea	adult	PRIMARY_CELL	encode
RNA_SEQ	77	CL:0002601 total RNA-seq	total RNA-seq	uterine smooth muscle cell	adult	PRIMARY_CELL	encode
RNA_SEQ	78	CL:0002618 polyA plus RNA-seq	polyA plus RNA-seq	endothelial cell of umbilical vein	newborn	PRIMARY_CELL	encode
RNA_SEQ	79	CL:0002618 total RNA-seq	total RNA-seq	endothelial cell of umbilical vein	newborn	PRIMARY_CELL	encode
RNA_SEQ	80	CL:0010002 total RNA-seq	total RNA-seq	epithelial cell of umbilical artery	newborn	PRIMARY_CELL	encode
RNA_SEQ	81	CL:0010003 total RNA-seq	total RNA-seq	epithelial cell of alveolus of lung	unknown,embryonic	PRIMARY_CELL	encode
RNA_SEQ	82	CL:0011012 total RNA-seq	total RNA-seq	neural crest cell	embryonic	IN_VITRO_DIFFERENTIATED_CELLS	encode
RNA_SEQ	83	CL:0011019 total RNA-seq	total RNA-seq	mesothelial cell of epicardium	embryonic	IN_VITRO_DIFFERENTIATED_CELLS	encode
RNA_SEQ	84	CL:0011020 total RNA-seq	total RNA-seq	neural progenitor cell	embryonic	IN_VITRO_DIFFERENTIATED_CELLS	encode
RNA_SEQ	85	CL:1000458 total RNA-seq	total RNA-seq	melanocyte of skin	adult	PRIMARY_CELL	encode
RNA_SEQ	86	CL:1001568 total RNA-seq	total RNA-seq	pulmonary artery endothelial cell	adult	PRIMARY_CELL	encode
RNA_SEQ	87	CL:1001606 polyA plus RNA-seq	polyA plus RNA-seq	foreskin keratinocyte	newborn	PRIMARY_CELL	encode
RNA_SEQ	88	CL:1001606 total RNA-seq	total RNA-seq	foreskin keratinocyte	newborn	PRIMARY_CELL	encode
RNA_SEQ	89	CL:1001608 polyA plus RNA-seq	polyA plus RNA-seq	foreskin fibroblast	newborn	PRIMARY_CELL	encode
RNA_SEQ	90	CL:2000001 polyA plus RNA-seq	polyA plus RNA-seq	peripheral blood mononuclear cell	adult	PRIMARY_CELL	encode
RNA_SEQ	91	CL:2000007 total RNA-seq	total RNA-seq	articular chondrocyte of knee joint	adult	PRIMARY_CELL	encode
RNA_SEQ	92	CL:2000010 total RNA-seq	total RNA-seq	dermis blood vessel endothelial cell	child	PRIMARY_CELL	encode
RNA_SEQ	93	CL:2000011 total RNA-seq	total RNA-seq	dermis lymphatic vessel endothelial cell	child,adult	PRIMARY_CELL	encode
RNA_SEQ	94	CL:2000016 total RNA-seq	total RNA-seq	lung microvascular endothelial cell	adult	PRIMARY_CELL	encode
RNA_SEQ	95	CL:2000018 total RNA-seq	total RNA-seq	endothelial cell of coronary artery	adult	PRIMARY_CELL	encode
RNA_SEQ	96	CL:2000040 total RNA-seq	total RNA-seq	bladder microvascular endothelial cell	adult	PRIMARY_CELL	encode
RNA_SEQ	97	CL:2000041 total RNA-seq	total RNA-seq	dermis microvascular lymphatic vessel endothelial cell	adult	PRIMARY_CELL	encode
RNA_SEQ	98	CL:2000045 polyA plus RNA-seq	polyA plus RNA-seq	foreskin melanocyte	newborn	PRIMARY_CELL	encode
RNA_SEQ	99	CL:2000066 total RNA-seq	total RNA-seq	cardiac ventricle fibroblast	adult,unknown	PRIMARY_CELL	encode
RNA_SEQ	100	CL:2000067 total RNA-seq	total RNA-seq	cardiac atrium fibroblast	child	PRIMARY_CELL	encode
RNA_SEQ	101	CL:2000068 total RNA-seq	total RNA-seq	pericardium fibroblast	embryonic,unknown	PRIMARY_CELL	encode
RNA_SEQ	102	CL:2000071 total RNA-seq	total RNA-seq	mammary microvascular endothelial cell	adult	PRIMARY_CELL	encode
RNA_SEQ	103	CL:2000078 total RNA-seq	total RNA-seq	placental pericyte	newborn	PRIMARY_CELL	encode
RNA_SEQ	104	CL:2000092 total RNA-seq	total RNA-seq	hair follicular keratinocyte	adult	PRIMARY_CELL	encode
RNA_SEQ	105	CL:2000093 total RNA-seq	total RNA-seq	bronchus fibroblast of lung	unknown	PRIMARY_CELL	encode
RNA_SEQ	106	CL:2000094 total RNA-seq	total RNA-seq	nasal cavity respiratory epithelium epithelial cell of viscerocranial mucosa	adult	PRIMARY_CELL	encode
RNA_SEQ	107	EFO:0001086 polyA plus RNA-seq	polyA plus RNA-seq	A549	adult	CELL_LINE	encode
RNA_SEQ	108	EFO:0001099 total RNA-seq	total RNA-seq	Caco-2	adult	CELL_LINE	encode
RNA_SEQ	109	EFO:0001187 polyA plus RNA-seq	polyA plus RNA-seq	HepG2	child	CELL_LINE	encode
RNA_SEQ	110	EFO:0001187 total RNA-seq	total RNA-seq	HepG2	child	CELL_LINE	encode
RNA_SEQ	111	EFO:0001193 total RNA-seq	total RNA-seq	HT-29	adult	CELL_LINE	encode
RNA_SEQ	112	EFO:0001196 polyA plus RNA-seq	polyA plus RNA-seq	IMR-90	embryonic	CELL_LINE	encode
RNA_SEQ	113	EFO:0001196 total RNA-seq	total RNA-seq	IMR-90	embryonic	CELL_LINE	encode
RNA_SEQ	114	EFO:0001200 total RNA-seq	total RNA-seq	MCF 10A	adult	CELL_LINE	encode
RNA_SEQ	115	EFO:0001203 polyA plus RNA-seq	polyA plus RNA-seq	MCF-7	adult	CELL_LINE	encode
RNA_SEQ	116	EFO:0001203 total RNA-seq	total RNA-seq	MCF-7	adult	CELL_LINE	encode
RNA_SEQ	117	EFO:0002059 polyA plus RNA-seq	polyA plus RNA-seq	HT1080	adult	CELL_LINE	encode
RNA_SEQ	118	EFO:0002059 total RNA-seq	total RNA-seq	HT1080	adult	CELL_LINE	encode
RNA_SEQ	119	EFO:0002067 polyA plus RNA-seq	polyA plus RNA-seq	K562	adult	CELL_LINE	encode
RNA_SEQ	120	EFO:0002067 total RNA-seq	total RNA-seq	K562	adult	CELL_LINE	encode
RNA_SEQ	121	EFO:0002074 total RNA-seq	total RNA-seq	PC-3	adult	CELL_LINE	encode
RNA_SEQ	122	EFO:0002101 total RNA-seq	total RNA-seq	A172	adult	CELL_LINE	encode
RNA_SEQ	123	EFO:0002103 total RNA-seq	total RNA-seq	A375	adult	CELL_LINE	encode
RNA_SEQ	124	EFO:0002106 total RNA-seq	total RNA-seq	A673	child	CELL_LINE	encode
RNA_SEQ	125	EFO:0002150 total RNA-seq	total RNA-seq	Caki2	adult	CELL_LINE	encode
RNA_SEQ	126	EFO:0002179 total RNA-seq	total RNA-seq	G401	child	CELL_LINE	encode
RNA_SEQ	127	EFO:0002184 total RNA-seq	total RNA-seq	H4	adult	CELL_LINE	encode
RNA_SEQ	128	EFO:0002234 total RNA-seq	total RNA-seq	MG63	child	CELL_LINE	encode
RNA_SEQ	129	EFO:0002330 total RNA-seq	total RNA-seq	SJSA1	adult	CELL_LINE	encode
RNA_SEQ	130	EFO:0002713 total RNA-seq	total RNA-seq	Panc1	adult	CELL_LINE	encode
RNA_SEQ	131	EFO:0002779 polyA plus RNA-seq	polyA plus RNA-seq	BJ	newborn	CELL_LINE	encode
RNA_SEQ	132	EFO:0002784 polyA plus RNA-seq	polyA plus RNA-seq	GM12878	adult	CELL_LINE	encode
RNA_SEQ	133	EFO:0002784 total RNA-seq	total RNA-seq	GM12878	adult	CELL_LINE	encode
RNA_SEQ	134	EFO:0002791 polyA plus RNA-seq	polyA plus RNA-seq	HeLa-S3	adult	CELL_LINE	encode
RNA_SEQ	135	EFO:0002819 total RNA-seq	total RNA-seq	Calu3	adult	CELL_LINE	encode
RNA_SEQ	136	EFO:0002824 total RNA-seq	total RNA-seq	HCT116	adult	CELL_LINE	encode
RNA_SEQ	137	EFO:0002847 total RNA-seq	total RNA-seq	PC-9	unknown	CELL_LINE	encode
RNA_SEQ	138	EFO:0003042 polyA plus RNA-seq	polyA plus RNA-seq	H1	embryonic	CELL_LINE	encode
RNA_SEQ	139	EFO:0003042 total RNA-seq	total RNA-seq	H1	embryonic	CELL_LINE	encode
RNA_SEQ	140	EFO:0003044 polyA plus RNA-seq	polyA plus RNA-seq	NCI-H460	unknown	CELL_LINE	encode
RNA_SEQ	141	EFO:0003044 total RNA-seq	total RNA-seq	NCI-H460	unknown	CELL_LINE	encode
RNA_SEQ	142	EFO:0003045 total RNA-seq	total RNA-seq	H9	embryonic	CELL_LINE	encode
RNA_SEQ	143	EFO:0003072 polyA plus RNA-seq	polyA plus RNA-seq	SK-N-SH	child	CELL_LINE	encode
RNA_SEQ	144	EFO:0005697 total RNA-seq	total RNA-seq	M059J	adult	CELL_LINE	encode
RNA_SEQ	145	EFO:0005698 total RNA-seq	total RNA-seq	Daoy	child	CELL_LINE	encode
RNA_SEQ	146	EFO:0005712 total RNA-seq	total RNA-seq	RPMI7951	adult	CELL_LINE	encode
RNA_SEQ	147	EFO:0005714 total RNA-seq	total RNA-seq	LHCN-M2	adult	CELL_LINE	encode
RNA_SEQ	148	EFO:0005719 total RNA-seq	total RNA-seq	Karpas-422	adult	CELL_LINE	encode
RNA_SEQ	149	EFO:0005720 polyA plus RNA-seq	polyA plus RNA-seq	SK-MEL-5	adult	CELL_LINE	encode
RNA_SEQ	150	EFO:0005720 total RNA-seq	total RNA-seq	SK-MEL-5	adult	CELL_LINE	encode
RNA_SEQ	151	EFO:0005721 polyA plus RNA-seq	polyA plus RNA-seq	SK-N-DZ	child	CELL_LINE	encode
RNA_SEQ	152	EFO:0005722 total RNA-seq	total RNA-seq	SJCRH30	child	CELL_LINE	encode
RNA_SEQ	153	EFO:0005723 total RNA-seq	total RNA-seq	GM23248	adult	CELL_LINE	encode
RNA_SEQ	154	EFO:0005904 total RNA-seq	total RNA-seq	H7	embryonic	CELL_LINE	encode
RNA_SEQ	155	EFO:0006270 polyA plus RNA-seq	polyA plus RNA-seq	AG04450	embryonic	CELL_LINE	encode
RNA_SEQ	156	EFO:0006711 total RNA-seq	total RNA-seq	OCI-LY7	adult	CELL_LINE	encode
RNA_SEQ	157	EFO:0007089 polyA plus RNA-seq	polyA plus RNA-seq	HUES64	embryonic	CELL_LINE	encode
RNA_SEQ	158	EFO:0007950 total RNA-seq	total RNA-seq	GM23338	adult	CELL_LINE	encode
RNA_SEQ	159	EFO:0009318 total RNA-seq	total RNA-seq	HFFc6	newborn	CELL_LINE	encode
RNA_SEQ	160	EFO:0009747 total RNA-seq	total RNA-seq	WTC11	adult	CELL_LINE	encode
RNA_SEQ	161	EFO:0030018 polyA plus RNA-seq	polyA plus RNA-seq	BLaER1	unknown	CELL_LINE	encode
RNA_SEQ	162	NTR:0000427 polyA plus RNA-seq	polyA plus RNA-seq	neurosphere	embryonic	PRIMARY_CELL	encode
RNA_SEQ	163	NTR:0000491 total RNA-seq	total RNA-seq	Right ventricle myocardium inferior	adult	TISSUE	encode
RNA_SEQ	164	NTR:0000492 total RNA-seq	total RNA-seq	Right ventricle myocardium superior	adult	TISSUE	encode
RNA_SEQ	165	NTR:0000493 total RNA-seq	total RNA-seq	left ventricle myocardium inferior	adult	TISSUE	encode
RNA_SEQ	166	NTR:0000494 total RNA-seq	total RNA-seq	left ventricle myocardium superior	adult	TISSUE	encode
RNA_SEQ	167	NTR:0000856 polyA plus RNA-seq	polyA plus RNA-seq	mesendoderm	embryonic	IN_VITRO_DIFFERENTIATED_CELLS	encode
RNA_SEQ	168	NTR:0003013 polyA plus RNA-seq	polyA plus RNA-seq	placental basal plate	embryonic	TISSUE	encode
RNA_SEQ	169	UBERON:0000016 polyA plus RNA-seq	polyA plus RNA-seq	endocrine pancreas	adult	TISSUE	encode
RNA_SEQ	170	UBERON:0000019 total RNA-seq	total RNA-seq	camera-type eye	embryonic	TISSUE	encode
RNA_SEQ	171	UBERON:0000056 total RNA-seq	total RNA-seq	ureter	adult	TISSUE	encode
RNA_SEQ	172	UBERON:0000081 total RNA-seq	total RNA-seq	metanephros	embryonic	TISSUE	encode
RNA_SEQ	173	UBERON:0000088 polyA plus RNA-seq	polyA plus RNA-seq	trophoblast	embryonic	TISSUE	encode
RNA_SEQ	174	UBERON:0000305 polyA plus RNA-seq	polyA plus RNA-seq	amnion	embryonic	TISSUE	encode
RNA_SEQ	175	UBERON:0000317 total RNA-seq	total RNA-seq	colonic mucosa	adult	TISSUE	encode
RNA_SEQ	176	UBERON:0000473 polyA plus RNA-seq	polyA plus RNA-seq	testis	adult	TISSUE	encode
RNA_SEQ	177	UBERON:0000473 total RNA-seq	total RNA-seq	testis	adult	TISSUE	encode
RNA_SEQ	178	UBERON:0000945 polyA plus RNA-seq	polyA plus RNA-seq	stomach	adult	TISSUE	encode
RNA_SEQ	179	UBERON:0000945 total RNA-seq	total RNA-seq	stomach	adult	TISSUE	encode
RNA_SEQ	180	UBERON:0000947 polyA plus RNA-seq	polyA plus RNA-seq	aorta	adult	TISSUE	encode
RNA_SEQ	181	UBERON:0000947 total RNA-seq	total RNA-seq	aorta	adult	TISSUE	encode
RNA_SEQ	182	UBERON:0000948 polyA plus RNA-seq	polyA plus RNA-seq	heart	adult	TISSUE	encode
RNA_SEQ	183	UBERON:0000948 total RNA-seq	total RNA-seq	heart	adult	TISSUE	encode
RNA_SEQ	184	UBERON:0000955 polyA plus RNA-seq	polyA plus RNA-seq	brain	adult	TISSUE	encode
RNA_SEQ	185	UBERON:0000992 polyA plus RNA-seq	polyA plus RNA-seq	ovary	adult	TISSUE	encode
RNA_SEQ	186	UBERON:0000992 total RNA-seq	total RNA-seq	ovary	adult	TISSUE	encode
RNA_SEQ	187	UBERON:0000995 total RNA-seq	total RNA-seq	uterus	adult	TISSUE	encode
RNA_SEQ	188	UBERON:0000996 total RNA-seq	total RNA-seq	vagina	adult	TISSUE	encode
RNA_SEQ	189	UBERON:0001013 polyA plus RNA-seq	polyA plus RNA-seq	adipose tissue	adult	TISSUE	encode
RNA_SEQ	190	UBERON:0001043 polyA plus RNA-seq	polyA plus RNA-seq	esophagus	adult	TISSUE	encode
RNA_SEQ	191	UBERON:0001072 total RNA-seq	total RNA-seq	posterior vena cava	adult	TISSUE	encode
RNA_SEQ	192	UBERON:0001114 total RNA-seq	total RNA-seq	right lobe of liver	adult	TISSUE	encode
RNA_SEQ	193	UBERON:0001115 total RNA-seq	total RNA-seq	left lobe of liver	adult	TISSUE	encode
RNA_SEQ	194	UBERON:0001134 total RNA-seq	total RNA-seq	skeletal muscle tissue	embryonic	TISSUE	encode
RNA_SEQ	195	UBERON:0001150 total RNA-seq	total RNA-seq	body of pancreas	adult	TISSUE	encode
RNA_SEQ	196	UBERON:0001157 total RNA-seq	total RNA-seq	transverse colon	adult	TISSUE	encode
RNA_SEQ	197	UBERON:0001159 polyA plus RNA-seq	polyA plus RNA-seq	sigmoid colon	adult	TISSUE	encode
RNA_SEQ	198	UBERON:0001159 total RNA-seq	total RNA-seq	sigmoid colon	adult	TISSUE	encode
RNA_SEQ	199	UBERON:0001211 total RNA-seq	total RNA-seq	Peyer\'s patch	adult	TISSUE	encode
RNA_SEQ	200	UBERON:0001255 polyA plus RNA-seq	polyA plus RNA-seq	urinary bladder	child	TISSUE	encode
RNA_SEQ	201	UBERON:0001255 total RNA-seq	total RNA-seq	urinary bladder	embryonic	TISSUE	encode
RNA_SEQ	202	UBERON:0001264 polyA plus RNA-seq	polyA plus RNA-seq	pancreas	adult	TISSUE	encode
RNA_SEQ	203	UBERON:0001264 total RNA-seq	total RNA-seq	pancreas	adult	TISSUE	encode
RNA_SEQ	204	UBERON:0001322 total RNA-seq	total RNA-seq	sciatic nerve	adult	TISSUE	encode
RNA_SEQ	205	UBERON:0001323 total RNA-seq	total RNA-seq	tibial nerve	adult	TISSUE	encode
RNA_SEQ	206	UBERON:0001383 polyA plus RNA-seq	polyA plus RNA-seq	muscle of leg	embryonic	TISSUE	encode
RNA_SEQ	207	UBERON:0001496 total RNA-seq	total RNA-seq	ascending aorta	adult	TISSUE	encode
RNA_SEQ	208	UBERON:0001515 total RNA-seq	total RNA-seq	thoracic aorta	adult	TISSUE	encode
RNA_SEQ	209	UBERON:0001723 total RNA-seq	total RNA-seq	tongue	embryonic	TISSUE	encode
RNA_SEQ	210	UBERON:0001870 total RNA-seq	total RNA-seq	frontal cortex	embryonic	TISSUE	encode
RNA_SEQ	211	UBERON:0001871 total RNA-seq	total RNA-seq	temporal lobe	embryonic	TISSUE	encode
RNA_SEQ	212	UBERON:0001872 total RNA-seq	total RNA-seq	parietal lobe	embryonic	TISSUE	encode
RNA_SEQ	213	UBERON:0001894 total RNA-seq	total RNA-seq	diencephalon	embryonic	TISSUE	encode
RNA_SEQ	214	UBERON:0001987 polyA plus RNA-seq	polyA plus RNA-seq	placenta	embryonic	TISSUE	encode
RNA_SEQ	215	UBERON:0001987 total RNA-seq	total RNA-seq	placenta	embryonic	TISSUE	encode
RNA_SEQ	216	UBERON:0002021 total RNA-seq	total RNA-seq	occipital lobe	embryonic	TISSUE	encode
RNA_SEQ	217	UBERON:0002037 polyA plus RNA-seq	polyA plus RNA-seq	cerebellum	embryonic	TISSUE	encode
RNA_SEQ	218	UBERON:0002037 total RNA-seq	total RNA-seq	cerebellum	embryonic	TISSUE	encode
RNA_SEQ	219	UBERON:0002046 total RNA-seq	total RNA-seq	thyroid gland	adult	TISSUE	encode
RNA_SEQ	220	UBERON:0002048 polyA plus RNA-seq	polyA plus RNA-seq	lung	adult	TISSUE	encode
RNA_SEQ	221	UBERON:0002048 total RNA-seq	total RNA-seq	lung	embryonic	TISSUE	encode
RNA_SEQ	222	UBERON:0002078 polyA plus RNA-seq	polyA plus RNA-seq	right cardiac atrium	adult	TISSUE	encode
RNA_SEQ	223	UBERON:0002078 total RNA-seq	total RNA-seq	right cardiac atrium	adult	TISSUE	encode
RNA_SEQ	224	UBERON:0002079 total RNA-seq	total RNA-seq	left cardiac atrium	adult	TISSUE	encode
RNA_SEQ	225	UBERON:0002080 polyA plus RNA-seq	polyA plus RNA-seq	heart right ventricle	adult	TISSUE	encode
RNA_SEQ	226	UBERON:0002080 total RNA-seq	total RNA-seq	heart right ventricle	adult	TISSUE	encode
RNA_SEQ	227	UBERON:0002084 polyA plus RNA-seq	polyA plus RNA-seq	heart left ventricle	adult	TISSUE	encode
RNA_SEQ	228	UBERON:0002084 total RNA-seq	total RNA-seq	heart left ventricle	adult	TISSUE	encode
RNA_SEQ	229	UBERON:0002097 total RNA-seq	total RNA-seq	skin of body	embryonic	TISSUE	encode
RNA_SEQ	230	UBERON:0002099 total RNA-seq	total RNA-seq	cardiac septum	adult	TISSUE	encode
RNA_SEQ	231	UBERON:0002106 polyA plus RNA-seq	polyA plus RNA-seq	spleen	adult	TISSUE	encode
RNA_SEQ	232	UBERON:0002106 total RNA-seq	total RNA-seq	spleen	adult	TISSUE	encode
RNA_SEQ	233	UBERON:0002107 polyA plus RNA-seq	polyA plus RNA-seq	liver	child	TISSUE	encode
RNA_SEQ	234	UBERON:0002107 total RNA-seq	total RNA-seq	liver	embryonic	TISSUE	encode
RNA_SEQ	235	UBERON:0002108 polyA plus RNA-seq	polyA plus RNA-seq	small intestine	adult	TISSUE	encode
RNA_SEQ	236	UBERON:0002113 polyA plus RNA-seq	polyA plus RNA-seq	kidney	adult	TISSUE	encode
RNA_SEQ	237	UBERON:0002113 total RNA-seq	total RNA-seq	kidney	adult	TISSUE	encode
RNA_SEQ	238	UBERON:0002168 total RNA-seq	total RNA-seq	left lung	adult	TISSUE	encode
RNA_SEQ	239	UBERON:0002170 total RNA-seq	total RNA-seq	upper lobe of right lung	adult	TISSUE	encode
RNA_SEQ	240	UBERON:0002171 total RNA-seq	total RNA-seq	lower lobe of right lung	adult	TISSUE	encode
RNA_SEQ	241	UBERON:0002190 total RNA-seq	total RNA-seq	subcutaneous adipose tissue	adult	TISSUE	encode
RNA_SEQ	242	UBERON:0002240 polyA plus RNA-seq	polyA plus RNA-seq	spinal cord	embryonic	TISSUE	encode
RNA_SEQ	243	UBERON:0002240 total RNA-seq	total RNA-seq	spinal cord	embryonic	TISSUE	encode
RNA_SEQ	244	UBERON:0002331 total RNA-seq	total RNA-seq	umbilical cord	embryonic	TISSUE	encode
RNA_SEQ	245	UBERON:0002367 total RNA-seq	total RNA-seq	prostate gland	adult	TISSUE	encode
RNA_SEQ	246	UBERON:0002369 polyA plus RNA-seq	polyA plus RNA-seq	adrenal gland	adult	TISSUE	encode
RNA_SEQ	247	UBERON:0002369 total RNA-seq	total RNA-seq	adrenal gland	adult	TISSUE	encode
RNA_SEQ	248	UBERON:0002370 polyA plus RNA-seq	polyA plus RNA-seq	thymus	embryonic	TISSUE	encode
RNA_SEQ	249	UBERON:0002469 total RNA-seq	total RNA-seq	esophagus mucosa	adult	TISSUE	encode
RNA_SEQ	250	UBERON:0003124 polyA plus RNA-seq	polyA plus RNA-seq	chorion	embryonic	TISSUE	encode
RNA_SEQ	251	UBERON:0004264 total RNA-seq	total RNA-seq	lower leg skin	adult	TISSUE	encode
RNA_SEQ	252	UBERON:0004550 total RNA-seq	total RNA-seq	gastroesophageal sphincter	adult	TISSUE	encode
RNA_SEQ	253	UBERON:0004648 total RNA-seq	total RNA-seq	esophagus muscularis mucosa	adult	TISSUE	encode
RNA_SEQ	254	UBERON:0004992 total RNA-seq	total RNA-seq	mucosa of descending colon	adult	TISSUE	encode
RNA_SEQ	255	UBERON:0005033 total RNA-seq	total RNA-seq	mucosa of gallbladder	child	TISSUE	encode
RNA_SEQ	256	UBERON:0006631 total RNA-seq	total RNA-seq	right atrium auricular region	adult	TISSUE	encode
RNA_SEQ	257	UBERON:0006920 total RNA-seq	total RNA-seq	esophagus squamous epithelium	adult	TISSUE	encode
RNA_SEQ	258	UBERON:0007106 polyA plus RNA-seq	polyA plus RNA-seq	chorionic villus	embryonic	TISSUE	encode
RNA_SEQ	259	UBERON:0008367 total RNA-seq	total RNA-seq	breast epithelium	adult	TISSUE	encode
RNA_SEQ	260	UBERON:0008450 polyA plus RNA-seq	polyA plus RNA-seq	psoas muscle	adult	TISSUE	encode
RNA_SEQ	261	UBERON:0008450 total RNA-seq	total RNA-seq	psoas muscle	adult	TISSUE	encode
RNA_SEQ	262	UBERON:0008952 total RNA-seq	total RNA-seq	upper lobe of left lung	adult	TISSUE	encode
RNA_SEQ	263	UBERON:0008953 total RNA-seq	total RNA-seq	lower lobe of left lung	adult	TISSUE	encode
RNA_SEQ	264	UBERON:0008971 total RNA-seq	total RNA-seq	left colon	adult	TISSUE	encode
RNA_SEQ	265	UBERON:0009834 total RNA-seq	total RNA-seq	dorsolateral prefrontal cortex	adult	TISSUE	encode
RNA_SEQ	266	UBERON:0010414 total RNA-seq	total RNA-seq	omental fat pad	adult	TISSUE	encode
RNA_SEQ	267	UBERON:0011907 total RNA-seq	total RNA-seq	gastrocnemius medialis	adult	TISSUE	encode
RNA_SEQ	268	UBERON:0015143 total RNA-seq	total RNA-seq	mesenteric fat pad	adult	TISSUE	encode
RNA_SEQ	269	UBERON:0036149 total RNA-seq	total RNA-seq	suprapubic skin	adult	TISSUE	encode
RNA_SEQ	270	UBERON:1000010 polyA plus RNA-seq	polyA plus RNA-seq	mole	unknown	TISSUE	encode
RNA_SEQ	271	CL:0000047 polyA plus RNA-seq	polyA plus RNA-seq	neuronal stem cell	embryonic	IN_VITRO_DIFFERENTIATED_CELLS	encode
RNA_SEQ	272	CL:0000062 total RNA-seq	total RNA-seq	osteoblast	adult	PRIMARY_CELL	encode
RNA_SEQ	273	CL:0000084 polyA plus RNA-seq	polyA plus RNA-seq	T-cell	adult	PRIMARY_CELL	encode
RNA_SEQ	274	CL:0000084 total RNA-seq	total RNA-seq	T-cell	adult	PRIMARY_CELL	encode
RNA_SEQ	275	CL:0000115 total RNA-seq	total RNA-seq	endothelial cell	adult	IN_VITRO_DIFFERENTIATED_CELLS	encode
RNA_SEQ	276	CL:0000127 total RNA-seq	total RNA-seq	astrocyte	unknown	PRIMARY_CELL	encode
RNA_SEQ	277	CL:0000134 polyA plus RNA-seq	polyA plus RNA-seq	mesenchymal stem cell	embryonic	IN_VITRO_DIFFERENTIATED_CELLS	encode
RNA_SEQ	278	CL:0000137 total RNA-seq	total RNA-seq	osteocyte	embryonic	IN_VITRO_DIFFERENTIATED_CELLS	encode
RNA_SEQ	279	CL:0000138 total RNA-seq	total RNA-seq	chondrocyte	embryonic	IN_VITRO_DIFFERENTIATED_CELLS	encode
RNA_SEQ	280	CL:0000169 total RNA-seq	total RNA-seq	type B pancreatic cell	embryonic	IN_VITRO_DIFFERENTIATED_CELLS	encode
RNA_SEQ	281	CL:0000182 total RNA-seq	total RNA-seq	hepatocyte	embryonic	IN_VITRO_DIFFERENTIATED_CELLS	encode
RNA_SEQ	282	CL:0000187 total RNA-seq	total RNA-seq	myocyte	adult	IN_VITRO_DIFFERENTIATED_CELLS	encode
RNA_SEQ	283	CL:0000192 total RNA-seq	total RNA-seq	smooth muscle cell	embryonic	IN_VITRO_DIFFERENTIATED_CELLS	encode
RNA_SEQ	284	CL:0000221 polyA plus RNA-seq	polyA plus RNA-seq	ectodermal cell	embryonic	IN_VITRO_DIFFERENTIATED_CELLS	encode
RNA_SEQ	285	CL:0000222 polyA plus RNA-seq	polyA plus RNA-seq	mesodermal cell	embryonic	IN_VITRO_DIFFERENTIATED_CELLS	encode
RNA_SEQ	286	CL:0000223 polyA plus RNA-seq	polyA plus RNA-seq	endodermal cell	embryonic	IN_VITRO_DIFFERENTIATED_CELLS	encode
RNA_SEQ	287	CL:0000223 total RNA-seq	total RNA-seq	endodermal cell	embryonic	IN_VITRO_DIFFERENTIATED_CELLS	encode
RNA_SEQ	288	CL:0000236 polyA plus RNA-seq	polyA plus RNA-seq	B cell	adult	PRIMARY_CELL	encode
RNA_SEQ	289	CL:0000236 total RNA-seq	total RNA-seq	B cell	adult	PRIMARY_CELL	encode
RNA_SEQ	290	CL:0000307 total RNA-seq	total RNA-seq	tracheal epithelial cell	adult	PRIMARY_CELL	encode
RNA_SEQ	291	CL:0000312 polyA plus RNA-seq	polyA plus RNA-seq	keratinocyte	unknown	PRIMARY_CELL	encode
RNA_SEQ	292	CL:0000346 total RNA-seq	total RNA-seq	hair follicle dermal papilla cell	adult	PRIMARY_CELL	encode
RNA_SEQ	293	CL:0000351 polyA plus RNA-seq	polyA plus RNA-seq	trophoblast cell	embryonic	IN_VITRO_DIFFERENTIATED_CELLS	encode
RNA_SEQ	294	CL:0000515 polyA plus RNA-seq	polyA plus RNA-seq	skeletal muscle myoblast	unknown	PRIMARY_CELL	encode
RNA_SEQ	295	CL:0000515 total RNA-seq	total RNA-seq	skeletal muscle myoblast	unknown	PRIMARY_CELL	encode
RNA_SEQ	296	CL:0000594 total RNA-seq	total RNA-seq	skeletal muscle satellite cell	adult	PRIMARY_CELL	encode
RNA_SEQ	297	CL:0000623 polyA plus RNA-seq	polyA plus RNA-seq	natural killer cell	adult	PRIMARY_CELL	encode
RNA_SEQ	298	CL:0000623 total RNA-seq	total RNA-seq	natural killer cell	adult	PRIMARY_CELL	encode
RNA_SEQ	299	CL:0000624 total RNA-seq	total RNA-seq	CD4-positive, alpha-beta T cell	adult	PRIMARY_CELL	encode
RNA_SEQ	300	CL:0000625 total RNA-seq	total RNA-seq	CD8-positive, alpha-beta T cell	adult	PRIMARY_CELL	encode
RNA_SEQ	301	CL:0000650 total RNA-seq	total RNA-seq	mesangial cell	unknown,embryonic	PRIMARY_CELL	encode
RNA_SEQ	302	CL:0000679 total RNA-seq	total RNA-seq	glutamatergic neuron	adult	IN_VITRO_DIFFERENTIATED_CELLS	encode
RNA_SEQ	303	CL:0000746 total RNA-seq	total RNA-seq	cardiac muscle cell	embryonic	IN_VITRO_DIFFERENTIATED_CELLS	encode
RNA_SEQ	304	CL:0000792 total RNA-seq	total RNA-seq	CD4-positive, CD25-positive, alpha-beta regulatory T cell	adult	PRIMARY_CELL	encode
RNA_SEQ	305	CL:0000837 total RNA-seq	total RNA-seq	hematopoietic multipotent progenitor cell	unknown	IN_VITRO_DIFFERENTIATED_CELLS	encode
RNA_SEQ	306	CL:0000842 total RNA-seq	total RNA-seq	mononuclear cell	adult	PRIMARY_CELL	encode
RNA_SEQ	307	CL:0000895 total RNA-seq	total RNA-seq	naive thymus-derived CD4-positive, alpha-beta T cell	adult	PRIMARY_CELL	encode
RNA_SEQ	308	CL:0000897 total RNA-seq	total RNA-seq	CD4-positive, alpha-beta memory T cell	adult	PRIMARY_CELL	encode
RNA_SEQ	309	CL:0000899 total RNA-seq	total RNA-seq	T-helper 17 cell	adult	PRIMARY_CELL	encode
RNA_SEQ	310	CL:0000900 total RNA-seq	total RNA-seq	naive thymus-derived CD8-positive, alpha-beta T cell	adult	PRIMARY_CELL	encode
RNA_SEQ	311	CL:0000909 total RNA-seq	total RNA-seq	CD8-positive, alpha-beta memory T cell	adult	PRIMARY_CELL	encode
RNA_SEQ	312	CL:0001054 polyA plus RNA-seq	polyA plus RNA-seq	CD14-positive monocyte	adult	PRIMARY_CELL	encode
RNA_SEQ	313	CL:0002098 total RNA-seq	total RNA-seq	regular cardiac myocyte	adult	PRIMARY_CELL	encode
RNA_SEQ	314	CL:0002188 total RNA-seq	total RNA-seq	glomerular endothelial cell	embryonic	PRIMARY_CELL	encode
RNA_SEQ	315	CL:0002306 total RNA-seq	total RNA-seq	epithelial cell of proximal tubule	unknown	PRIMARY_CELL	encode
RNA_SEQ	316	CL:0002319 polyA plus RNA-seq	polyA plus RNA-seq	neural cell	embryonic	IN_VITRO_DIFFERENTIATED_CELLS	encode
RNA_SEQ	317	CL:0002324 polyA plus RNA-seq	polyA plus RNA-seq	myoepithelial cell of mammary gland	adult	PRIMARY_CELL	encode
RNA_SEQ	318	CL:0002326 polyA plus RNA-seq	polyA plus RNA-seq	luminal epithelial cell of mammary gland	adult	PRIMARY_CELL	encode
RNA_SEQ	319	CL:0002327 polyA plus RNA-seq	polyA plus RNA-seq	mammary epithelial cell	adult	PRIMARY_CELL	encode
RNA_SEQ	320	CL:0002327 total RNA-seq	total RNA-seq	mammary epithelial cell	adult	PRIMARY_CELL	encode
RNA_SEQ	321	CL:0002328 total RNA-seq	total RNA-seq	bronchial epithelial cell	adult	PRIMARY_CELL	encode
RNA_SEQ	322	CL:0002351 total RNA-seq	total RNA-seq	progenitor cell of endocrine pancreas	embryonic	IN_VITRO_DIFFERENTIATED_CELLS	encode
RNA_SEQ	323	CL:0002366 total RNA-seq	total RNA-seq	myometrial cell	adult	PRIMARY_CELL	encode
RNA_SEQ	324	CL:0002368 total RNA-seq	total RNA-seq	airway epithelial cell	unknown	PRIMARY_CELL	encode
RNA_SEQ	325	CL:0002372 total RNA-seq	total RNA-seq	myotube	unknown	IN_VITRO_DIFFERENTIATED_CELLS	encode
RNA_SEQ	326	CL:0002451 polyA plus RNA-seq	polyA plus RNA-seq	mammary stem cell	adult	PRIMARY_CELL	encode
RNA_SEQ	327	CL:0002518 total RNA-seq	total RNA-seq	kidney epithelial cell	embryonic,newborn	PRIMARY_CELL	encode
RNA_SEQ	328	CL:0002539 total RNA-seq	total RNA-seq	aortic smooth muscle cell	adult	PRIMARY_CELL	encode
RNA_SEQ	329	CL:0002540 total RNA-seq	total RNA-seq	mesenchymal stem cell of the bone marrow	adult	PRIMARY_CELL	encode
RNA_SEQ	330	CL:0002543 total RNA-seq	total RNA-seq	vein endothelial cell	adult	PRIMARY_CELL	encode
RNA_SEQ	331	CL:0002545 total RNA-seq	total RNA-seq	thoracic aorta endothelial cell	adult	PRIMARY_CELL	encode
RNA_SEQ	332	CL:0002547 total RNA-seq	total RNA-seq	fibroblast of the aortic adventitia	adult	PRIMARY_CELL	encode
RNA_SEQ	333	CL:0002551 total RNA-seq	total RNA-seq	fibroblast of dermis	adult	PRIMARY_CELL	encode
RNA_SEQ	334	CL:0002553 polyA plus RNA-seq	polyA plus RNA-seq	fibroblast of lung	adult	PRIMARY_CELL	encode
RNA_SEQ	335	CL:0002553 total RNA-seq	total RNA-seq	fibroblast of lung	adult	PRIMARY_CELL	encode
RNA_SEQ	336	CL:0002558 total RNA-seq	total RNA-seq	fibroblast of villous mesenchyme	newborn	PRIMARY_CELL	encode
RNA_SEQ	337	CL:0002568 total RNA-seq	total RNA-seq	mesenchymal stem cell of Wharton\'s jelly	newborn	PRIMARY_CELL	encode
RNA_SEQ	338	CL:0002570 total RNA-seq	total RNA-seq	mesenchymal stem cell of adipose	adult	PRIMARY_CELL	encode
RNA_SEQ	339	CL:0002577 total RNA-seq	total RNA-seq	placental epithelial cell	newborn	PRIMARY_CELL	encode
RNA_SEQ	340	CL:0002583 total RNA-seq	total RNA-seq	subcutaneous preadipocyte	adult	PRIMARY_CELL	encode
RNA_SEQ	341	CL:0002584 total RNA-seq	total RNA-seq	renal cortical epithelial cell	adult	PRIMARY_CELL	encode
RNA_SEQ	342	CL:0002591 total RNA-seq	total RNA-seq	smooth muscle cell of the pulmonary artery	adult	PRIMARY_CELL	encode
RNA_SEQ	343	CL:0002592 total RNA-seq	total RNA-seq	smooth muscle cell of the coronary artery	adult	PRIMARY_CELL	encode
RNA_SEQ	344	CL:0002594 total RNA-seq	total RNA-seq	smooth muscle cell of the umbilical artery	newborn	PRIMARY_CELL	encode
RNA_SEQ	345	CL:0002597 total RNA-seq	total RNA-seq	smooth muscle cell of bladder	adult	PRIMARY_CELL	encode
RNA_SEQ	346	CL:0002598 total RNA-seq	total RNA-seq	bronchial smooth muscle cell	adult	PRIMARY_CELL	encode
RNA_SEQ	347	CL:0002600 total RNA-seq	total RNA-seq	smooth muscle cell of trachea	adult	PRIMARY_CELL	encode
RNA_SEQ	348	CL:0002601 total RNA-seq	total RNA-seq	uterine smooth muscle cell	adult	PRIMARY_CELL	encode
RNA_SEQ	349	CL:0002618 polyA plus RNA-seq	polyA plus RNA-seq	endothelial cell of umbilical vein	newborn	PRIMARY_CELL	encode
RNA_SEQ	350	CL:0002618 total RNA-seq	total RNA-seq	endothelial cell of umbilical vein	newborn	PRIMARY_CELL	encode
RNA_SEQ	351	CL:0010002 total RNA-seq	total RNA-seq	epithelial cell of umbilical artery	newborn	PRIMARY_CELL	encode
RNA_SEQ	352	CL:0010003 total RNA-seq	total RNA-seq	epithelial cell of alveolus of lung	unknown,embryonic	PRIMARY_CELL	encode
RNA_SEQ	353	CL:0011012 total RNA-seq	total RNA-seq	neural crest cell	embryonic	IN_VITRO_DIFFERENTIATED_CELLS	encode
RNA_SEQ	354	CL:0011019 total RNA-seq	total RNA-seq	mesothelial cell of epicardium	embryonic	IN_VITRO_DIFFERENTIATED_CELLS	encode
RNA_SEQ	355	CL:0011020 total RNA-seq	total RNA-seq	neural progenitor cell	embryonic	IN_VITRO_DIFFERENTIATED_CELLS	encode
RNA_SEQ	356	CL:1000458 total RNA-seq	total RNA-seq	melanocyte of skin	adult	PRIMARY_CELL	encode
RNA_SEQ	357	CL:1001568 total RNA-seq	total RNA-seq	pulmonary artery endothelial cell	adult	PRIMARY_CELL	encode
RNA_SEQ	358	CL:1001606 polyA plus RNA-seq	polyA plus RNA-seq	foreskin keratinocyte	newborn	PRIMARY_CELL	encode
RNA_SEQ	359	CL:1001606 total RNA-seq	total RNA-seq	foreskin keratinocyte	newborn	PRIMARY_CELL	encode
RNA_SEQ	360	CL:1001608 polyA plus RNA-seq	polyA plus RNA-seq	foreskin fibroblast	newborn	PRIMARY_CELL	encode
RNA_SEQ	361	CL:2000001 polyA plus RNA-seq	polyA plus RNA-seq	peripheral blood mononuclear cell	adult	PRIMARY_CELL	encode
RNA_SEQ	362	CL:2000007 total RNA-seq	total RNA-seq	articular chondrocyte of knee joint	adult	PRIMARY_CELL	encode
RNA_SEQ	363	CL:2000010 total RNA-seq	total RNA-seq	dermis blood vessel endothelial cell	child	PRIMARY_CELL	encode
RNA_SEQ	364	CL:2000011 total RNA-seq	total RNA-seq	dermis lymphatic vessel endothelial cell	child,adult	PRIMARY_CELL	encode
RNA_SEQ	365	CL:2000016 total RNA-seq	total RNA-seq	lung microvascular endothelial cell	adult	PRIMARY_CELL	encode
RNA_SEQ	366	CL:2000018 total RNA-seq	total RNA-seq	endothelial cell of coronary artery	adult	PRIMARY_CELL	encode
RNA_SEQ	367	CL:2000040 total RNA-seq	total RNA-seq	bladder microvascular endothelial cell	adult	PRIMARY_CELL	encode
RNA_SEQ	368	CL:2000041 total RNA-seq	total RNA-seq	dermis microvascular lymphatic vessel endothelial cell	adult	PRIMARY_CELL	encode
RNA_SEQ	369	CL:2000045 polyA plus RNA-seq	polyA plus RNA-seq	foreskin melanocyte	newborn	PRIMARY_CELL	encode
RNA_SEQ	370	CL:2000066 total RNA-seq	total RNA-seq	cardiac ventricle fibroblast	adult,unknown	PRIMARY_CELL	encode
RNA_SEQ	371	CL:2000067 total RNA-seq	total RNA-seq	cardiac atrium fibroblast	child	PRIMARY_CELL	encode
RNA_SEQ	372	CL:2000068 total RNA-seq	total RNA-seq	pericardium fibroblast	embryonic,unknown	PRIMARY_CELL	encode
RNA_SEQ	373	CL:2000071 total RNA-seq	total RNA-seq	mammary microvascular endothelial cell	adult	PRIMARY_CELL	encode
RNA_SEQ	374	CL:2000078 total RNA-seq	total RNA-seq	placental pericyte	newborn	PRIMARY_CELL	encode
RNA_SEQ	375	CL:2000092 total RNA-seq	total RNA-seq	hair follicular keratinocyte	adult	PRIMARY_CELL	encode
RNA_SEQ	376	CL:2000093 total RNA-seq	total RNA-seq	bronchus fibroblast of lung	unknown	PRIMARY_CELL	encode
RNA_SEQ	377	CL:2000094 total RNA-seq	total RNA-seq	nasal cavity respiratory epithelium epithelial cell of viscerocranial mucosa	adult	PRIMARY_CELL	encode
RNA_SEQ	378	EFO:0001086 polyA plus RNA-seq	polyA plus RNA-seq	A549	adult	CELL_LINE	encode
RNA_SEQ	379	EFO:0001099 total RNA-seq	total RNA-seq	Caco-2	adult	CELL_LINE	encode
RNA_SEQ	380	EFO:0001187 polyA plus RNA-seq	polyA plus RNA-seq	HepG2	child	CELL_LINE	encode
RNA_SEQ	381	EFO:0001187 total RNA-seq	total RNA-seq	HepG2	child	CELL_LINE	encode
RNA_SEQ	382	EFO:0001193 total RNA-seq	total RNA-seq	HT-29	adult	CELL_LINE	encode
RNA_SEQ	383	EFO:0001196 polyA plus RNA-seq	polyA plus RNA-seq	IMR-90	embryonic	CELL_LINE	encode
RNA_SEQ	384	EFO:0001196 total RNA-seq	total RNA-seq	IMR-90	embryonic	CELL_LINE	encode
RNA_SEQ	385	EFO:0001200 total RNA-seq	total RNA-seq	MCF 10A	adult	CELL_LINE	encode
RNA_SEQ	386	EFO:0001203 polyA plus RNA-seq	polyA plus RNA-seq	MCF-7	adult	CELL_LINE	encode
RNA_SEQ	387	EFO:0001203 total RNA-seq	total RNA-seq	MCF-7	adult	CELL_LINE	encode
RNA_SEQ	388	EFO:0002059 polyA plus RNA-seq	polyA plus RNA-seq	HT1080	adult	CELL_LINE	encode
RNA_SEQ	389	EFO:0002059 total RNA-seq	total RNA-seq	HT1080	adult	CELL_LINE	encode
RNA_SEQ	390	EFO:0002067 polyA plus RNA-seq	polyA plus RNA-seq	K562	adult	CELL_LINE	encode
RNA_SEQ	391	EFO:0002067 total RNA-seq	total RNA-seq	K562	adult	CELL_LINE	encode
RNA_SEQ	392	EFO:0002074 total RNA-seq	total RNA-seq	PC-3	adult	CELL_LINE	encode
RNA_SEQ	393	EFO:0002101 total RNA-seq	total RNA-seq	A172	adult	CELL_LINE	encode
RNA_SEQ	394	EFO:0002103 total RNA-seq	total RNA-seq	A375	adult	CELL_LINE	encode
RNA_SEQ	395	EFO:0002106 total RNA-seq	total RNA-seq	A673	child	CELL_LINE	encode
RNA_SEQ	396	EFO:0002150 total RNA-seq	total RNA-seq	Caki2	adult	CELL_LINE	encode
RNA_SEQ	397	EFO:0002179 total RNA-seq	total RNA-seq	G401	child	CELL_LINE	encode
RNA_SEQ	398	EFO:0002184 total RNA-seq	total RNA-seq	H4	adult	CELL_LINE	encode
RNA_SEQ	399	EFO:0002234 total RNA-seq	total RNA-seq	MG63	child	CELL_LINE	encode
RNA_SEQ	400	EFO:0002330 total RNA-seq	total RNA-seq	SJSA1	adult	CELL_LINE	encode
RNA_SEQ	401	EFO:0002713 total RNA-seq	total RNA-seq	Panc1	adult	CELL_LINE	encode
RNA_SEQ	402	EFO:0002779 polyA plus RNA-seq	polyA plus RNA-seq	BJ	newborn	CELL_LINE	encode
RNA_SEQ	403	EFO:0002784 polyA plus RNA-seq	polyA plus RNA-seq	GM12878	adult	CELL_LINE	encode
RNA_SEQ	404	EFO:0002784 total RNA-seq	total RNA-seq	GM12878	adult	CELL_LINE	encode
RNA_SEQ	405	EFO:0002791 polyA plus RNA-seq	polyA plus RNA-seq	HeLa-S3	adult	CELL_LINE	encode
RNA_SEQ	406	EFO:0002819 total RNA-seq	total RNA-seq	Calu3	adult	CELL_LINE	encode
RNA_SEQ	407	EFO:0002824 total RNA-seq	total RNA-seq	HCT116	adult	CELL_LINE	encode
RNA_SEQ	408	EFO:0002847 total RNA-seq	total RNA-seq	PC-9	unknown	CELL_LINE	encode
RNA_SEQ	409	EFO:0003042 polyA plus RNA-seq	polyA plus RNA-seq	H1	embryonic	CELL_LINE	encode
RNA_SEQ	410	EFO:0003042 total RNA-seq	total RNA-seq	H1	embryonic	CELL_LINE	encode
RNA_SEQ	411	EFO:0003044 polyA plus RNA-seq	polyA plus RNA-seq	NCI-H460	unknown	CELL_LINE	encode
RNA_SEQ	412	EFO:0003044 total RNA-seq	total RNA-seq	NCI-H460	unknown	CELL_LINE	encode
RNA_SEQ	413	EFO:0003045 total RNA-seq	total RNA-seq	H9	embryonic	CELL_LINE	encode
RNA_SEQ	414	EFO:0003072 polyA plus RNA-seq	polyA plus RNA-seq	SK-N-SH	child	CELL_LINE	encode
RNA_SEQ	415	EFO:0005697 total RNA-seq	total RNA-seq	M059J	adult	CELL_LINE	encode
RNA_SEQ	416	EFO:0005698 total RNA-seq	total RNA-seq	Daoy	child	CELL_LINE	encode
RNA_SEQ	417	EFO:0005712 total RNA-seq	total RNA-seq	RPMI7951	adult	CELL_LINE	encode
RNA_SEQ	418	EFO:0005714 total RNA-seq	total RNA-seq	LHCN-M2	adult	CELL_LINE	encode
RNA_SEQ	419	EFO:0005719 total RNA-seq	total RNA-seq	Karpas-422	adult	CELL_LINE	encode
RNA_SEQ	420	EFO:0005720 polyA plus RNA-seq	polyA plus RNA-seq	SK-MEL-5	adult	CELL_LINE	encode
RNA_SEQ	421	EFO:0005720 total RNA-seq	total RNA-seq	SK-MEL-5	adult	CELL_LINE	encode
RNA_SEQ	422	EFO:0005721 polyA plus RNA-seq	polyA plus RNA-seq	SK-N-DZ	child	CELL_LINE	encode
RNA_SEQ	423	EFO:0005722 total RNA-seq	total RNA-seq	SJCRH30	child	CELL_LINE	encode
RNA_SEQ	424	EFO:0005723 total RNA-seq	total RNA-seq	GM23248	adult	CELL_LINE	encode
RNA_SEQ	425	EFO:0005904 total RNA-seq	total RNA-seq	H7	embryonic	CELL_LINE	encode
RNA_SEQ	426	EFO:0006270 polyA plus RNA-seq	polyA plus RNA-seq	AG04450	embryonic	CELL_LINE	encode
RNA_SEQ	427	EFO:0006711 total RNA-seq	total RNA-seq	OCI-LY7	adult	CELL_LINE	encode
RNA_SEQ	428	EFO:0007089 polyA plus RNA-seq	polyA plus RNA-seq	HUES64	embryonic	CELL_LINE	encode
RNA_SEQ	429	EFO:0007950 total RNA-seq	total RNA-seq	GM23338	adult	CELL_LINE	encode
RNA_SEQ	430	EFO:0009318 total RNA-seq	total RNA-seq	HFFc6	newborn	CELL_LINE	encode
RNA_SEQ	431	EFO:0009747 total RNA-seq	total RNA-seq	WTC11	adult	CELL_LINE	encode
RNA_SEQ	432	EFO:0030018 polyA plus RNA-seq	polyA plus RNA-seq	BLaER1	unknown	CELL_LINE	encode
RNA_SEQ	433	NTR:0000427 polyA plus RNA-seq	polyA plus RNA-seq	neurosphere	embryonic	PRIMARY_CELL	encode
RNA_SEQ	434	NTR:0000491 total RNA-seq	total RNA-seq	Right ventricle myocardium inferior	adult	TISSUE	encode
RNA_SEQ	435	NTR:0000492 total RNA-seq	total RNA-seq	Right ventricle myocardium superior	adult	TISSUE	encode
RNA_SEQ	436	NTR:0000493 total RNA-seq	total RNA-seq	left ventricle myocardium inferior	adult	TISSUE	encode
RNA_SEQ	437	NTR:0000494 total RNA-seq	total RNA-seq	left ventricle myocardium superior	adult	TISSUE	encode
RNA_SEQ	438	NTR:0000856 polyA plus RNA-seq	polyA plus RNA-seq	mesendoderm	embryonic	IN_VITRO_DIFFERENTIATED_CELLS	encode
RNA_SEQ	439	NTR:0003013 polyA plus RNA-seq	polyA plus RNA-seq	placental basal plate	embryonic	TISSUE	encode
RNA_SEQ	440	UBERON:0000016 polyA plus RNA-seq	polyA plus RNA-seq	endocrine pancreas	adult	TISSUE	encode
RNA_SEQ	441	UBERON:0000019 total RNA-seq	total RNA-seq	camera-type eye	embryonic	TISSUE	encode
RNA_SEQ	442	UBERON:0000056 total RNA-seq	total RNA-seq	ureter	adult	TISSUE	encode
RNA_SEQ	443	UBERON:0000081 total RNA-seq	total RNA-seq	metanephros	embryonic	TISSUE	encode
RNA_SEQ	444	UBERON:0000088 polyA plus RNA-seq	polyA plus RNA-seq	trophoblast	embryonic	TISSUE	encode
RNA_SEQ	445	UBERON:0000305 polyA plus RNA-seq	polyA plus RNA-seq	amnion	embryonic	TISSUE	encode
RNA_SEQ	446	UBERON:0000317 total RNA-seq	total RNA-seq	colonic mucosa	adult	TISSUE	encode
RNA_SEQ	447	UBERON:0000473 polyA plus RNA-seq	polyA plus RNA-seq	testis	adult	TISSUE	encode
RNA_SEQ	448	UBERON:0000473 total RNA-seq	total RNA-seq	testis	adult	TISSUE	encode
RNA_SEQ	449	UBERON:0000945 polyA plus RNA-seq	polyA plus RNA-seq	stomach	adult	TISSUE	encode
RNA_SEQ	450	UBERON:0000945 total RNA-seq	total RNA-seq	stomach	adult	TISSUE	encode
RNA_SEQ	451	UBERON:0000947 polyA plus RNA-seq	polyA plus RNA-seq	aorta	adult	TISSUE	encode
RNA_SEQ	452	UBERON:0000947 total RNA-seq	total RNA-seq	aorta	adult	TISSUE	encode
RNA_SEQ	453	UBERON:0000948 polyA plus RNA-seq	polyA plus RNA-seq	heart	adult	TISSUE	encode
RNA_SEQ	454	UBERON:0000948 total RNA-seq	total RNA-seq	heart	adult	TISSUE	encode
RNA_SEQ	455	UBERON:0000955 polyA plus RNA-seq	polyA plus RNA-seq	brain	adult	TISSUE	encode
RNA_SEQ	456	UBERON:0000992 polyA plus RNA-seq	polyA plus RNA-seq	ovary	adult	TISSUE	encode
RNA_SEQ	457	UBERON:0000992 total RNA-seq	total RNA-seq	ovary	adult	TISSUE	encode
RNA_SEQ	458	UBERON:0000995 total RNA-seq	total RNA-seq	uterus	adult	TISSUE	encode
RNA_SEQ	459	UBERON:0000996 total RNA-seq	total RNA-seq	vagina	adult	TISSUE	encode
RNA_SEQ	460	UBERON:0001013 polyA plus RNA-seq	polyA plus RNA-seq	adipose tissue	adult	TISSUE	encode
RNA_SEQ	461	UBERON:0001043 polyA plus RNA-seq	polyA plus RNA-seq	esophagus	adult	TISSUE	encode
RNA_SEQ	462	UBERON:0001072 total RNA-seq	total RNA-seq	posterior vena cava	adult	TISSUE	encode
RNA_SEQ	463	UBERON:0001114 total RNA-seq	total RNA-seq	right lobe of liver	adult	TISSUE	encode
RNA_SEQ	464	UBERON:0001115 total RNA-seq	total RNA-seq	left lobe of liver	adult	TISSUE	encode
RNA_SEQ	465	UBERON:0001134 total RNA-seq	total RNA-seq	skeletal muscle tissue	embryonic	TISSUE	encode
RNA_SEQ	466	UBERON:0001150 total RNA-seq	total RNA-seq	body of pancreas	adult	TISSUE	encode
RNA_SEQ	467	UBERON:0001157 total RNA-seq	total RNA-seq	transverse colon	adult	TISSUE	encode
RNA_SEQ	468	UBERON:0001159 polyA plus RNA-seq	polyA plus RNA-seq	sigmoid colon	adult	TISSUE	encode
RNA_SEQ	469	UBERON:0001159 total RNA-seq	total RNA-seq	sigmoid colon	adult	TISSUE	encode
RNA_SEQ	470	UBERON:0001211 total RNA-seq	total RNA-seq	Peyer\'s patch	adult	TISSUE	encode
RNA_SEQ	471	UBERON:0001255 polyA plus RNA-seq	polyA plus RNA-seq	urinary bladder	child	TISSUE	encode
RNA_SEQ	472	UBERON:0001255 total RNA-seq	total RNA-seq	urinary bladder	embryonic	TISSUE	encode
RNA_SEQ	473	UBERON:0001264 polyA plus RNA-seq	polyA plus RNA-seq	pancreas	adult	TISSUE	encode
RNA_SEQ	474	UBERON:0001264 total RNA-seq	total RNA-seq	pancreas	adult	TISSUE	encode
RNA_SEQ	475	UBERON:0001322 total RNA-seq	total RNA-seq	sciatic nerve	adult	TISSUE	encode
RNA_SEQ	476	UBERON:0001323 total RNA-seq	total RNA-seq	tibial nerve	adult	TISSUE	encode
RNA_SEQ	477	UBERON:0001383 polyA plus RNA-seq	polyA plus RNA-seq	muscle of leg	embryonic	TISSUE	encode
RNA_SEQ	478	UBERON:0001496 total RNA-seq	total RNA-seq	ascending aorta	adult	TISSUE	encode
RNA_SEQ	479	UBERON:0001515 total RNA-seq	total RNA-seq	thoracic aorta	adult	TISSUE	encode
RNA_SEQ	480	UBERON:0001723 total RNA-seq	total RNA-seq	tongue	embryonic	TISSUE	encode
RNA_SEQ	481	UBERON:0001870 total RNA-seq	total RNA-seq	frontal cortex	embryonic	TISSUE	encode
RNA_SEQ	482	UBERON:0001871 total RNA-seq	total RNA-seq	temporal lobe	embryonic	TISSUE	encode
RNA_SEQ	483	UBERON:0001872 total RNA-seq	total RNA-seq	parietal lobe	embryonic	TISSUE	encode
RNA_SEQ	484	UBERON:0001894 total RNA-seq	total RNA-seq	diencephalon	embryonic	TISSUE	encode
RNA_SEQ	485	UBERON:0001987 polyA plus RNA-seq	polyA plus RNA-seq	placenta	embryonic	TISSUE	encode
RNA_SEQ	486	UBERON:0001987 total RNA-seq	total RNA-seq	placenta	embryonic	TISSUE	encode
RNA_SEQ	487	UBERON:0002021 total RNA-seq	total RNA-seq	occipital lobe	embryonic	TISSUE	encode
RNA_SEQ	488	UBERON:0002037 polyA plus RNA-seq	polyA plus RNA-seq	cerebellum	embryonic	TISSUE	encode
RNA_SEQ	489	UBERON:0002037 total RNA-seq	total RNA-seq	cerebellum	embryonic	TISSUE	encode
RNA_SEQ	490	UBERON:0002046 total RNA-seq	total RNA-seq	thyroid gland	adult	TISSUE	encode
RNA_SEQ	491	UBERON:0002048 polyA plus RNA-seq	polyA plus RNA-seq	lung	adult	TISSUE	encode
RNA_SEQ	492	UBERON:0002048 total RNA-seq	total RNA-seq	lung	embryonic	TISSUE	encode
RNA_SEQ	493	UBERON:0002078 polyA plus RNA-seq	polyA plus RNA-seq	right cardiac atrium	adult	TISSUE	encode
RNA_SEQ	494	UBERON:0002078 total RNA-seq	total RNA-seq	right cardiac atrium	adult	TISSUE	encode
RNA_SEQ	495	UBERON:0002079 total RNA-seq	total RNA-seq	left cardiac atrium	adult	TISSUE	encode
RNA_SEQ	496	UBERON:0002080 polyA plus RNA-seq	polyA plus RNA-seq	heart right ventricle	adult	TISSUE	encode
RNA_SEQ	497	UBERON:0002080 total RNA-seq	total RNA-seq	heart right ventricle	adult	TISSUE	encode
RNA_SEQ	498	UBERON:0002084 polyA plus RNA-seq	polyA plus RNA-seq	heart left ventricle	adult	TISSUE	encode
RNA_SEQ	499	UBERON:0002084 total RNA-seq	total RNA-seq	heart left ventricle	adult	TISSUE	encode
RNA_SEQ	500	UBERON:0002097 total RNA-seq	total RNA-seq	skin of body	embryonic	TISSUE	encode
RNA_SEQ	501	UBERON:0002099 total RNA-seq	total RNA-seq	cardiac septum	adult	TISSUE	encode
RNA_SEQ	502	UBERON:0002106 polyA plus RNA-seq	polyA plus RNA-seq	spleen	adult	TISSUE	encode
RNA_SEQ	503	UBERON:0002106 total RNA-seq	total RNA-seq	spleen	adult	TISSUE	encode
RNA_SEQ	504	UBERON:0002107 polyA plus RNA-seq	polyA plus RNA-seq	liver	child	TISSUE	encode
RNA_SEQ	505	UBERON:0002107 total RNA-seq	total RNA-seq	liver	embryonic	TISSUE	encode
RNA_SEQ	506	UBERON:0002108 polyA plus RNA-seq	polyA plus RNA-seq	small intestine	adult	TISSUE	encode
RNA_SEQ	507	UBERON:0002113 polyA plus RNA-seq	polyA plus RNA-seq	kidney	adult	TISSUE	encode
RNA_SEQ	508	UBERON:0002113 total RNA-seq	total RNA-seq	kidney	adult	TISSUE	encode
RNA_SEQ	509	UBERON:0002168 total RNA-seq	total RNA-seq	left lung	adult	TISSUE	encode
RNA_SEQ	510	UBERON:0002170 total RNA-seq	total RNA-seq	upper lobe of right lung	adult	TISSUE	encode
RNA_SEQ	511	UBERON:0002171 total RNA-seq	total RNA-seq	lower lobe of right lung	adult	TISSUE	encode
RNA_SEQ	512	UBERON:0002190 total RNA-seq	total RNA-seq	subcutaneous adipose tissue	adult	TISSUE	encode
RNA_SEQ	513	UBERON:0002240 polyA plus RNA-seq	polyA plus RNA-seq	spinal cord	embryonic	TISSUE	encode
RNA_SEQ	514	UBERON:0002240 total RNA-seq	total RNA-seq	spinal cord	embryonic	TISSUE	encode
RNA_SEQ	515	UBERON:0002331 total RNA-seq	total RNA-seq	umbilical cord	embryonic	TISSUE	encode
RNA_SEQ	516	UBERON:0002367 total RNA-seq	total RNA-seq	prostate gland	adult	TISSUE	encode
RNA_SEQ	517	UBERON:0002369 polyA plus RNA-seq	polyA plus RNA-seq	adrenal gland	adult	TISSUE	encode
RNA_SEQ	518	UBERON:0002369 total RNA-seq	total RNA-seq	adrenal gland	adult	TISSUE	encode
RNA_SEQ	519	UBERON:0002370 polyA plus RNA-seq	polyA plus RNA-seq	thymus	embryonic	TISSUE	encode
RNA_SEQ	520	UBERON:0002469 total RNA-seq	total RNA-seq	esophagus mucosa	adult	TISSUE	encode
RNA_SEQ	521	UBERON:0003124 polyA plus RNA-seq	polyA plus RNA-seq	chorion	embryonic	TISSUE	encode
RNA_SEQ	522	UBERON:0004264 total RNA-seq	total RNA-seq	lower leg skin	adult	TISSUE	encode
RNA_SEQ	523	UBERON:0004550 total RNA-seq	total RNA-seq	gastroesophageal sphincter	adult	TISSUE	encode
RNA_SEQ	524	UBERON:0004648 total RNA-seq	total RNA-seq	esophagus muscularis mucosa	adult	TISSUE	encode
RNA_SEQ	525	UBERON:0004992 total RNA-seq	total RNA-seq	mucosa of descending colon	adult	TISSUE	encode
RNA_SEQ	526	UBERON:0005033 total RNA-seq	total RNA-seq	mucosa of gallbladder	child	TISSUE	encode
RNA_SEQ	527	UBERON:0006631 total RNA-seq	total RNA-seq	right atrium auricular region	adult	TISSUE	encode
RNA_SEQ	528	UBERON:0006920 total RNA-seq	total RNA-seq	esophagus squamous epithelium	adult	TISSUE	encode
RNA_SEQ	529	UBERON:0007106 polyA plus RNA-seq	polyA plus RNA-seq	chorionic villus	embryonic	TISSUE	encode
RNA_SEQ	530	UBERON:0008367 total RNA-seq	total RNA-seq	breast epithelium	adult	TISSUE	encode
RNA_SEQ	531	UBERON:0008450 polyA plus RNA-seq	polyA plus RNA-seq	psoas muscle	adult	TISSUE	encode
RNA_SEQ	532	UBERON:0008450 total RNA-seq	total RNA-seq	psoas muscle	adult	TISSUE	encode
RNA_SEQ	533	UBERON:0008952 total RNA-seq	total RNA-seq	upper lobe of left lung	adult	TISSUE	encode
RNA_SEQ	534	UBERON:0008953 total RNA-seq	total RNA-seq	lower lobe of left lung	adult	TISSUE	encode
RNA_SEQ	535	UBERON:0008971 total RNA-seq	total RNA-seq	left colon	adult	TISSUE	encode
RNA_SEQ	536	UBERON:0009834 total RNA-seq	total RNA-seq	dorsolateral prefrontal cortex	adult	TISSUE	encode
RNA_SEQ	537	UBERON:0010414 total RNA-seq	total RNA-seq	omental fat pad	adult	TISSUE	encode
RNA_SEQ	538	UBERON:0011907 total RNA-seq	total RNA-seq	gastrocnemius medialis	adult	TISSUE	encode
RNA_SEQ	539	UBERON:0015143 total RNA-seq	total RNA-seq	mesenteric fat pad	adult	TISSUE	encode
RNA_SEQ	540	UBERON:0036149 total RNA-seq	total RNA-seq	suprapubic skin	adult	TISSUE	encode
RNA_SEQ	541	UBERON:1000010 polyA plus RNA-seq	polyA plus RNA-seq	mole	unknown	TISSUE	encode
RNA_SEQ	542	CL:0000100 total RNA-seq	total RNA-seq	motor neuron	adult	IN_VITRO_DIFFERENTIATED_CELLS	encode
RNA_SEQ	543	CL:0000121 polyA plus RNA-seq	polyA plus RNA-seq	Purkinje cell	child	PRIMARY_CELL	encode
RNA_SEQ	544	CL:0000182 polyA plus RNA-seq	polyA plus RNA-seq	hepatocyte	embryonic	IN_VITRO_DIFFERENTIATED_CELLS	encode
RNA_SEQ	545	CL:0000187 polyA plus RNA-seq	polyA plus RNA-seq	myocyte	adult	IN_VITRO_DIFFERENTIATED_CELLS	encode
RNA_SEQ	546	CL:0000192 polyA plus RNA-seq	polyA plus RNA-seq	smooth muscle cell	embryonic	IN_VITRO_DIFFERENTIATED_CELLS	encode
RNA_SEQ	547	CL:0000312 polyA plus RNA-seq	polyA plus RNA-seq	keratinocyte	unknown	PRIMARY_CELL	encode
RNA_SEQ	548	CL:0000515 polyA plus RNA-seq	polyA plus RNA-seq	skeletal muscle myoblast	unknown	PRIMARY_CELL	encode
RNA_SEQ	549	CL:0000624 polyA plus RNA-seq	polyA plus RNA-seq	CD4-positive, alpha-beta T cell	adult	PRIMARY_CELL	encode
RNA_SEQ	550	CL:0000625 polyA plus RNA-seq	polyA plus RNA-seq	CD8-positive, alpha-beta T cell	adult	PRIMARY_CELL	encode
RNA_SEQ	551	CL:0000746 polyA plus RNA-seq	polyA plus RNA-seq	cardiac muscle cell	embryonic	IN_VITRO_DIFFERENTIATED_CELLS	encode
RNA_SEQ	552	CL:0000788 polyA plus RNA-seq	polyA plus RNA-seq	naive B cell	unknown	PRIMARY_CELL	encode
RNA_SEQ	553	CL:0000792 polyA plus RNA-seq	polyA plus RNA-seq	CD4-positive, CD25-positive, alpha-beta regulatory T cell	unknown	PRIMARY_CELL	encode
RNA_SEQ	554	CL:0000823 polyA plus RNA-seq	polyA plus RNA-seq	immature natural killer cell	unknown	PRIMARY_CELL	encode
RNA_SEQ	555	CL:0000895 polyA plus RNA-seq	polyA plus RNA-seq	naive thymus-derived CD4-positive, alpha-beta T cell	unknown	PRIMARY_CELL	encode
RNA_SEQ	556	CL:0000897 polyA plus RNA-seq	polyA plus RNA-seq	CD4-positive, alpha-beta memory T cell	unknown	PRIMARY_CELL	encode
RNA_SEQ	557	CL:0000900 polyA plus RNA-seq	polyA plus RNA-seq	naive thymus-derived CD8-positive, alpha-beta T cell	unknown	PRIMARY_CELL	encode
RNA_SEQ	558	CL:0000909 polyA plus RNA-seq	polyA plus RNA-seq	CD8-positive, alpha-beta memory T cell	unknown	PRIMARY_CELL	encode
RNA_SEQ	559	CL:0001053 polyA plus RNA-seq	polyA plus RNA-seq	IgD-negative memory B cell	unknown	PRIMARY_CELL	encode
RNA_SEQ	560	CL:0001054 polyA plus RNA-seq	polyA plus RNA-seq	CD14-positive monocyte	unknown	PRIMARY_CELL	encode
RNA_SEQ	561	CL:0001059 polyA plus RNA-seq	polyA plus RNA-seq	common myeloid progenitor, CD34-positive	adult	PRIMARY_CELL	encode
RNA_SEQ	562	CL:0002553 polyA plus RNA-seq	polyA plus RNA-seq	fibroblast of lung	unknown	PRIMARY_CELL	encode
RNA_SEQ	563	CL:0002618 polyA plus RNA-seq	polyA plus RNA-seq	endothelial cell of umbilical vein	newborn	PRIMARY_CELL	encode
RNA_SEQ	564	CL:0011022 polyA plus RNA-seq	polyA plus RNA-seq	fibroblast of skin of back	embryonic	PRIMARY_CELL	encode
RNA_SEQ	565	CL:2000013 polyA plus RNA-seq	polyA plus RNA-seq	fibroblast of skin of abdomen	embryonic	PRIMARY_CELL	encode
RNA_SEQ	566	CLO:0007045 polyA plus RNA-seq	polyA plus RNA-seq	Jurkat, Clone E6-1	child	CELL_LINE	encode
RNA_SEQ	567	EFO:0000572 gtex Cells_EBV-transformed_lymphocytes polyA plus RNA-seq	polyA plus RNA-seq	lymphoblast	adult	TISSUE	gtex
RNA_SEQ	568	EFO:0001187 polyA plus RNA-seq	polyA plus RNA-seq	HepG2	child	CELL_LINE	encode
RNA_SEQ	569	EFO:0001203 polyA plus RNA-seq	polyA plus RNA-seq	MCF-7	adult	CELL_LINE	encode
RNA_SEQ	570	EFO:0002009 gtex Cells_Cultured_fibroblasts polyA plus RNA-seq	polyA plus RNA-seq	fibroblast derived cell line	adult	TISSUE	gtex
RNA_SEQ	571	EFO:0002067 polyA plus RNA-seq	polyA plus RNA-seq	K562	adult	CELL_LINE	encode
RNA_SEQ	572	EFO:0002713 polyA plus RNA-seq	polyA plus RNA-seq	Panc1	adult	CELL_LINE	encode
RNA_SEQ	573	EFO:0002784 polyA plus RNA-seq	polyA plus RNA-seq	GM12878	adult	CELL_LINE	encode
RNA_SEQ	574	EFO:0002785 polyA plus RNA-seq	polyA plus RNA-seq	GM12891	unknown	CELL_LINE	encode
RNA_SEQ	575	EFO:0002786 polyA plus RNA-seq	polyA plus RNA-seq	GM12892	unknown	CELL_LINE	encode
RNA_SEQ	576	EFO:0002791 polyA plus RNA-seq	polyA plus RNA-seq	HeLa-S3	adult	CELL_LINE	encode
RNA_SEQ	577	EFO:0002824 polyA plus RNA-seq	polyA plus RNA-seq	HCT116	adult	CELL_LINE	encode
RNA_SEQ	578	EFO:0003042 polyA plus RNA-seq	polyA plus RNA-seq	H1	embryonic	CELL_LINE	encode
RNA_SEQ	579	EFO:0003072 polyA plus RNA-seq	polyA plus RNA-seq	SK-N-SH	child	CELL_LINE	encode
RNA_SEQ	580	EFO:0005234 polyA plus RNA-seq	polyA plus RNA-seq	PFSK-1	child	CELL_LINE	encode
RNA_SEQ	581	EFO:0005237 polyA plus RNA-seq	polyA plus RNA-seq	U-87 MG	adult	CELL_LINE	encode
RNA_SEQ	582	EFO:0005714 polyA plus RNA-seq	polyA plus RNA-seq	LHCN-M2	adult	CELL_LINE	encode
RNA_SEQ	583	EFO:0005723 polyA plus RNA-seq	polyA plus RNA-seq	GM23248	adult	CELL_LINE	encode
RNA_SEQ	584	EFO:0005725 polyA plus RNA-seq	polyA plus RNA-seq	BE2C	child	CELL_LINE	encode
RNA_SEQ	585	EFO:0007950 polyA plus RNA-seq	polyA plus RNA-seq	GM23338	adult	CELL_LINE	encode
RNA_SEQ	586	EFO:0009747 total RNA-seq	total RNA-seq	WTC11	adult	CELL_LINE	encode
RNA_SEQ	587	NTR:0000524 polyA plus RNA-seq	polyA plus RNA-seq	fibroblast of skin of scalp	embryonic	PRIMARY_CELL	encode
RNA_SEQ	588	UBERON:0000007 gtex Pituitary polyA plus RNA-seq	polyA plus RNA-seq	pituitary gland	adult	TISSUE	gtex
RNA_SEQ	589	UBERON:0000059 polyA plus RNA-seq	polyA plus RNA-seq	large intestine	embryonic	TISSUE	encode
RNA_SEQ	590	UBERON:0000458 gtex Cervix_Endocervix polyA plus RNA-seq	polyA plus RNA-seq	endocervix	adult	TISSUE	gtex
RNA_SEQ	591	UBERON:0000473 gtex Testis polyA plus RNA-seq	polyA plus RNA-seq	testis	adult	TISSUE	gtex
RNA_SEQ	592	UBERON:0000473 polyA plus RNA-seq	polyA plus RNA-seq	testis	embryonic	TISSUE	encode
RNA_SEQ	593	UBERON:0000945 gtex Stomach polyA plus RNA-seq	polyA plus RNA-seq	stomach	adult	TISSUE	gtex
RNA_SEQ	594	UBERON:0000945 polyA plus RNA-seq	polyA plus RNA-seq	stomach	embryonic	TISSUE	encode
RNA_SEQ	595	UBERON:0000948 polyA plus RNA-seq	polyA plus RNA-seq	heart	embryonic	TISSUE	encode
RNA_SEQ	596	UBERON:0000992 gtex Ovary polyA plus RNA-seq	polyA plus RNA-seq	ovary	adult	TISSUE	gtex
RNA_SEQ	597	UBERON:0000992 polyA plus RNA-seq	polyA plus RNA-seq	ovary	embryonic	TISSUE	encode
RNA_SEQ	598	UBERON:0000995 gtex Uterus polyA plus RNA-seq	polyA plus RNA-seq	uterus	adult	TISSUE	gtex
RNA_SEQ	599	UBERON:0000996 gtex Vagina polyA plus RNA-seq	polyA plus RNA-seq	vagina	adult	TISSUE	gtex
RNA_SEQ	600	UBERON:0001114 gtex Liver polyA plus RNA-seq	polyA plus RNA-seq	right lobe of liver	adult	TISSUE	gtex
RNA_SEQ	601	UBERON:0001150 gtex Pancreas polyA plus RNA-seq	polyA plus RNA-seq	body of pancreas	adult	TISSUE	gtex
RNA_SEQ	602	UBERON:0001157 gtex Colon_Transverse polyA plus RNA-seq	polyA plus RNA-seq	transverse colon	adult	TISSUE	gtex
RNA_SEQ	603	UBERON:0001159 gtex Colon_Sigmoid polyA plus RNA-seq	polyA plus RNA-seq	sigmoid colon	adult	TISSUE	gtex
RNA_SEQ	604	UBERON:0001211 gtex Small_Intestine_Terminal_Ileum polyA plus RNA-seq	polyA plus RNA-seq	Peyer\'s patch	adult	TISSUE	gtex
RNA_SEQ	605	UBERON:0001224 polyA plus RNA-seq	polyA plus RNA-seq	renal pelvis	embryonic	TISSUE	encode
RNA_SEQ	606	UBERON:0001225 gtex Kidney_Cortex polyA plus RNA-seq	polyA plus RNA-seq	cortex of kidney	adult	TISSUE	gtex
RNA_SEQ	607	UBERON:0001255 gtex Bladder polyA plus RNA-seq	polyA plus RNA-seq	urinary bladder	adult	TISSUE	gtex
RNA_SEQ	608	UBERON:0001293 gtex Kidney_Medulla polyA plus RNA-seq	polyA plus RNA-seq	outer medulla of kidney	adult	TISSUE	gtex
RNA_SEQ	609	UBERON:0001323 gtex Nerve_Tibial polyA plus RNA-seq	polyA plus RNA-seq	tibial nerve	adult	TISSUE	gtex
RNA_SEQ	610	UBERON:0001383 polyA plus RNA-seq	polyA plus RNA-seq	muscle of leg	embryonic	TISSUE	encode
RNA_SEQ	611	UBERON:0001496 gtex Artery_Aorta polyA plus RNA-seq	polyA plus RNA-seq	ascending aorta	adult	TISSUE	gtex
RNA_SEQ	612	UBERON:0001499 polyA plus RNA-seq	polyA plus RNA-seq	muscle of arm	embryonic	TISSUE	encode
RNA_SEQ	613	UBERON:0001621 gtex Artery_Coronary polyA plus RNA-seq	polyA plus RNA-seq	coronary artery	adult	TISSUE	gtex
RNA_SEQ	614	UBERON:0001774 polyA plus RNA-seq	polyA plus RNA-seq	muscle of trunk	embryonic	TISSUE	encode
RNA_SEQ	615	UBERON:0001870 gtex Brain_Cortex polyA plus RNA-seq	polyA plus RNA-seq	frontal cortex	adult	TISSUE	gtex
RNA_SEQ	616	UBERON:0001873 gtex Brain_Caudate_basal_ganglia polyA plus RNA-seq	polyA plus RNA-seq	caudate nucleus	adult	TISSUE	gtex
RNA_SEQ	617	UBERON:0001874 gtex Brain_Putamen_basal_ganglia polyA plus RNA-seq	polyA plus RNA-seq	putamen	adult	TISSUE	gtex
RNA_SEQ	618	UBERON:0001876 gtex Brain_Amygdala polyA plus RNA-seq	polyA plus RNA-seq	amygdala	adult	TISSUE	gtex
RNA_SEQ	619	UBERON:0001882 gtex Brain_Nucleus_accumbens_basal_ganglia polyA plus RNA-seq	polyA plus RNA-seq	nucleus accumbens	adult	TISSUE	gtex
RNA_SEQ	620	UBERON:0001898 gtex Brain_Hypothalamus polyA plus RNA-seq	polyA plus RNA-seq	hypothalamus	adult	TISSUE	gtex
RNA_SEQ	621	UBERON:0001954 gtex Brain_Hippocampus polyA plus RNA-seq	polyA plus RNA-seq	Ammon\'s horn	adult	TISSUE	gtex
RNA_SEQ	622	UBERON:0002037 gtex Brain_Cerebellum polyA plus RNA-seq	polyA plus RNA-seq	cerebellum	adult	TISSUE	gtex
RNA_SEQ	623	UBERON:0002038 gtex Brain_Substantia_nigra polyA plus RNA-seq	polyA plus RNA-seq	substantia nigra	adult	TISSUE	gtex
RNA_SEQ	624	UBERON:0002046 gtex Thyroid polyA plus RNA-seq	polyA plus RNA-seq	thyroid gland	adult	TISSUE	gtex
RNA_SEQ	625	UBERON:0002106 gtex Spleen polyA plus RNA-seq	polyA plus RNA-seq	spleen	adult	TISSUE	gtex
RNA_SEQ	626	UBERON:0002106 polyA plus RNA-seq	polyA plus RNA-seq	spleen	embryonic	TISSUE	encode
RNA_SEQ	627	UBERON:0002107 polyA plus RNA-seq	polyA plus RNA-seq	liver	child,adult	TISSUE	encode
RNA_SEQ	628	UBERON:0002108 polyA plus RNA-seq	polyA plus RNA-seq	small intestine	embryonic	TISSUE	encode
RNA_SEQ	629	UBERON:0002113 polyA plus RNA-seq	polyA plus RNA-seq	kidney	embryonic	TISSUE	encode
RNA_SEQ	630	UBERON:0002167 polyA plus RNA-seq	polyA plus RNA-seq	right lung	embryonic	TISSUE	encode
RNA_SEQ	631	UBERON:0002168 polyA plus RNA-seq	polyA plus RNA-seq	left lung	embryonic	TISSUE	encode
RNA_SEQ	632	UBERON:0002190 gtex Adipose_Subcutaneous polyA plus RNA-seq	polyA plus RNA-seq	subcutaneous adipose tissue	adult	TISSUE	gtex
RNA_SEQ	633	UBERON:0002240 polyA plus RNA-seq	polyA plus RNA-seq	spinal cord	embryonic	TISSUE	encode
RNA_SEQ	634	UBERON:0002245 gtex Brain_Cerebellar_Hemisphere polyA plus RNA-seq	polyA plus RNA-seq	cerebellar hemisphere	adult	TISSUE	gtex
RNA_SEQ	635	UBERON:0002324 polyA plus RNA-seq	polyA plus RNA-seq	muscle of back	embryonic	TISSUE	encode
RNA_SEQ	636	UBERON:0002367 gtex Prostate polyA plus RNA-seq	polyA plus RNA-seq	prostate gland	adult	TISSUE	gtex
RNA_SEQ	637	UBERON:0002369 gtex Adrenal_Gland polyA plus RNA-seq	polyA plus RNA-seq	adrenal gland	adult	TISSUE	gtex
RNA_SEQ	638	UBERON:0002369 polyA plus RNA-seq	polyA plus RNA-seq	adrenal gland	embryonic	TISSUE	encode
RNA_SEQ	639	UBERON:0002370 polyA plus RNA-seq	polyA plus RNA-seq	thymus	embryonic	TISSUE	encode
RNA_SEQ	640	UBERON:0003662 polyA plus RNA-seq	polyA plus RNA-seq	forelimb muscle	embryonic	TISSUE	encode
RNA_SEQ	641	UBERON:0003663 polyA plus RNA-seq	polyA plus RNA-seq	hindlimb muscle	embryonic	TISSUE	encode
RNA_SEQ	642	UBERON:0003889 gtex Fallopian_Tube polyA plus RNA-seq	polyA plus RNA-seq	fallopian tube	adult	TISSUE	gtex
RNA_SEQ	643	UBERON:0004264 gtex Skin_Sun_Exposed_Lower_leg polyA plus RNA-seq	polyA plus RNA-seq	lower leg skin	adult	TISSUE	gtex
RNA_SEQ	644	UBERON:0004538 polyA plus RNA-seq	polyA plus RNA-seq	left kidney	embryonic	TISSUE	encode
RNA_SEQ	645	UBERON:0004550 gtex Esophagus_Gastroesophageal_Junction polyA plus RNA-seq	polyA plus RNA-seq	gastroesophageal sphincter	adult	TISSUE	gtex
RNA_SEQ	646	UBERON:0004648 gtex Esophagus_Muscularis polyA plus RNA-seq	polyA plus RNA-seq	esophagus muscularis mucosa	adult	TISSUE	gtex
RNA_SEQ	647	UBERON:0005270 polyA plus RNA-seq	polyA plus RNA-seq	renal cortex interstitium	embryonic	TISSUE	encode
RNA_SEQ	648	UBERON:0006330 gtex Minor_Salivary_Gland polyA plus RNA-seq	polyA plus RNA-seq	anterior lingual gland	adult	TISSUE	gtex
RNA_SEQ	649	UBERON:0006469 gtex Brain_Spinal_cord_cervical_c-1 polyA plus RNA-seq	polyA plus RNA-seq	C1 segment of cervical spinal cord	adult	TISSUE	gtex
RNA_SEQ	650	UBERON:0006566 gtex Heart_Left_Ventricle polyA plus RNA-seq	polyA plus RNA-seq	left ventricle myocardium	adult	TISSUE	gtex
RNA_SEQ	651	UBERON:0006631 gtex Heart_Atrial_Appendage polyA plus RNA-seq	polyA plus RNA-seq	right atrium auricular region	adult	TISSUE	gtex
RNA_SEQ	652	UBERON:0006920 gtex Esophagus_Mucosa polyA plus RNA-seq	polyA plus RNA-seq	esophagus squamous epithelium	adult	TISSUE	gtex
RNA_SEQ	653	UBERON:0007610 gtex Artery_Tibial polyA plus RNA-seq	polyA plus RNA-seq	tibial artery	adult	TISSUE	gtex
RNA_SEQ	654	UBERON:0008367 gtex Breast_Mammary_Tissue polyA plus RNA-seq	polyA plus RNA-seq	breast epithelium	adult	TISSUE	gtex
RNA_SEQ	655	UBERON:0008952 gtex Lung polyA plus RNA-seq	polyA plus RNA-seq	upper lobe of left lung	adult	TISSUE	gtex
RNA_SEQ	656	UBERON:0009834 gtex Brain_Frontal_Cortex_BA9 polyA plus RNA-seq	polyA plus RNA-seq	dorsolateral prefrontal cortex	adult	TISSUE	gtex
RNA_SEQ	657	UBERON:0009835 gtex Brain_Anterior_cingulate_cortex_BA24 polyA plus RNA-seq	polyA plus RNA-seq	anterior cingulate cortex	adult	TISSUE	gtex
RNA_SEQ	658	UBERON:0010414 gtex Adipose_Visceral_Omentum polyA plus RNA-seq	polyA plus RNA-seq	omental fat pad	adult	TISSUE	gtex
RNA_SEQ	659	UBERON:0011907 gtex Muscle_Skeletal polyA plus RNA-seq	polyA plus RNA-seq	gastrocnemius medialis	adult	TISSUE	gtex
RNA_SEQ	660	UBERON:0012249 gtex Cervix_Ectocervix polyA plus RNA-seq	polyA plus RNA-seq	ectocervix	adult	TISSUE	gtex
RNA_SEQ	661	UBERON:0013756 gtex Whole_Blood polyA plus RNA-seq	polyA plus RNA-seq	venous blood	adult	TISSUE	gtex
RNA_SEQ	662	UBERON:0018115 polyA plus RNA-seq	polyA plus RNA-seq	left renal pelvis	embryonic	TISSUE	encode
RNA_SEQ	663	UBERON:0018116 polyA plus RNA-seq	polyA plus RNA-seq	right renal pelvis	embryonic	TISSUE	encode
RNA_SEQ	664	UBERON:0018117 polyA plus RNA-seq	polyA plus RNA-seq	left renal cortex interstitium	embryonic	TISSUE	encode
RNA_SEQ	665	UBERON:0018118 polyA plus RNA-seq	polyA plus RNA-seq	right renal cortex interstitium	embryonic	TISSUE	encode
RNA_SEQ	666	UBERON:0036149 gtex Skin_Not_Sun_Exposed_Suprapubic polyA plus RNA-seq	polyA plus RNA-seq	suprapubic skin	adult	TISSUE	gtex
RNA_SEQ	667	Padding					
RNA_SEQ	668	Padding					
RNA_SEQ	669	Padding					
RNA_SEQ	670	Padding					
RNA_SEQ	671	Padding					
RNA_SEQ	672	Padding					
RNA_SEQ	673	Padding					
RNA_SEQ	674	Padding					
RNA_SEQ	675	Padding					
RNA_SEQ	676	Padding					
RNA_SEQ	677	Padding					
RNA_SEQ	678	Padding					
RNA_SEQ	679	Padding					
RNA_SEQ	680	Padding					
RNA_SEQ	681	Padding					
RNA_SEQ	682	Padding					
RNA_SEQ	683	Padding					
RNA_SEQ	684	Padding					
RNA_SEQ	685	Padding					
RNA_SEQ	686	Padding					
RNA_SEQ	687	Padding					
RNA_SEQ	688	Padding					
RNA_SEQ	689	Padding					
RNA_SEQ	690	Padding					
RNA_SEQ	691	Padding					
RNA_SEQ	692	Padding					
RNA_SEQ	693	Padding					
RNA_SEQ	694	Padding					
RNA_SEQ	695	Padding					
RNA_SEQ	696	Padding					
RNA_SEQ	697	Padding					
RNA_SEQ	698	Padding					
RNA_SEQ	699	Padding					
RNA_SEQ	700	Padding					
RNA_SEQ	701	Padding					
RNA_SEQ	702	Padding					
RNA_SEQ	703	Padding					
RNA_SEQ	704	Padding					
RNA_SEQ	705	Padding					
RNA_SEQ	706	Padding					
RNA_SEQ	707	Padding					
RNA_SEQ	708	Padding					
RNA_SEQ	709	Padding					
RNA_SEQ	710	Padding					
RNA_SEQ	711	Padding					
RNA_SEQ	712	Padding					
RNA_SEQ	713	Padding					
RNA_SEQ	714	Padding					
RNA_SEQ	715	Padding					
RNA_SEQ	716	Padding					
RNA_SEQ	717	Padding					
RNA_SEQ	718	Padding					
RNA_SEQ	719	Padding					
RNA_SEQ	720	Padding					
RNA_SEQ	721	Padding					
RNA_SEQ	722	Padding					
RNA_SEQ	723	Padding					
RNA_SEQ	724	Padding					
RNA_SEQ	725	Padding					
RNA_SEQ	726	Padding					
RNA_SEQ	727	Padding					
RNA_SEQ	728	Padding					
RNA_SEQ	729	Padding					
RNA_SEQ	730	Padding					
RNA_SEQ	731	Padding					
RNA_SEQ	732	Padding					
RNA_SEQ	733	Padding					
RNA_SEQ	734	Padding					
RNA_SEQ	735	Padding					
RNA_SEQ	736	Padding					
RNA_SEQ	737	Padding					
RNA_SEQ	738	Padding					
RNA_SEQ	739	Padding					
RNA_SEQ	740	Padding					
RNA_SEQ	741	Padding					
RNA_SEQ	742	Padding					
RNA_SEQ	743	Padding					
RNA_SEQ	744	Padding					
RNA_SEQ	745	Padding					
RNA_SEQ	746	Padding					
RNA_SEQ	747	Padding					
RNA_SEQ	748	Padding					
RNA_SEQ	749	Padding					
RNA_SEQ	750	Padding					
RNA_SEQ	751	Padding					
RNA_SEQ	752	Padding					
RNA_SEQ	753	Padding					
RNA_SEQ	754	Padding					
RNA_SEQ	755	Padding					
RNA_SEQ	756	Padding					
RNA_SEQ	757	Padding					
RNA_SEQ	758	Padding					
RNA_SEQ	759	Padding					
RNA_SEQ	760	Padding					
RNA_SEQ	761	Padding					
RNA_SEQ	762	Padding					
RNA_SEQ	763	Padding					
RNA_SEQ	764	Padding					
RNA_SEQ	765	Padding					
RNA_SEQ	766	Padding					
RNA_SEQ	767	Padding					
CHIP_HISTONE	0	CL:0000047 Histone ChIP-seq H2AFZ	Histone ChIP-seq	neuronal stem cell	embryonic	IN_VITRO_DIFFERENTIATED_CELLS	encode
CHIP_HISTONE	1	CL:0000047 Histone ChIP-seq H2AK5ac	Histone ChIP-seq	neuronal stem cell	embryonic	IN_VITRO_DIFFERENTIATED_CELLS	encode
CHIP_HISTONE	2	CL:0000047 Histone ChIP-seq H2BK5ac	Histone ChIP-seq	neuronal stem cell	embryonic	IN_VITRO_DIFFERENTIATED_CELLS	encode
CHIP_HISTONE	3	CL:0000047 Histone ChIP-seq H3K18ac	Histone ChIP-seq	neuronal stem cell	embryonic	IN_VITRO_DIFFERENTIATED_CELLS	encode
CHIP_HISTONE	4	CL:0000047 Histone ChIP-seq H3K27ac	Histone ChIP-seq	neuronal stem cell	embryonic	IN_VITRO_DIFFERENTIATED_CELLS	encode
CHIP_HISTONE	5	CL:0000047 Histone ChIP-seq H3K27me3	Histone ChIP-seq	neuronal stem cell	embryonic	IN_VITRO_DIFFERENTIATED_CELLS	encode
CHIP_HISTONE	6	CL:0000047 Histone ChIP-seq H3K36me3	Histone ChIP-seq	neuronal stem cell	embryonic	IN_VITRO_DIFFERENTIATED_CELLS	encode
CHIP_HISTONE	7	CL:0000047 Histone ChIP-seq H3K4me1	Histone ChIP-seq	neuronal stem cell	embryonic	IN_VITRO_DIFFERENTIATED_CELLS	encode
CHIP_HISTONE	8	CL:0000047 Histone ChIP-seq H3K4me2	Histone ChIP-seq	neuronal stem cell	embryonic	IN_VITRO_DIFFERENTIATED_CELLS	encode
CHIP_HISTONE	9	CL:0000047 Histone ChIP-seq H3K4me3	Histone ChIP-seq	neuronal stem cell	embryonic	IN_VITRO_DIFFERENTIATED_CELLS	encode
CHIP_HISTONE	10	CL:0000047 Histone ChIP-seq H3K9me3	Histone ChIP-seq	neuronal stem cell	embryonic	IN_VITRO_DIFFERENTIATED_CELLS	encode
CHIP_HISTONE	11	CL:0000062 Histone ChIP-seq H2AFZ	Histone ChIP-seq	osteoblast	unknown	PRIMARY_CELL	encode
CHIP_HISTONE	12	CL:0000062 Histone ChIP-seq H3K27ac	Histone ChIP-seq	osteoblast	unknown	PRIMARY_CELL	encode
CHIP_HISTONE	13	CL:0000062 Histone ChIP-seq H3K27me3	Histone ChIP-seq	osteoblast	unknown	PRIMARY_CELL	encode
CHIP_HISTONE	14	CL:0000062 Histone ChIP-seq H3K36me3	Histone ChIP-seq	osteoblast	unknown	PRIMARY_CELL	encode
CHIP_HISTONE	15	CL:0000062 Histone ChIP-seq H3K4me1	Histone ChIP-seq	osteoblast	unknown	PRIMARY_CELL	encode
CHIP_HISTONE	16	CL:0000062 Histone ChIP-seq H3K4me2	Histone ChIP-seq	osteoblast	unknown	PRIMARY_CELL	encode
CHIP_HISTONE	17	CL:0000062 Histone ChIP-seq H3K4me3	Histone ChIP-seq	osteoblast	unknown	PRIMARY_CELL	encode
CHIP_HISTONE	18	CL:0000062 Histone ChIP-seq H3K79me2	Histone ChIP-seq	osteoblast	unknown	PRIMARY_CELL	encode
CHIP_HISTONE	19	CL:0000062 Histone ChIP-seq H4K20me1	Histone ChIP-seq	osteoblast	unknown	PRIMARY_CELL	encode
CHIP_HISTONE	20	CL:0000084 Histone ChIP-seq H3K27ac	Histone ChIP-seq	T-cell	adult	PRIMARY_CELL	encode
CHIP_HISTONE	21	CL:0000084 Histone ChIP-seq H3K27me3	Histone ChIP-seq	T-cell	adult	PRIMARY_CELL	encode
CHIP_HISTONE	22	CL:0000084 Histone ChIP-seq H3K36me3	Histone ChIP-seq	T-cell	adult	PRIMARY_CELL	encode
CHIP_HISTONE	23	CL:0000084 Histone ChIP-seq H3K4me1	Histone ChIP-seq	T-cell	adult	PRIMARY_CELL	encode
CHIP_HISTONE	24	CL:0000084 Histone ChIP-seq H3K4me3	Histone ChIP-seq	T-cell	adult	PRIMARY_CELL	encode
CHIP_HISTONE	25	CL:0000084 Histone ChIP-seq H3K9me3	Histone ChIP-seq	T-cell	adult	PRIMARY_CELL	encode
CHIP_HISTONE	26	CL:0000100 Histone ChIP-seq H3K27ac	Histone ChIP-seq	motor neuron	adult	IN_VITRO_DIFFERENTIATED_CELLS	encode
CHIP_HISTONE	27	CL:0000100 Histone ChIP-seq H3K4me1	Histone ChIP-seq	motor neuron	adult	IN_VITRO_DIFFERENTIATED_CELLS	encode
CHIP_HISTONE	28	CL:0000100 Histone ChIP-seq H3K4me3	Histone ChIP-seq	motor neuron	adult	IN_VITRO_DIFFERENTIATED_CELLS	encode
CHIP_HISTONE	29	CL:0000127 Histone ChIP-seq H2AFZ	Histone ChIP-seq	astrocyte	unknown	PRIMARY_CELL	encode
CHIP_HISTONE	30	CL:0000127 Histone ChIP-seq H3K27ac	Histone ChIP-seq	astrocyte	unknown	PRIMARY_CELL	encode
CHIP_HISTONE	31	CL:0000127 Histone ChIP-seq H3K27me3	Histone ChIP-seq	astrocyte	unknown	PRIMARY_CELL	encode
CHIP_HISTONE	32	CL:0000127 Histone ChIP-seq H3K36me3	Histone ChIP-seq	astrocyte	unknown	PRIMARY_CELL	encode
CHIP_HISTONE	33	CL:0000127 Histone ChIP-seq H3K4me1	Histone ChIP-seq	astrocyte	unknown	PRIMARY_CELL	encode
CHIP_HISTONE	34	CL:0000127 Histone ChIP-seq H3K4me2	Histone ChIP-seq	astrocyte	unknown	PRIMARY_CELL	encode
CHIP_HISTONE	35	CL:0000127 Histone ChIP-seq H3K4me3	Histone ChIP-seq	astrocyte	unknown	PRIMARY_CELL	encode
CHIP_HISTONE	36	CL:0000127 Histone ChIP-seq H3K79me2	Histone ChIP-seq	astrocyte	unknown	PRIMARY_CELL	encode
CHIP_HISTONE	37	CL:0000127 Histone ChIP-seq H3K9ac	Histone ChIP-seq	astrocyte	unknown	PRIMARY_CELL	encode
CHIP_HISTONE	38	CL:0000127 Histone ChIP-seq H4K20me1	Histone ChIP-seq	astrocyte	unknown	PRIMARY_CELL	encode
CHIP_HISTONE	39	CL:0000134 Histone ChIP-seq H2BK120ac	Histone ChIP-seq	mesenchymal stem cell	embryonic	IN_VITRO_DIFFERENTIATED_CELLS	encode
CHIP_HISTONE	40	CL:0000134 Histone ChIP-seq H2BK12ac	Histone ChIP-seq	mesenchymal stem cell	embryonic	IN_VITRO_DIFFERENTIATED_CELLS	encode
CHIP_HISTONE	41	CL:0000134 Histone ChIP-seq H3K14ac	Histone ChIP-seq	mesenchymal stem cell	embryonic	IN_VITRO_DIFFERENTIATED_CELLS	encode
CHIP_HISTONE	42	CL:0000134 Histone ChIP-seq H3K18ac	Histone ChIP-seq	mesenchymal stem cell	embryonic	IN_VITRO_DIFFERENTIATED_CELLS	encode
CHIP_HISTONE	43	CL:0000134 Histone ChIP-seq H3K27ac	Histone ChIP-seq	mesenchymal stem cell	embryonic	IN_VITRO_DIFFERENTIATED_CELLS	encode
CHIP_HISTONE	44	CL:0000134 Histone ChIP-seq H3K27me3	Histone ChIP-seq	mesenchymal stem cell	adult	PRIMARY_CELL	encode
CHIP_HISTONE	45	CL:0000134 Histone ChIP-seq H3K36me3	Histone ChIP-seq	mesenchymal stem cell	adult	PRIMARY_CELL	encode
CHIP_HISTONE	46	CL:0000134 Histone ChIP-seq H3K4ac	Histone ChIP-seq	mesenchymal stem cell	embryonic	IN_VITRO_DIFFERENTIATED_CELLS	encode
CHIP_HISTONE	47	CL:0000134 Histone ChIP-seq H3K4me1	Histone ChIP-seq	mesenchymal stem cell	adult	PRIMARY_CELL	encode
CHIP_HISTONE	48	CL:0000134 Histone ChIP-seq H3K4me3	Histone ChIP-seq	mesenchymal stem cell	adult	PRIMARY_CELL	encode
CHIP_HISTONE	49	CL:0000134 Histone ChIP-seq H3K9ac	Histone ChIP-seq	mesenchymal stem cell	adult	PRIMARY_CELL	encode
CHIP_HISTONE	50	CL:0000134 Histone ChIP-seq H3K9me3	Histone ChIP-seq	mesenchymal stem cell	adult	PRIMARY_CELL	encode
CHIP_HISTONE	51	CL:0000134 Histone ChIP-seq H4K8ac	Histone ChIP-seq	mesenchymal stem cell	embryonic	IN_VITRO_DIFFERENTIATED_CELLS	encode
CHIP_HISTONE	52	CL:0000134 Histone ChIP-seq H4K91ac	Histone ChIP-seq	mesenchymal stem cell	embryonic	IN_VITRO_DIFFERENTIATED_CELLS	encode
CHIP_HISTONE	53	CL:0000136 Histone ChIP-seq H3K27me3	Histone ChIP-seq	adipocyte	adult	IN_VITRO_DIFFERENTIATED_CELLS	encode
CHIP_HISTONE	54	CL:0000136 Histone ChIP-seq H3K36me3	Histone ChIP-seq	adipocyte	adult	IN_VITRO_DIFFERENTIATED_CELLS	encode
CHIP_HISTONE	55	CL:0000136 Histone ChIP-seq H3K4me1	Histone ChIP-seq	adipocyte	adult	IN_VITRO_DIFFERENTIATED_CELLS	encode
CHIP_HISTONE	56	CL:0000136 Histone ChIP-seq H3K4me3	Histone ChIP-seq	adipocyte	adult	IN_VITRO_DIFFERENTIATED_CELLS	encode
CHIP_HISTONE	57	CL:0000136 Histone ChIP-seq H3K9ac	Histone ChIP-seq	adipocyte	adult	IN_VITRO_DIFFERENTIATED_CELLS	encode
CHIP_HISTONE	58	CL:0000136 Histone ChIP-seq H3K9me3	Histone ChIP-seq	adipocyte	adult	IN_VITRO_DIFFERENTIATED_CELLS	encode
CHIP_HISTONE	59	CL:0000182 Histone ChIP-seq H2AFZ	Histone ChIP-seq	hepatocyte	embryonic	IN_VITRO_DIFFERENTIATED_CELLS	encode
CHIP_HISTONE	60	CL:0000182 Histone ChIP-seq H3K27ac	Histone ChIP-seq	hepatocyte	embryonic	IN_VITRO_DIFFERENTIATED_CELLS	encode
CHIP_HISTONE	61	CL:0000182 Histone ChIP-seq H3K4me1	Histone ChIP-seq	hepatocyte	embryonic	IN_VITRO_DIFFERENTIATED_CELLS	encode
CHIP_HISTONE	62	CL:0000182 Histone ChIP-seq H3K4me2	Histone ChIP-seq	hepatocyte	embryonic	IN_VITRO_DIFFERENTIATED_CELLS	encode
CHIP_HISTONE	63	CL:0000182 Histone ChIP-seq H3K4me3	Histone ChIP-seq	hepatocyte	embryonic	IN_VITRO_DIFFERENTIATED_CELLS	encode
CHIP_HISTONE	64	CL:0000182 Histone ChIP-seq H3K79me2	Histone ChIP-seq	hepatocyte	embryonic	IN_VITRO_DIFFERENTIATED_CELLS	encode
CHIP_HISTONE	65	CL:0000182 Histone ChIP-seq H3K9ac	Histone ChIP-seq	hepatocyte	embryonic	IN_VITRO_DIFFERENTIATED_CELLS	encode
CHIP_HISTONE	66	CL:0000188 Histone ChIP-seq H3K4me3	Histone ChIP-seq	skeletal muscle cell	unknown	PRIMARY_CELL	encode
CHIP_HISTONE	67	CL:0000192 Histone ChIP-seq H2AFZ	Histone ChIP-seq	smooth muscle cell	embryonic	IN_VITRO_DIFFERENTIATED_CELLS	encode
CHIP_HISTONE	68	CL:0000192 Histone ChIP-seq H3K27ac	Histone ChIP-seq	smooth muscle cell	embryonic	IN_VITRO_DIFFERENTIATED_CELLS	encode
CHIP_HISTONE	69	CL:0000192 Histone ChIP-seq H3K27me3	Histone ChIP-seq	smooth muscle cell	embryonic	IN_VITRO_DIFFERENTIATED_CELLS	encode
CHIP_HISTONE	70	CL:0000192 Histone ChIP-seq H3K4me1	Histone ChIP-seq	smooth muscle cell	embryonic	IN_VITRO_DIFFERENTIATED_CELLS	encode
CHIP_HISTONE	71	CL:0000192 Histone ChIP-seq H3K4me2	Histone ChIP-seq	smooth muscle cell	embryonic	IN_VITRO_DIFFERENTIATED_CELLS	encode
CHIP_HISTONE	72	CL:0000192 Histone ChIP-seq H3K4me3	Histone ChIP-seq	smooth muscle cell	embryonic	IN_VITRO_DIFFERENTIATED_CELLS	encode
CHIP_HISTONE	73	CL:0000192 Histone ChIP-seq H3K79me2	Histone ChIP-seq	smooth muscle cell	embryonic	IN_VITRO_DIFFERENTIATED_CELLS	encode
CHIP_HISTONE	74	CL:0000192 Histone ChIP-seq H3K9ac	Histone ChIP-seq	smooth muscle cell	embryonic	IN_VITRO_DIFFERENTIATED_CELLS	encode
CHIP_HISTONE	75	CL:0000192 Histone ChIP-seq H4K20me1	Histone ChIP-seq	smooth muscle cell	embryonic	IN_VITRO_DIFFERENTIATED_CELLS	encode
CHIP_HISTONE	76	CL:0000221 Histone ChIP-seq H3K27me3	Histone ChIP-seq	ectodermal cell	embryonic	IN_VITRO_DIFFERENTIATED_CELLS	encode
CHIP_HISTONE	77	CL:0000221 Histone ChIP-seq H3K36me3	Histone ChIP-seq	ectodermal cell	embryonic	IN_VITRO_DIFFERENTIATED_CELLS	encode
CHIP_HISTONE	78	CL:0000221 Histone ChIP-seq H3K4me1	Histone ChIP-seq	ectodermal cell	embryonic	IN_VITRO_DIFFERENTIATED_CELLS	encode
CHIP_HISTONE	79	CL:0000221 Histone ChIP-seq H3K4me3	Histone ChIP-seq	ectodermal cell	embryonic	IN_VITRO_DIFFERENTIATED_CELLS	encode
CHIP_HISTONE	80	CL:0000222 Histone ChIP-seq H3K27ac	Histone ChIP-seq	mesodermal cell	embryonic	IN_VITRO_DIFFERENTIATED_CELLS	encode
CHIP_HISTONE	81	CL:0000222 Histone ChIP-seq H3K36me3	Histone ChIP-seq	mesodermal cell	embryonic	IN_VITRO_DIFFERENTIATED_CELLS	encode
CHIP_HISTONE	82	CL:0000222 Histone ChIP-seq H3K4me1	Histone ChIP-seq	mesodermal cell	embryonic	IN_VITRO_DIFFERENTIATED_CELLS	encode
CHIP_HISTONE	83	CL:0000222 Histone ChIP-seq H3K4me3	Histone ChIP-seq	mesodermal cell	embryonic	IN_VITRO_DIFFERENTIATED_CELLS	encode
CHIP_HISTONE	84	CL:0000222 Histone ChIP-seq H3K9me3	Histone ChIP-seq	mesodermal cell	embryonic	IN_VITRO_DIFFERENTIATED_CELLS	encode
CHIP_HISTONE	85	CL:0000223 Histone ChIP-seq H3K27ac	Histone ChIP-seq	endodermal cell	embryonic	IN_VITRO_DIFFERENTIATED_CELLS	encode
CHIP_HISTONE	86	CL:0000223 Histone ChIP-seq H3K27me3	Histone ChIP-seq	endodermal cell	embryonic	IN_VITRO_DIFFERENTIATED_CELLS	encode
CHIP_HISTONE	87	CL:0000223 Histone ChIP-seq H3K36me3	Histone ChIP-seq	endodermal cell	embryonic	IN_VITRO_DIFFERENTIATED_CELLS	encode
CHIP_HISTONE	88	CL:0000223 Histone ChIP-seq H3K4me1	Histone ChIP-seq	endodermal cell	embryonic	IN_VITRO_DIFFERENTIATED_CELLS	encode
CHIP_HISTONE	89	CL:0000223 Histone ChIP-seq H3K4me3	Histone ChIP-seq	endodermal cell	embryonic	IN_VITRO_DIFFERENTIATED_CELLS	encode
CHIP_HISTONE	90	CL:0000223 Histone ChIP-seq H3K9me3	Histone ChIP-seq	endodermal cell	embryonic	IN_VITRO_DIFFERENTIATED_CELLS	encode
CHIP_HISTONE	91	CL:0000236 Histone ChIP-seq H2AFZ	Histone ChIP-seq	B cell	adult	PRIMARY_CELL	encode
CHIP_HISTONE	92	CL:0000236 Histone ChIP-seq H3K27ac	Histone ChIP-seq	B cell	adult	PRIMARY_CELL	encode
CHIP_HISTONE	93	CL:0000236 Histone ChIP-seq H3K27me3	Histone ChIP-seq	B cell	adult	PRIMARY_CELL	encode
CHIP_HISTONE	94	CL:0000236 Histone ChIP-seq H3K36me3	Histone ChIP-seq	B cell	adult	PRIMARY_CELL	encode
CHIP_HISTONE	95	CL:0000236 Histone ChIP-seq H3K4me1	Histone ChIP-seq	B cell	adult	PRIMARY_CELL	encode
CHIP_HISTONE	96	CL:0000236 Histone ChIP-seq H3K4me2	Histone ChIP-seq	B cell	adult	PRIMARY_CELL	encode
CHIP_HISTONE	97	CL:0000236 Histone ChIP-seq H3K4me3	Histone ChIP-seq	B cell	adult	PRIMARY_CELL	encode
CHIP_HISTONE	98	CL:0000236 Histone ChIP-seq H3K79me2	Histone ChIP-seq	B cell	adult	PRIMARY_CELL	encode
CHIP_HISTONE	99	CL:0000236 Histone ChIP-seq H3K9ac	Histone ChIP-seq	B cell	adult	PRIMARY_CELL	encode
CHIP_HISTONE	100	CL:0000236 Histone ChIP-seq H3K9me3	Histone ChIP-seq	B cell	adult	PRIMARY_CELL	encode
CHIP_HISTONE	101	CL:0000312 Histone ChIP-seq H2AFZ	Histone ChIP-seq	keratinocyte	unknown	PRIMARY_CELL	encode
CHIP_HISTONE	102	CL:0000312 Histone ChIP-seq H3K27ac	Histone ChIP-seq	keratinocyte	unknown	PRIMARY_CELL	encode
CHIP_HISTONE	103	CL:0000312 Histone ChIP-seq H3K36me3	Histone ChIP-seq	keratinocyte	unknown	PRIMARY_CELL	encode
CHIP_HISTONE	104	CL:0000312 Histone ChIP-seq H3K4me1	Histone ChIP-seq	keratinocyte	unknown	PRIMARY_CELL	encode
CHIP_HISTONE	105	CL:0000312 Histone ChIP-seq H3K4me2	Histone ChIP-seq	keratinocyte	unknown	PRIMARY_CELL	encode
CHIP_HISTONE	106	CL:0000312 Histone ChIP-seq H3K4me3	Histone ChIP-seq	keratinocyte	unknown	PRIMARY_CELL	encode
CHIP_HISTONE	107	CL:0000312 Histone ChIP-seq H3K79me2	Histone ChIP-seq	keratinocyte	unknown	PRIMARY_CELL	encode
CHIP_HISTONE	108	CL:0000312 Histone ChIP-seq H3K9ac	Histone ChIP-seq	keratinocyte	unknown	PRIMARY_CELL	encode
CHIP_HISTONE	109	CL:0000351 Histone ChIP-seq H2AK5ac	Histone ChIP-seq	trophoblast cell	embryonic	IN_VITRO_DIFFERENTIATED_CELLS	encode
CHIP_HISTONE	110	CL:0000351 Histone ChIP-seq H2BK12ac	Histone ChIP-seq	trophoblast cell	embryonic	IN_VITRO_DIFFERENTIATED_CELLS	encode
CHIP_HISTONE	111	CL:0000351 Histone ChIP-seq H3K14ac	Histone ChIP-seq	trophoblast cell	embryonic	IN_VITRO_DIFFERENTIATED_CELLS	encode
CHIP_HISTONE	112	CL:0000351 Histone ChIP-seq H3K18ac	Histone ChIP-seq	trophoblast cell	embryonic	IN_VITRO_DIFFERENTIATED_CELLS	encode
CHIP_HISTONE	113	CL:0000351 Histone ChIP-seq H3K27ac	Histone ChIP-seq	trophoblast cell	embryonic	IN_VITRO_DIFFERENTIATED_CELLS	encode
CHIP_HISTONE	114	CL:0000351 Histone ChIP-seq H3K36me3	Histone ChIP-seq	trophoblast cell	embryonic	IN_VITRO_DIFFERENTIATED_CELLS	encode
CHIP_HISTONE	115	CL:0000351 Histone ChIP-seq H3K4ac	Histone ChIP-seq	trophoblast cell	embryonic	IN_VITRO_DIFFERENTIATED_CELLS	encode
CHIP_HISTONE	116	CL:0000351 Histone ChIP-seq H3K4me1	Histone ChIP-seq	trophoblast cell	embryonic	IN_VITRO_DIFFERENTIATED_CELLS	encode
CHIP_HISTONE	117	CL:0000351 Histone ChIP-seq H3K4me2	Histone ChIP-seq	trophoblast cell	embryonic	IN_VITRO_DIFFERENTIATED_CELLS	encode
CHIP_HISTONE	118	CL:0000351 Histone ChIP-seq H3K4me3	Histone ChIP-seq	trophoblast cell	embryonic	IN_VITRO_DIFFERENTIATED_CELLS	encode
CHIP_HISTONE	119	CL:0000351 Histone ChIP-seq H3K79me1	Histone ChIP-seq	trophoblast cell	embryonic	IN_VITRO_DIFFERENTIATED_CELLS	encode
CHIP_HISTONE	120	CL:0000351 Histone ChIP-seq H3K9me3	Histone ChIP-seq	trophoblast cell	embryonic	IN_VITRO_DIFFERENTIATED_CELLS	encode
CHIP_HISTONE	121	CL:0000351 Histone ChIP-seq H4K8ac	Histone ChIP-seq	trophoblast cell	embryonic	IN_VITRO_DIFFERENTIATED_CELLS	encode
CHIP_HISTONE	122	CL:0000351 Histone ChIP-seq H4K91ac	Histone ChIP-seq	trophoblast cell	embryonic	IN_VITRO_DIFFERENTIATED_CELLS	encode
CHIP_HISTONE	123	CL:0000515 Histone ChIP-seq H2AFZ	Histone ChIP-seq	skeletal muscle myoblast	adult	PRIMARY_CELL	encode
CHIP_HISTONE	124	CL:0000515 Histone ChIP-seq H3K27ac	Histone ChIP-seq	skeletal muscle myoblast	adult	PRIMARY_CELL	encode
CHIP_HISTONE	125	CL:0000515 Histone ChIP-seq H3K4me1	Histone ChIP-seq	skeletal muscle myoblast	adult	PRIMARY_CELL	encode
CHIP_HISTONE	126	CL:0000515 Histone ChIP-seq H3K4me2	Histone ChIP-seq	skeletal muscle myoblast	adult	PRIMARY_CELL	encode
CHIP_HISTONE	127	CL:0000515 Histone ChIP-seq H3K4me3	Histone ChIP-seq	skeletal muscle myoblast	adult	PRIMARY_CELL	encode
CHIP_HISTONE	128	CL:0000515 Histone ChIP-seq H3K79me2	Histone ChIP-seq	skeletal muscle myoblast	adult	PRIMARY_CELL	encode
CHIP_HISTONE	129	CL:0000515 Histone ChIP-seq H3K9ac	Histone ChIP-seq	skeletal muscle myoblast	adult	PRIMARY_CELL	encode
CHIP_HISTONE	130	CL:0000540 Histone ChIP-seq H2AFZ	Histone ChIP-seq	neuron	embryonic	IN_VITRO_DIFFERENTIATED_CELLS	encode
CHIP_HISTONE	131	CL:0000540 Histone ChIP-seq H3K27me3	Histone ChIP-seq	neuron	embryonic	IN_VITRO_DIFFERENTIATED_CELLS	encode
CHIP_HISTONE	132	CL:0000540 Histone ChIP-seq H3K36me3	Histone ChIP-seq	neuron	embryonic	IN_VITRO_DIFFERENTIATED_CELLS	encode
CHIP_HISTONE	133	CL:0000540 Histone ChIP-seq H3K4me1	Histone ChIP-seq	neuron	embryonic	IN_VITRO_DIFFERENTIATED_CELLS	encode
CHIP_HISTONE	134	CL:0000540 Histone ChIP-seq H3K4me3	Histone ChIP-seq	neuron	embryonic	IN_VITRO_DIFFERENTIATED_CELLS	encode
CHIP_HISTONE	135	CL:0000594 Histone ChIP-seq H3K27me3	Histone ChIP-seq	skeletal muscle satellite cell	adult	PRIMARY_CELL	encode
CHIP_HISTONE	136	CL:0000594 Histone ChIP-seq H3K36me3	Histone ChIP-seq	skeletal muscle satellite cell	adult	PRIMARY_CELL	encode
CHIP_HISTONE	137	CL:0000594 Histone ChIP-seq H3K4me1	Histone ChIP-seq	skeletal muscle satellite cell	adult	PRIMARY_CELL	encode
CHIP_HISTONE	138	CL:0000594 Histone ChIP-seq H3K4me2	Histone ChIP-seq	skeletal muscle satellite cell	adult	PRIMARY_CELL	encode
CHIP_HISTONE	139	CL:0000594 Histone ChIP-seq H3K4me3	Histone ChIP-seq	skeletal muscle satellite cell	adult	PRIMARY_CELL	encode
CHIP_HISTONE	140	CL:0000594 Histone ChIP-seq H3K9ac	Histone ChIP-seq	skeletal muscle satellite cell	adult	PRIMARY_CELL	encode
CHIP_HISTONE	141	CL:0000623 Histone ChIP-seq H3K27ac	Histone ChIP-seq	natural killer cell	adult	PRIMARY_CELL	encode
CHIP_HISTONE	142	CL:0000623 Histone ChIP-seq H3K36me3	Histone ChIP-seq	natural killer cell	adult	PRIMARY_CELL	encode
CHIP_HISTONE	143	CL:0000623 Histone ChIP-seq H3K4me1	Histone ChIP-seq	natural killer cell	adult	PRIMARY_CELL	encode
CHIP_HISTONE	144	CL:0000623 Histone ChIP-seq H3K4me3	Histone ChIP-seq	natural killer cell	adult	PRIMARY_CELL	encode
CHIP_HISTONE	145	CL:0000623 Histone ChIP-seq H3K9me3	Histone ChIP-seq	natural killer cell	adult	PRIMARY_CELL	encode
CHIP_HISTONE	146	CL:0000624 Histone ChIP-seq H3K27ac	Histone ChIP-seq	CD4-positive, alpha-beta T cell	adult	PRIMARY_CELL	encode
CHIP_HISTONE	147	CL:0000624 Histone ChIP-seq H3K27me3	Histone ChIP-seq	CD4-positive, alpha-beta T cell	adult	PRIMARY_CELL	encode
CHIP_HISTONE	148	CL:0000624 Histone ChIP-seq H3K36me3	Histone ChIP-seq	CD4-positive, alpha-beta T cell	adult	PRIMARY_CELL	encode
CHIP_HISTONE	149	CL:0000624 Histone ChIP-seq H3K4me1	Histone ChIP-seq	CD4-positive, alpha-beta T cell	adult	PRIMARY_CELL	encode
CHIP_HISTONE	150	CL:0000624 Histone ChIP-seq H3K4me3	Histone ChIP-seq	CD4-positive, alpha-beta T cell	adult	PRIMARY_CELL	encode
CHIP_HISTONE	151	CL:0000624 Histone ChIP-seq H3K9me3	Histone ChIP-seq	CD4-positive, alpha-beta T cell	adult	PRIMARY_CELL	encode
CHIP_HISTONE	152	CL:0000625 Histone ChIP-seq H3K27ac	Histone ChIP-seq	CD8-positive, alpha-beta T cell	adult	PRIMARY_CELL	encode
CHIP_HISTONE	153	CL:0000625 Histone ChIP-seq H3K27me3	Histone ChIP-seq	CD8-positive, alpha-beta T cell	adult	PRIMARY_CELL	encode
CHIP_HISTONE	154	CL:0000625 Histone ChIP-seq H3K36me3	Histone ChIP-seq	CD8-positive, alpha-beta T cell	adult	PRIMARY_CELL	encode
CHIP_HISTONE	155	CL:0000625 Histone ChIP-seq H3K4me1	Histone ChIP-seq	CD8-positive, alpha-beta T cell	adult	PRIMARY_CELL	encode
CHIP_HISTONE	156	CL:0000625 Histone ChIP-seq H3K4me3	Histone ChIP-seq	CD8-positive, alpha-beta T cell	adult	PRIMARY_CELL	encode
CHIP_HISTONE	157	CL:0000625 Histone ChIP-seq H3K9ac	Histone ChIP-seq	CD8-positive, alpha-beta T cell	adult	PRIMARY_CELL	encode
CHIP_HISTONE	158	CL:0000625 Histone ChIP-seq H3K9me3	Histone ChIP-seq	CD8-positive, alpha-beta T cell	adult	PRIMARY_CELL	encode
CHIP_HISTONE	159	CL:0000706 Histone ChIP-seq H3K4me3	Histone ChIP-seq	choroid plexus epithelial cell	unknown	PRIMARY_CELL	encode
CHIP_HISTONE	160	CL:0000746 Histone ChIP-seq H3K27ac	Histone ChIP-seq	cardiac muscle cell	embryonic	IN_VITRO_DIFFERENTIATED_CELLS	encode
CHIP_HISTONE	161	CL:0000746 Histone ChIP-seq H3K27me3	Histone ChIP-seq	cardiac muscle cell	embryonic	IN_VITRO_DIFFERENTIATED_CELLS	encode
CHIP_HISTONE	162	CL:0000746 Histone ChIP-seq H3K36me3	Histone ChIP-seq	cardiac muscle cell	embryonic	IN_VITRO_DIFFERENTIATED_CELLS	encode
CHIP_HISTONE	163	CL:0000746 Histone ChIP-seq H3K4me1	Histone ChIP-seq	cardiac muscle cell	embryonic	IN_VITRO_DIFFERENTIATED_CELLS	encode
CHIP_HISTONE	164	CL:0000746 Histone ChIP-seq H3K4me3	Histone ChIP-seq	cardiac muscle cell	unknown	PRIMARY_CELL	encode
CHIP_HISTONE	165	CL:0000775 Histone ChIP-seq H3K27ac	Histone ChIP-seq	neutrophil	unknown	PRIMARY_CELL	encode
CHIP_HISTONE	166	CL:0000775 Histone ChIP-seq H3K27me3	Histone ChIP-seq	neutrophil	unknown	PRIMARY_CELL	encode
CHIP_HISTONE	167	CL:0000775 Histone ChIP-seq H3K36me3	Histone ChIP-seq	neutrophil	unknown	PRIMARY_CELL	encode
CHIP_HISTONE	168	CL:0000775 Histone ChIP-seq H3K4me1	Histone ChIP-seq	neutrophil	unknown	PRIMARY_CELL	encode
CHIP_HISTONE	169	CL:0000775 Histone ChIP-seq H3K4me3	Histone ChIP-seq	neutrophil	unknown	PRIMARY_CELL	encode
CHIP_HISTONE	170	CL:0000775 Histone ChIP-seq H3K9me3	Histone ChIP-seq	neutrophil	unknown	PRIMARY_CELL	encode
CHIP_HISTONE	171	CL:0000792 Histone ChIP-seq H3K27ac	Histone ChIP-seq	CD4-positive, CD25-positive, alpha-beta regulatory T cell	unknown	PRIMARY_CELL	encode
CHIP_HISTONE	172	CL:0000792 Histone ChIP-seq H3K27me3	Histone ChIP-seq	CD4-positive, CD25-positive, alpha-beta regulatory T cell	unknown	PRIMARY_CELL	encode
CHIP_HISTONE	173	CL:0000792 Histone ChIP-seq H3K36me3	Histone ChIP-seq	CD4-positive, CD25-positive, alpha-beta regulatory T cell	unknown	PRIMARY_CELL	encode
CHIP_HISTONE	174	CL:0000792 Histone ChIP-seq H3K4me1	Histone ChIP-seq	CD4-positive, CD25-positive, alpha-beta regulatory T cell	unknown	PRIMARY_CELL	encode
CHIP_HISTONE	175	CL:0000792 Histone ChIP-seq H3K4me3	Histone ChIP-seq	CD4-positive, CD25-positive, alpha-beta regulatory T cell	unknown	PRIMARY_CELL	encode
CHIP_HISTONE	176	CL:0000792 Histone ChIP-seq H3K9me3	Histone ChIP-seq	CD4-positive, CD25-positive, alpha-beta regulatory T cell	unknown	PRIMARY_CELL	encode
CHIP_HISTONE	177	CL:0000842 Histone ChIP-seq H3K27me3	Histone ChIP-seq	mononuclear cell	unknown	PRIMARY_CELL	encode
CHIP_HISTONE	178	CL:0000842 Histone ChIP-seq H3K4me1	Histone ChIP-seq	mononuclear cell	unknown	PRIMARY_CELL	encode
CHIP_HISTONE	179	CL:0000842 Histone ChIP-seq H3K4me3	Histone ChIP-seq	mononuclear cell	unknown	PRIMARY_CELL	encode
CHIP_HISTONE	180	CL:0000895 Histone ChIP-seq H3K27ac	Histone ChIP-seq	naive thymus-derived CD4-positive, alpha-beta T cell	unknown	PRIMARY_CELL	encode
CHIP_HISTONE	181	CL:0000895 Histone ChIP-seq H3K36me3	Histone ChIP-seq	naive thymus-derived CD4-positive, alpha-beta T cell	unknown	PRIMARY_CELL	encode
CHIP_HISTONE	182	CL:0000895 Histone ChIP-seq H3K4me1	Histone ChIP-seq	naive thymus-derived CD4-positive, alpha-beta T cell	unknown	PRIMARY_CELL	encode
CHIP_HISTONE	183	CL:0000895 Histone ChIP-seq H3K4me3	Histone ChIP-seq	naive thymus-derived CD4-positive, alpha-beta T cell	unknown	PRIMARY_CELL	encode
CHIP_HISTONE	184	CL:0000897 Histone ChIP-seq H3K27ac	Histone ChIP-seq	CD4-positive, alpha-beta memory T cell	unknown	PRIMARY_CELL	encode
CHIP_HISTONE	185	CL:0000897 Histone ChIP-seq H3K36me3	Histone ChIP-seq	CD4-positive, alpha-beta memory T cell	unknown	PRIMARY_CELL	encode
CHIP_HISTONE	186	CL:0000897 Histone ChIP-seq H3K4me1	Histone ChIP-seq	CD4-positive, alpha-beta memory T cell	unknown	PRIMARY_CELL	encode
CHIP_HISTONE	187	CL:0000897 Histone ChIP-seq H3K4me3	Histone ChIP-seq	CD4-positive, alpha-beta memory T cell	unknown	PRIMARY_CELL	encode
CHIP_HISTONE	188	CL:0000905 Histone ChIP-seq H3K27ac	Histone ChIP-seq	effector memory CD4-positive, alpha-beta T cell	unknown	PRIMARY_CELL	encode
CHIP_HISTONE	189	CL:0000905 Histone ChIP-seq H3K36me3	Histone ChIP-seq	effector memory CD4-positive, alpha-beta T cell	unknown	PRIMARY_CELL	encode
CHIP_HISTONE	190	CL:0000905 Histone ChIP-seq H3K4me3	Histone ChIP-seq	effector memory CD4-positive, alpha-beta T cell	unknown	PRIMARY_CELL	encode
CHIP_HISTONE	191	CL:0000909 Histone ChIP-seq H3K27ac	Histone ChIP-seq	CD8-positive, alpha-beta memory T cell	unknown	PRIMARY_CELL	encode
CHIP_HISTONE	192	CL:0000909 Histone ChIP-seq H3K36me3	Histone ChIP-seq	CD8-positive, alpha-beta memory T cell	unknown	PRIMARY_CELL	encode
CHIP_HISTONE	193	CL:0000909 Histone ChIP-seq H3K4me1	Histone ChIP-seq	CD8-positive, alpha-beta memory T cell	unknown	PRIMARY_CELL	encode
CHIP_HISTONE	194	CL:0000909 Histone ChIP-seq H3K4me3	Histone ChIP-seq	CD8-positive, alpha-beta memory T cell	unknown	PRIMARY_CELL	encode
CHIP_HISTONE	195	CL:0001054 Histone ChIP-seq H2AFZ	Histone ChIP-seq	CD14-positive monocyte	unknown	PRIMARY_CELL	encode
CHIP_HISTONE	196	CL:0001054 Histone ChIP-seq H3K27ac	Histone ChIP-seq	CD14-positive monocyte	adult	PRIMARY_CELL	encode
CHIP_HISTONE	197	CL:0001054 Histone ChIP-seq H3K27me3	Histone ChIP-seq	CD14-positive monocyte	adult	PRIMARY_CELL	encode
CHIP_HISTONE	198	CL:0001054 Histone ChIP-seq H3K36me3	Histone ChIP-seq	CD14-positive monocyte	adult	PRIMARY_CELL	encode
CHIP_HISTONE	199	CL:0001054 Histone ChIP-seq H3K4me1	Histone ChIP-seq	CD14-positive monocyte	adult	PRIMARY_CELL	encode
CHIP_HISTONE	200	CL:0001054 Histone ChIP-seq H3K4me2	Histone ChIP-seq	CD14-positive monocyte	unknown	PRIMARY_CELL	encode
CHIP_HISTONE	201	CL:0001054 Histone ChIP-seq H3K4me3	Histone ChIP-seq	CD14-positive monocyte	adult	PRIMARY_CELL	encode
CHIP_HISTONE	202	CL:0001054 Histone ChIP-seq H3K79me2	Histone ChIP-seq	CD14-positive monocyte	unknown	PRIMARY_CELL	encode
CHIP_HISTONE	203	CL:0001054 Histone ChIP-seq H3K9ac	Histone ChIP-seq	CD14-positive monocyte	unknown	PRIMARY_CELL	encode
CHIP_HISTONE	204	CL:0001054 Histone ChIP-seq H3K9me3	Histone ChIP-seq	CD14-positive monocyte	adult	PRIMARY_CELL	encode
CHIP_HISTONE	205	CL:0001054 Histone ChIP-seq H4K20me1	Histone ChIP-seq	CD14-positive monocyte	unknown	PRIMARY_CELL	encode
CHIP_HISTONE	206	CL:0001059 Histone ChIP-seq H3K27ac	Histone ChIP-seq	common myeloid progenitor, CD34-positive	adult	PRIMARY_CELL	encode
CHIP_HISTONE	207	CL:0001059 Histone ChIP-seq H3K27me3	Histone ChIP-seq	common myeloid progenitor, CD34-positive	adult	PRIMARY_CELL	encode
CHIP_HISTONE	208	CL:0001059 Histone ChIP-seq H3K36me3	Histone ChIP-seq	common myeloid progenitor, CD34-positive	adult	PRIMARY_CELL	encode
CHIP_HISTONE	209	CL:0001059 Histone ChIP-seq H3K4me1	Histone ChIP-seq	common myeloid progenitor, CD34-positive	adult	PRIMARY_CELL	encode
CHIP_HISTONE	210	CL:0001059 Histone ChIP-seq H3K4me3	Histone ChIP-seq	common myeloid progenitor, CD34-positive	adult	PRIMARY_CELL	encode
CHIP_HISTONE	211	CL:0001059 Histone ChIP-seq H3K9me3	Histone ChIP-seq	common myeloid progenitor, CD34-positive	adult	PRIMARY_CELL	encode
CHIP_HISTONE	212	CL:0002231 Histone ChIP-seq H3K27ac	Histone ChIP-seq	epithelial cell of prostate	unknown	PRIMARY_CELL	encode
CHIP_HISTONE	213	CL:0002252 Histone ChIP-seq H3K4me3	Histone ChIP-seq	epithelial cell of esophagus	unknown	PRIMARY_CELL	encode
CHIP_HISTONE	214	CL:0002306 Histone ChIP-seq H3K4me3	Histone ChIP-seq	epithelial cell of proximal tubule	unknown	PRIMARY_CELL	encode
CHIP_HISTONE	215	CL:0002319 Histone ChIP-seq H3K27ac	Histone ChIP-seq	neural cell	embryonic	IN_VITRO_DIFFERENTIATED_CELLS	encode
CHIP_HISTONE	216	CL:0002319 Histone ChIP-seq H3K4me3	Histone ChIP-seq	neural cell	embryonic	IN_VITRO_DIFFERENTIATED_CELLS	encode
CHIP_HISTONE	217	CL:0002319 Histone ChIP-seq H3K79me2	Histone ChIP-seq	neural cell	embryonic	IN_VITRO_DIFFERENTIATED_CELLS	encode
CHIP_HISTONE	218	CL:0002319 Histone ChIP-seq H3K9ac	Histone ChIP-seq	neural cell	embryonic	IN_VITRO_DIFFERENTIATED_CELLS	encode
CHIP_HISTONE	219	CL:0002324 Histone ChIP-seq H3K27me3	Histone ChIP-seq	myoepithelial cell of mammary gland	adult	PRIMARY_CELL	encode
CHIP_HISTONE	220	CL:0002324 Histone ChIP-seq H3K36me3	Histone ChIP-seq	myoepithelial cell of mammary gland	adult	PRIMARY_CELL	encode
CHIP_HISTONE	221	CL:0002324 Histone ChIP-seq H3K4me1	Histone ChIP-seq	myoepithelial cell of mammary gland	adult	PRIMARY_CELL	encode
CHIP_HISTONE	222	CL:0002324 Histone ChIP-seq H3K4me3	Histone ChIP-seq	myoepithelial cell of mammary gland	adult	PRIMARY_CELL	encode
CHIP_HISTONE	223	CL:0002324 Histone ChIP-seq H3K9ac	Histone ChIP-seq	myoepithelial cell of mammary gland	adult	PRIMARY_CELL	encode
CHIP_HISTONE	224	CL:0002324 Histone ChIP-seq H3K9me3	Histone ChIP-seq	myoepithelial cell of mammary gland	adult	PRIMARY_CELL	encode
CHIP_HISTONE	225	CL:0002326 Histone ChIP-seq H3K27me3	Histone ChIP-seq	luminal epithelial cell of mammary gland	adult	PRIMARY_CELL	encode
CHIP_HISTONE	226	CL:0002326 Histone ChIP-seq H3K36me3	Histone ChIP-seq	luminal epithelial cell of mammary gland	adult	PRIMARY_CELL	encode
CHIP_HISTONE	227	CL:0002326 Histone ChIP-seq H3K4me1	Histone ChIP-seq	luminal epithelial cell of mammary gland	adult	PRIMARY_CELL	encode
CHIP_HISTONE	228	CL:0002326 Histone ChIP-seq H3K9me3	Histone ChIP-seq	luminal epithelial cell of mammary gland	adult	PRIMARY_CELL	encode
CHIP_HISTONE	229	CL:0002327 Histone ChIP-seq H2AFZ	Histone ChIP-seq	mammary epithelial cell	adult	PRIMARY_CELL	encode
CHIP_HISTONE	230	CL:0002327 Histone ChIP-seq H3K27ac	Histone ChIP-seq	mammary epithelial cell	adult	PRIMARY_CELL	encode
CHIP_HISTONE	231	CL:0002327 Histone ChIP-seq H3K27me3	Histone ChIP-seq	mammary epithelial cell	adult	PRIMARY_CELL	encode
CHIP_HISTONE	232	CL:0002327 Histone ChIP-seq H3K36me3	Histone ChIP-seq	mammary epithelial cell	adult	PRIMARY_CELL	encode
CHIP_HISTONE	233	CL:0002327 Histone ChIP-seq H3K4me1	Histone ChIP-seq	mammary epithelial cell	adult	PRIMARY_CELL	encode
CHIP_HISTONE	234	CL:0002327 Histone ChIP-seq H3K4me2	Histone ChIP-seq	mammary epithelial cell	adult	PRIMARY_CELL	encode
CHIP_HISTONE	235	CL:0002327 Histone ChIP-seq H3K4me3	Histone ChIP-seq	mammary epithelial cell	adult	PRIMARY_CELL	encode
CHIP_HISTONE	236	CL:0002327 Histone ChIP-seq H3K79me2	Histone ChIP-seq	mammary epithelial cell	adult	PRIMARY_CELL	encode
CHIP_HISTONE	237	CL:0002327 Histone ChIP-seq H3K9ac	Histone ChIP-seq	mammary epithelial cell	adult	PRIMARY_CELL	encode
CHIP_HISTONE	238	CL:0002327 Histone ChIP-seq H3K9me3	Histone ChIP-seq	mammary epithelial cell	adult	PRIMARY_CELL	encode
CHIP_HISTONE	239	CL:0002328 Histone ChIP-seq H3K36me3	Histone ChIP-seq	bronchial epithelial cell	unknown	PRIMARY_CELL	encode
CHIP_HISTONE	240	CL:0002328 Histone ChIP-seq H3K4me3	Histone ChIP-seq	bronchial epithelial cell	unknown	PRIMARY_CELL	encode
CHIP_HISTONE	241	CL:0002372 Histone ChIP-seq H2AFZ	Histone ChIP-seq	myotube	adult	IN_VITRO_DIFFERENTIATED_CELLS	encode
CHIP_HISTONE	242	CL:0002372 Histone ChIP-seq H3K27ac	Histone ChIP-seq	myotube	adult	IN_VITRO_DIFFERENTIATED_CELLS	encode
CHIP_HISTONE	243	CL:0002372 Histone ChIP-seq H3K27me3	Histone ChIP-seq	myotube	adult	IN_VITRO_DIFFERENTIATED_CELLS	encode
CHIP_HISTONE	244	CL:0002372 Histone ChIP-seq H3K36me3	Histone ChIP-seq	myotube	adult	IN_VITRO_DIFFERENTIATED_CELLS	encode
CHIP_HISTONE	245	CL:0002372 Histone ChIP-seq H3K4me1	Histone ChIP-seq	myotube	adult	IN_VITRO_DIFFERENTIATED_CELLS	encode
CHIP_HISTONE	246	CL:0002372 Histone ChIP-seq H3K4me2	Histone ChIP-seq	myotube	adult	IN_VITRO_DIFFERENTIATED_CELLS	encode
CHIP_HISTONE	247	CL:0002372 Histone ChIP-seq H3K4me3	Histone ChIP-seq	myotube	adult	IN_VITRO_DIFFERENTIATED_CELLS	encode
CHIP_HISTONE	248	CL:0002372 Histone ChIP-seq H3K79me2	Histone ChIP-seq	myotube	adult	IN_VITRO_DIFFERENTIATED_CELLS	encode
CHIP_HISTONE	249	CL:0002372 Histone ChIP-seq H3K9ac	Histone ChIP-seq	myotube	adult	IN_VITRO_DIFFERENTIATED_CELLS	encode
CHIP_HISTONE	250	CL:0002518 Histone ChIP-seq H3K27me3	Histone ChIP-seq	kidney epithelial cell	unknown	PRIMARY_CELL	encode
CHIP_HISTONE	251	CL:0002518 Histone ChIP-seq H3K4me3	Histone ChIP-seq	kidney epithelial cell	unknown	PRIMARY_CELL	encode
CHIP_HISTONE	252	CL:0002547 Histone ChIP-seq H3K4me3	Histone ChIP-seq	fibroblast of the aortic adventitia	unknown	PRIMARY_CELL	encode
CHIP_HISTONE	253	CL:0002548 Histone ChIP-seq H3K4me3	Histone ChIP-seq	cardiac fibroblast	adult	PRIMARY_CELL	encode
CHIP_HISTONE	254	CL:0002551 Histone ChIP-seq H3K27ac	Histone ChIP-seq	fibroblast of dermis	unknown	PRIMARY_CELL	encode
CHIP_HISTONE	255	CL:0002551 Histone ChIP-seq H3K36me3	Histone ChIP-seq	fibroblast of dermis	unknown	PRIMARY_CELL	encode
CHIP_HISTONE	256	CL:0002551 Histone ChIP-seq H3K4me1	Histone ChIP-seq	fibroblast of dermis	unknown	PRIMARY_CELL	encode
CHIP_HISTONE	257	CL:0002551 Histone ChIP-seq H3K4me2	Histone ChIP-seq	fibroblast of dermis	unknown	PRIMARY_CELL	encode
CHIP_HISTONE	258	CL:0002551 Histone ChIP-seq H3K4me3	Histone ChIP-seq	fibroblast of dermis	adult,unknown	PRIMARY_CELL	encode
CHIP_HISTONE	259	CL:0002551 Histone ChIP-seq H3K79me2	Histone ChIP-seq	fibroblast of dermis	unknown	PRIMARY_CELL	encode
CHIP_HISTONE	260	CL:0002551 Histone ChIP-seq H3K9ac	Histone ChIP-seq	fibroblast of dermis	unknown	PRIMARY_CELL	encode
CHIP_HISTONE	261	CL:0002553 Histone ChIP-seq H2AFZ	Histone ChIP-seq	fibroblast of lung	child,adult	PRIMARY_CELL	encode
CHIP_HISTONE	262	CL:0002553 Histone ChIP-seq H3K27ac	Histone ChIP-seq	fibroblast of lung	adult,child	PRIMARY_CELL	encode
CHIP_HISTONE	263	CL:0002553 Histone ChIP-seq H3K27me3	Histone ChIP-seq	fibroblast of lung	child,adult	PRIMARY_CELL	encode
CHIP_HISTONE	264	CL:0002553 Histone ChIP-seq H3K36me3	Histone ChIP-seq	fibroblast of lung	adult,child	PRIMARY_CELL	encode
CHIP_HISTONE	265	CL:0002553 Histone ChIP-seq H3K4me2	Histone ChIP-seq	fibroblast of lung	adult,child	PRIMARY_CELL	encode
CHIP_HISTONE	266	CL:0002553 Histone ChIP-seq H3K4me3	Histone ChIP-seq	fibroblast of lung	adult	PRIMARY_CELL	encode
CHIP_HISTONE	267	CL:0002553 Histone ChIP-seq H3K79me2	Histone ChIP-seq	fibroblast of lung	adult,child	PRIMARY_CELL	encode
CHIP_HISTONE	268	CL:0002553 Histone ChIP-seq H3K9ac	Histone ChIP-seq	fibroblast of lung	child,adult	PRIMARY_CELL	encode
CHIP_HISTONE	269	CL:0002555 Histone ChIP-seq H3K4me3	Histone ChIP-seq	fibroblast of mammary gland	unknown	PRIMARY_CELL	encode
CHIP_HISTONE	270	CL:0002557 Histone ChIP-seq H3K4me3	Histone ChIP-seq	fibroblast of pulmonary artery	unknown	PRIMARY_CELL	encode
CHIP_HISTONE	271	CL:0002558 Histone ChIP-seq H3K4me3	Histone ChIP-seq	fibroblast of villous mesenchyme	unknown	PRIMARY_CELL	encode
CHIP_HISTONE	272	CL:0002586 Histone ChIP-seq H3K4me3	Histone ChIP-seq	retinal pigment epithelial cell	unknown	PRIMARY_CELL	encode
CHIP_HISTONE	273	CL:0002603 Histone ChIP-seq H3K4me3	Histone ChIP-seq	astrocyte of the cerebellum	unknown	PRIMARY_CELL	encode
CHIP_HISTONE	274	CL:0002606 Histone ChIP-seq H3K4me3	Histone ChIP-seq	astrocyte of the spinal cord	unknown	PRIMARY_CELL	encode
CHIP_HISTONE	275	CL:0002618 Histone ChIP-seq H2AFZ	Histone ChIP-seq	endothelial cell of umbilical vein	newborn	PRIMARY_CELL	encode
CHIP_HISTONE	276	CL:0002618 Histone ChIP-seq H3K27ac	Histone ChIP-seq	endothelial cell of umbilical vein	newborn	PRIMARY_CELL	encode
CHIP_HISTONE	277	CL:0002618 Histone ChIP-seq H3K27me3	Histone ChIP-seq	endothelial cell of umbilical vein	newborn	PRIMARY_CELL	encode
CHIP_HISTONE	278	CL:0002618 Histone ChIP-seq H3K36me3	Histone ChIP-seq	endothelial cell of umbilical vein	newborn	PRIMARY_CELL	encode
CHIP_HISTONE	279	CL:0002618 Histone ChIP-seq H3K4me1	Histone ChIP-seq	endothelial cell of umbilical vein	newborn	PRIMARY_CELL	encode
CHIP_HISTONE	280	CL:0002618 Histone ChIP-seq H3K4me2	Histone ChIP-seq	endothelial cell of umbilical vein	newborn	PRIMARY_CELL	encode
CHIP_HISTONE	281	CL:0002618 Histone ChIP-seq H3K4me3	Histone ChIP-seq	endothelial cell of umbilical vein	newborn	PRIMARY_CELL	encode
CHIP_HISTONE	282	CL:0002618 Histone ChIP-seq H3K79me2	Histone ChIP-seq	endothelial cell of umbilical vein	newborn	PRIMARY_CELL	encode
CHIP_HISTONE	283	CL:0002618 Histone ChIP-seq H3K9ac	Histone ChIP-seq	endothelial cell of umbilical vein	newborn	PRIMARY_CELL	encode
CHIP_HISTONE	284	CL:0011020 Histone ChIP-seq H2AFZ	Histone ChIP-seq	neural progenitor cell	embryonic	IN_VITRO_DIFFERENTIATED_CELLS	encode
CHIP_HISTONE	285	CL:0011020 Histone ChIP-seq H3F3A	Histone ChIP-seq	neural progenitor cell	embryonic	IN_VITRO_DIFFERENTIATED_CELLS	encode
CHIP_HISTONE	286	CL:0011020 Histone ChIP-seq H3K27ac	Histone ChIP-seq	neural progenitor cell	embryonic	IN_VITRO_DIFFERENTIATED_CELLS	encode
CHIP_HISTONE	287	CL:0011020 Histone ChIP-seq H3K27me3	Histone ChIP-seq	neural progenitor cell	embryonic	IN_VITRO_DIFFERENTIATED_CELLS	encode
CHIP_HISTONE	288	CL:0011020 Histone ChIP-seq H3K4me1	Histone ChIP-seq	neural progenitor cell	embryonic	IN_VITRO_DIFFERENTIATED_CELLS	encode
CHIP_HISTONE	289	CL:0011020 Histone ChIP-seq H3K4me2	Histone ChIP-seq	neural progenitor cell	embryonic	IN_VITRO_DIFFERENTIATED_CELLS	encode
CHIP_HISTONE	290	CL:0011020 Histone ChIP-seq H3K4me3	Histone ChIP-seq	neural progenitor cell	embryonic	IN_VITRO_DIFFERENTIATED_CELLS	encode
CHIP_HISTONE	291	CL:0011020 Histone ChIP-seq H3K79me2	Histone ChIP-seq	neural progenitor cell	embryonic	IN_VITRO_DIFFERENTIATED_CELLS	encode
CHIP_HISTONE	292	CL:0011020 Histone ChIP-seq H4K20me1	Histone ChIP-seq	neural progenitor cell	embryonic	IN_VITRO_DIFFERENTIATED_CELLS	encode
CHIP_HISTONE	293	CL:1001606 Histone ChIP-seq H3K27ac	Histone ChIP-seq	foreskin keratinocyte	newborn	PRIMARY_CELL	encode
CHIP_HISTONE	294	CL:1001606 Histone ChIP-seq H3K27me3	Histone ChIP-seq	foreskin keratinocyte	newborn	PRIMARY_CELL	encode
CHIP_HISTONE	295	CL:1001606 Histone ChIP-seq H3K36me3	Histone ChIP-seq	foreskin keratinocyte	newborn	PRIMARY_CELL	encode
CHIP_HISTONE	296	CL:1001606 Histone ChIP-seq H3K4me1	Histone ChIP-seq	foreskin keratinocyte	newborn	PRIMARY_CELL	encode
CHIP_HISTONE	297	CL:1001606 Histone ChIP-seq H3K4me3	Histone ChIP-seq	foreskin keratinocyte	newborn	PRIMARY_CELL	encode
CHIP_HISTONE	298	CL:1001606 Histone ChIP-seq H3K9ac	Histone ChIP-seq	foreskin keratinocyte	newborn	PRIMARY_CELL	encode
CHIP_HISTONE	299	CL:1001606 Histone ChIP-seq H3K9me3	Histone ChIP-seq	foreskin keratinocyte	newborn	PRIMARY_CELL	encode
CHIP_HISTONE	300	CL:1001608 Histone ChIP-seq H3K27ac	Histone ChIP-seq	foreskin fibroblast	newborn	PRIMARY_CELL	encode
CHIP_HISTONE	301	CL:1001608 Histone ChIP-seq H3K27me3	Histone ChIP-seq	foreskin fibroblast	newborn	PRIMARY_CELL	encode
CHIP_HISTONE	302	CL:1001608 Histone ChIP-seq H3K36me3	Histone ChIP-seq	foreskin fibroblast	newborn	PRIMARY_CELL	encode
CHIP_HISTONE	303	CL:1001608 Histone ChIP-seq H3K4me1	Histone ChIP-seq	foreskin fibroblast	newborn	PRIMARY_CELL	encode
CHIP_HISTONE	304	CL:1001608 Histone ChIP-seq H3K4me3	Histone ChIP-seq	foreskin fibroblast	newborn	PRIMARY_CELL	encode
CHIP_HISTONE	305	CL:1001608 Histone ChIP-seq H3K9me3	Histone ChIP-seq	foreskin fibroblast	newborn	PRIMARY_CELL	encode
CHIP_HISTONE	306	CL:2000001 Histone ChIP-seq H3K27ac	Histone ChIP-seq	peripheral blood mononuclear cell	adult	PRIMARY_CELL	encode
CHIP_HISTONE	307	CL:2000001 Histone ChIP-seq H3K27me3	Histone ChIP-seq	peripheral blood mononuclear cell	adult	PRIMARY_CELL	encode
CHIP_HISTONE	308	CL:2000001 Histone ChIP-seq H3K36me3	Histone ChIP-seq	peripheral blood mononuclear cell	adult	PRIMARY_CELL	encode
CHIP_HISTONE	309	CL:2000001 Histone ChIP-seq H3K4me1	Histone ChIP-seq	peripheral blood mononuclear cell	adult	PRIMARY_CELL	encode
CHIP_HISTONE	310	CL:2000001 Histone ChIP-seq H3K4me3	Histone ChIP-seq	peripheral blood mononuclear cell	adult	PRIMARY_CELL	encode
CHIP_HISTONE	311	CL:2000001 Histone ChIP-seq H3K9ac	Histone ChIP-seq	peripheral blood mononuclear cell	adult	PRIMARY_CELL	encode
CHIP_HISTONE	312	CL:2000001 Histone ChIP-seq H3K9me3	Histone ChIP-seq	peripheral blood mononuclear cell	adult	PRIMARY_CELL	encode
CHIP_HISTONE	313	CL:2000044 Histone ChIP-seq H3K27ac	Histone ChIP-seq	brain microvascular endothelial cell	unknown	PRIMARY_CELL	encode
CHIP_HISTONE	314	CL:2000044 Histone ChIP-seq H3K36me3	Histone ChIP-seq	brain microvascular endothelial cell	unknown	PRIMARY_CELL	encode
CHIP_HISTONE	315	CL:2000044 Histone ChIP-seq H3K4me3	Histone ChIP-seq	brain microvascular endothelial cell	unknown	PRIMARY_CELL	encode
CHIP_HISTONE	316	CL:2000045 Histone ChIP-seq H3K27ac	Histone ChIP-seq	foreskin melanocyte	newborn	PRIMARY_CELL	encode
CHIP_HISTONE	317	CL:2000045 Histone ChIP-seq H3K27me3	Histone ChIP-seq	foreskin melanocyte	newborn	PRIMARY_CELL	encode
CHIP_HISTONE	318	CL:2000045 Histone ChIP-seq H3K36me3	Histone ChIP-seq	foreskin melanocyte	newborn	PRIMARY_CELL	encode
CHIP_HISTONE	319	CL:2000045 Histone ChIP-seq H3K4me1	Histone ChIP-seq	foreskin melanocyte	newborn	PRIMARY_CELL	encode
CHIP_HISTONE	320	CL:2000045 Histone ChIP-seq H3K4me3	Histone ChIP-seq	foreskin melanocyte	newborn	PRIMARY_CELL	encode
CHIP_HISTONE	321	CL:2000045 Histone ChIP-seq H3K9ac	Histone ChIP-seq	foreskin melanocyte	newborn	PRIMARY_CELL	encode
CHIP_HISTONE	322	CL:2000045 Histone ChIP-seq H3K9me3	Histone ChIP-seq	foreskin melanocyte	newborn	PRIMARY_CELL	encode
CHIP_HISTONE	323	CLO:0007045 Histone ChIP-seq H3K4me3	Histone ChIP-seq	Jurkat, Clone E6-1	child	CELL_LINE	encode
CHIP_HISTONE	324	CLO:0021511 Histone ChIP-seq H3K4me3	Histone ChIP-seq	AG10803	adult	CELL_LINE	encode
CHIP_HISTONE	325	CLO:0021752 Histone ChIP-seq H3K4me3	Histone ChIP-seq	AG09309	adult	CELL_LINE	encode
CHIP_HISTONE	326	CLO:0021754 Histone ChIP-seq H3K4me3	Histone ChIP-seq	AG09319	adult	CELL_LINE	encode
CHIP_HISTONE	327	CLO:0034837 Histone ChIP-seq H3K4me3	Histone ChIP-seq	AG04449	embryonic	CELL_LINE	encode
CHIP_HISTONE	328	EFO:0001086 Histone ChIP-seq H3K27ac	Histone ChIP-seq	A549	adult	CELL_LINE	encode
CHIP_HISTONE	329	EFO:0001086 Histone ChIP-seq H3K4me1	Histone ChIP-seq	A549	adult	CELL_LINE	encode
CHIP_HISTONE	330	EFO:0001086 Histone ChIP-seq H3K4me2	Histone ChIP-seq	A549	adult	CELL_LINE	encode
CHIP_HISTONE	331	EFO:0001086 Histone ChIP-seq H3K4me3	Histone ChIP-seq	A549	adult	CELL_LINE	encode
CHIP_HISTONE	332	EFO:0001099 Histone ChIP-seq H3K4me1	Histone ChIP-seq	Caco-2	adult	CELL_LINE	encode
CHIP_HISTONE	333	EFO:0001099 Histone ChIP-seq H3K4me3	Histone ChIP-seq	Caco-2	adult	CELL_LINE	encode
CHIP_HISTONE	334	EFO:0001162 Histone ChIP-seq H3K4me3	Histone ChIP-seq	GM12875	unknown	CELL_LINE	encode
CHIP_HISTONE	335	EFO:0001182 Histone ChIP-seq H3K36me3	Histone ChIP-seq	HEK293	embryonic	CELL_LINE	encode
CHIP_HISTONE	336	EFO:0001182 Histone ChIP-seq H3K4me1	Histone ChIP-seq	HEK293	embryonic	CELL_LINE	encode
CHIP_HISTONE	337	EFO:0001182 Histone ChIP-seq H3K4me3	Histone ChIP-seq	HEK293	embryonic	CELL_LINE	encode
CHIP_HISTONE	338	EFO:0001187 Histone ChIP-seq H3K27ac	Histone ChIP-seq	HepG2	child	CELL_LINE	encode
CHIP_HISTONE	339	EFO:0001187 Histone ChIP-seq H3K27me3	Histone ChIP-seq	HepG2	child	CELL_LINE	encode
CHIP_HISTONE	340	EFO:0001187 Histone ChIP-seq H3K36me3	Histone ChIP-seq	HepG2	child	CELL_LINE	encode
CHIP_HISTONE	341	EFO:0001187 Histone ChIP-seq H3K4me1	Histone ChIP-seq	HepG2	child	CELL_LINE	encode
CHIP_HISTONE	342	EFO:0001187 Histone ChIP-seq H3K4me2	Histone ChIP-seq	HepG2	child	CELL_LINE	encode
CHIP_HISTONE	343	EFO:0001187 Histone ChIP-seq H3K4me3	Histone ChIP-seq	HepG2	child	CELL_LINE	encode
CHIP_HISTONE	344	EFO:0001187 Histone ChIP-seq H3K79me2	Histone ChIP-seq	HepG2	child	CELL_LINE	encode
CHIP_HISTONE	345	EFO:0001187 Histone ChIP-seq H3K9ac	Histone ChIP-seq	HepG2	child	CELL_LINE	encode
CHIP_HISTONE	346	EFO:0001187 Histone ChIP-seq H3K9me3	Histone ChIP-seq	HepG2	child	CELL_LINE	encode
CHIP_HISTONE	347	EFO:0001187 Histone ChIP-seq H4K20me1	Histone ChIP-seq	HepG2	child	CELL_LINE	encode
CHIP_HISTONE	348	EFO:0001196 Histone ChIP-seq H2AFZ	Histone ChIP-seq	IMR-90	embryonic	CELL_LINE	encode
CHIP_HISTONE	349	EFO:0001196 Histone ChIP-seq H2AK5ac	Histone ChIP-seq	IMR-90	embryonic	CELL_LINE	encode
CHIP_HISTONE	350	EFO:0001196 Histone ChIP-seq H2BK120ac	Histone ChIP-seq	IMR-90	embryonic	CELL_LINE	encode
CHIP_HISTONE	351	EFO:0001196 Histone ChIP-seq H2BK12ac	Histone ChIP-seq	IMR-90	embryonic	CELL_LINE	encode
CHIP_HISTONE	352	EFO:0001196 Histone ChIP-seq H2BK15ac	Histone ChIP-seq	IMR-90	embryonic	CELL_LINE	encode
CHIP_HISTONE	353	EFO:0001196 Histone ChIP-seq H2BK20ac	Histone ChIP-seq	IMR-90	embryonic	CELL_LINE	encode
CHIP_HISTONE	354	EFO:0001196 Histone ChIP-seq H2BK5ac	Histone ChIP-seq	IMR-90	embryonic	CELL_LINE	encode
CHIP_HISTONE	355	EFO:0001196 Histone ChIP-seq H3K14ac	Histone ChIP-seq	IMR-90	embryonic	CELL_LINE	encode
CHIP_HISTONE	356	EFO:0001196 Histone ChIP-seq H3K18ac	Histone ChIP-seq	IMR-90	embryonic	CELL_LINE	encode
CHIP_HISTONE	357	EFO:0001196 Histone ChIP-seq H3K23ac	Histone ChIP-seq	IMR-90	embryonic	CELL_LINE	encode
CHIP_HISTONE	358	EFO:0001196 Histone ChIP-seq H3K27ac	Histone ChIP-seq	IMR-90	embryonic	CELL_LINE	encode
CHIP_HISTONE	359	EFO:0001196 Histone ChIP-seq H3K27me3	Histone ChIP-seq	IMR-90	embryonic	CELL_LINE	encode
CHIP_HISTONE	360	EFO:0001196 Histone ChIP-seq H3K36me3	Histone ChIP-seq	IMR-90	embryonic	CELL_LINE	encode
CHIP_HISTONE	361	EFO:0001196 Histone ChIP-seq H3K4ac	Histone ChIP-seq	IMR-90	embryonic	CELL_LINE	encode
CHIP_HISTONE	362	EFO:0001196 Histone ChIP-seq H3K4me1	Histone ChIP-seq	IMR-90	embryonic	CELL_LINE	encode
CHIP_HISTONE	363	EFO:0001196 Histone ChIP-seq H3K4me2	Histone ChIP-seq	IMR-90	embryonic	CELL_LINE	encode
CHIP_HISTONE	364	EFO:0001196 Histone ChIP-seq H3K4me3	Histone ChIP-seq	IMR-90	embryonic	CELL_LINE	encode
CHIP_HISTONE	365	EFO:0001196 Histone ChIP-seq H3K79me1	Histone ChIP-seq	IMR-90	embryonic	CELL_LINE	encode
CHIP_HISTONE	366	EFO:0001196 Histone ChIP-seq H3K79me2	Histone ChIP-seq	IMR-90	embryonic	CELL_LINE	encode
CHIP_HISTONE	367	EFO:0001196 Histone ChIP-seq H3K9ac	Histone ChIP-seq	IMR-90	embryonic	CELL_LINE	encode
CHIP_HISTONE	368	EFO:0001196 Histone ChIP-seq H3K9me1	Histone ChIP-seq	IMR-90	embryonic	CELL_LINE	encode
CHIP_HISTONE	369	EFO:0001196 Histone ChIP-seq H3K9me3	Histone ChIP-seq	IMR-90	embryonic	CELL_LINE	encode
CHIP_HISTONE	370	EFO:0001196 Histone ChIP-seq H4K20me1	Histone ChIP-seq	IMR-90	embryonic	CELL_LINE	encode
CHIP_HISTONE	371	EFO:0001196 Histone ChIP-seq H4K5ac	Histone ChIP-seq	IMR-90	embryonic	CELL_LINE	encode
CHIP_HISTONE	372	EFO:0001196 Histone ChIP-seq H4K8ac	Histone ChIP-seq	IMR-90	embryonic	CELL_LINE	encode
CHIP_HISTONE	373	EFO:0001196 Histone ChIP-seq H4K91ac	Histone ChIP-seq	IMR-90	embryonic	CELL_LINE	encode
CHIP_HISTONE	374	EFO:0001203 Histone ChIP-seq H2AFZ	Histone ChIP-seq	MCF-7	adult	CELL_LINE	encode
CHIP_HISTONE	375	EFO:0001203 Histone ChIP-seq H3K27ac	Histone ChIP-seq	MCF-7	adult	CELL_LINE	encode
CHIP_HISTONE	376	EFO:0001203 Histone ChIP-seq H3K36me3	Histone ChIP-seq	MCF-7	adult	CELL_LINE	encode
CHIP_HISTONE	377	EFO:0001203 Histone ChIP-seq H3K4me1	Histone ChIP-seq	MCF-7	adult	CELL_LINE	encode
CHIP_HISTONE	378	EFO:0001203 Histone ChIP-seq H3K4me2	Histone ChIP-seq	MCF-7	adult	CELL_LINE	encode
CHIP_HISTONE	379	EFO:0001203 Histone ChIP-seq H3K4me3	Histone ChIP-seq	MCF-7	adult	CELL_LINE	encode
CHIP_HISTONE	380	EFO:0001203 Histone ChIP-seq H3K79me2	Histone ChIP-seq	MCF-7	adult	CELL_LINE	encode
CHIP_HISTONE	381	EFO:0001203 Histone ChIP-seq H3K9ac	Histone ChIP-seq	MCF-7	adult	CELL_LINE	encode
CHIP_HISTONE	382	EFO:0001221 Histone ChIP-seq H2AFZ	Histone ChIP-seq	NCI-H929	adult	CELL_LINE	encode
CHIP_HISTONE	383	EFO:0001221 Histone ChIP-seq H3K27ac	Histone ChIP-seq	NCI-H929	adult	CELL_LINE	encode
CHIP_HISTONE	384	EFO:0001221 Histone ChIP-seq H3K36me3	Histone ChIP-seq	NCI-H929	adult	CELL_LINE	encode
CHIP_HISTONE	385	EFO:0001221 Histone ChIP-seq H3K4me1	Histone ChIP-seq	NCI-H929	adult	CELL_LINE	encode
CHIP_HISTONE	386	EFO:0001221 Histone ChIP-seq H3K4me2	Histone ChIP-seq	NCI-H929	adult	CELL_LINE	encode
CHIP_HISTONE	387	EFO:0001221 Histone ChIP-seq H3K4me3	Histone ChIP-seq	NCI-H929	adult	CELL_LINE	encode
CHIP_HISTONE	388	EFO:0001221 Histone ChIP-seq H3K79me2	Histone ChIP-seq	NCI-H929	adult	CELL_LINE	encode
CHIP_HISTONE	389	EFO:0001221 Histone ChIP-seq H3K9ac	Histone ChIP-seq	NCI-H929	adult	CELL_LINE	encode
CHIP_HISTONE	390	EFO:0001260 Histone ChIP-seq H3K4me3	Histone ChIP-seq	WI38	unknown	CELL_LINE	encode
CHIP_HISTONE	391	EFO:0002067 Histone ChIP-seq H2AFZ	Histone ChIP-seq	K562	adult	CELL_LINE	encode
CHIP_HISTONE	392	EFO:0002067 Histone ChIP-seq H3K27ac	Histone ChIP-seq	K562	adult	CELL_LINE	encode
CHIP_HISTONE	393	EFO:0002067 Histone ChIP-seq H3K27me3	Histone ChIP-seq	K562	adult	CELL_LINE	encode
CHIP_HISTONE	394	EFO:0002067 Histone ChIP-seq H3K36me3	Histone ChIP-seq	K562	adult	CELL_LINE	encode
CHIP_HISTONE	395	EFO:0002067 Histone ChIP-seq H3K4me1	Histone ChIP-seq	K562	adult	CELL_LINE	encode
CHIP_HISTONE	396	EFO:0002067 Histone ChIP-seq H3K4me2	Histone ChIP-seq	K562	adult	CELL_LINE	encode
CHIP_HISTONE	397	EFO:0002067 Histone ChIP-seq H3K4me3	Histone ChIP-seq	K562	adult	CELL_LINE	encode
CHIP_HISTONE	398	EFO:0002067 Histone ChIP-seq H3K79me2	Histone ChIP-seq	K562	adult	CELL_LINE	encode
CHIP_HISTONE	399	EFO:0002067 Histone ChIP-seq H3K9ac	Histone ChIP-seq	K562	adult	CELL_LINE	encode
CHIP_HISTONE	400	EFO:0002067 Histone ChIP-seq H4K20me1	Histone ChIP-seq	K562	adult	CELL_LINE	encode
CHIP_HISTONE	401	EFO:0002074 Histone ChIP-seq H2AFZ	Histone ChIP-seq	PC-3	adult	CELL_LINE	encode
CHIP_HISTONE	402	EFO:0002074 Histone ChIP-seq H3K27ac	Histone ChIP-seq	PC-3	adult	CELL_LINE	encode
CHIP_HISTONE	403	EFO:0002074 Histone ChIP-seq H3K27me3	Histone ChIP-seq	PC-3	adult	CELL_LINE	encode
CHIP_HISTONE	404	EFO:0002074 Histone ChIP-seq H3K36me3	Histone ChIP-seq	PC-3	adult	CELL_LINE	encode
CHIP_HISTONE	405	EFO:0002074 Histone ChIP-seq H3K4me1	Histone ChIP-seq	PC-3	adult	CELL_LINE	encode
CHIP_HISTONE	406	EFO:0002074 Histone ChIP-seq H3K4me2	Histone ChIP-seq	PC-3	adult	CELL_LINE	encode
CHIP_HISTONE	407	EFO:0002074 Histone ChIP-seq H3K4me3	Histone ChIP-seq	PC-3	adult	CELL_LINE	encode
CHIP_HISTONE	408	EFO:0002074 Histone ChIP-seq H3K79me2	Histone ChIP-seq	PC-3	adult	CELL_LINE	encode
CHIP_HISTONE	409	EFO:0002074 Histone ChIP-seq H3K9ac	Histone ChIP-seq	PC-3	adult	CELL_LINE	encode
CHIP_HISTONE	410	EFO:0002095 Histone ChIP-seq H3K27ac	Histone ChIP-seq	22Rv1	unknown	CELL_LINE	encode
CHIP_HISTONE	411	EFO:0002106 Histone ChIP-seq H3K27ac	Histone ChIP-seq	A673	child	CELL_LINE	encode
CHIP_HISTONE	412	EFO:0002106 Histone ChIP-seq H3K4me1	Histone ChIP-seq	A673	child	CELL_LINE	encode
CHIP_HISTONE	413	EFO:0002106 Histone ChIP-seq H3K4me3	Histone ChIP-seq	A673	child	CELL_LINE	encode
CHIP_HISTONE	414	EFO:0002167 Histone ChIP-seq H2AFZ	Histone ChIP-seq	DOHH2	adult	CELL_LINE	encode
CHIP_HISTONE	415	EFO:0002167 Histone ChIP-seq H3F3A	Histone ChIP-seq	DOHH2	adult	CELL_LINE	encode
CHIP_HISTONE	416	EFO:0002167 Histone ChIP-seq H3K27ac	Histone ChIP-seq	DOHH2	adult	CELL_LINE	encode
CHIP_HISTONE	417	EFO:0002167 Histone ChIP-seq H3K27me3	Histone ChIP-seq	DOHH2	adult	CELL_LINE	encode
CHIP_HISTONE	418	EFO:0002167 Histone ChIP-seq H3K36me3	Histone ChIP-seq	DOHH2	adult	CELL_LINE	encode
CHIP_HISTONE	419	EFO:0002167 Histone ChIP-seq H3K4me1	Histone ChIP-seq	DOHH2	adult	CELL_LINE	encode
CHIP_HISTONE	420	EFO:0002167 Histone ChIP-seq H3K4me2	Histone ChIP-seq	DOHH2	adult	CELL_LINE	encode
CHIP_HISTONE	421	EFO:0002167 Histone ChIP-seq H3K4me3	Histone ChIP-seq	DOHH2	adult	CELL_LINE	encode
CHIP_HISTONE	422	EFO:0002167 Histone ChIP-seq H3K79me2	Histone ChIP-seq	DOHH2	adult	CELL_LINE	encode
CHIP_HISTONE	423	EFO:0002234 Histone ChIP-seq H3K36me3	Histone ChIP-seq	MG63	child	CELL_LINE	encode
CHIP_HISTONE	424	EFO:0002234 Histone ChIP-seq H3K4me3	Histone ChIP-seq	MG63	child	CELL_LINE	encode
CHIP_HISTONE	425	EFO:0002323 Histone ChIP-seq H3K27ac	Histone ChIP-seq	RWPE1	adult	CELL_LINE	encode
CHIP_HISTONE	426	EFO:0002330 Histone ChIP-seq H3K27ac	Histone ChIP-seq	SJSA1	adult	CELL_LINE	encode
CHIP_HISTONE	427	EFO:0002330 Histone ChIP-seq H3K36me3	Histone ChIP-seq	SJSA1	adult	CELL_LINE	encode
CHIP_HISTONE	428	EFO:0002330 Histone ChIP-seq H3K4me1	Histone ChIP-seq	SJSA1	adult	CELL_LINE	encode
CHIP_HISTONE	429	EFO:0002330 Histone ChIP-seq H3K4me3	Histone ChIP-seq	SJSA1	adult	CELL_LINE	encode
CHIP_HISTONE	430	EFO:0002357 Histone ChIP-seq H3F3A	Histone ChIP-seq	SU-DHL-6	adult	CELL_LINE	encode
CHIP_HISTONE	431	EFO:0002357 Histone ChIP-seq H3K27ac	Histone ChIP-seq	SU-DHL-6	adult	CELL_LINE	encode
CHIP_HISTONE	432	EFO:0002357 Histone ChIP-seq H3K36me3	Histone ChIP-seq	SU-DHL-6	adult	CELL_LINE	encode
CHIP_HISTONE	433	EFO:0002357 Histone ChIP-seq H3K4me2	Histone ChIP-seq	SU-DHL-6	adult	CELL_LINE	encode
CHIP_HISTONE	434	EFO:0002357 Histone ChIP-seq H3K79me2	Histone ChIP-seq	SU-DHL-6	adult	CELL_LINE	encode
CHIP_HISTONE	435	EFO:0002357 Histone ChIP-seq H3K9ac	Histone ChIP-seq	SU-DHL-6	adult	CELL_LINE	encode
CHIP_HISTONE	436	EFO:0002713 Histone ChIP-seq H3K27ac	Histone ChIP-seq	Panc1	adult	CELL_LINE	encode
CHIP_HISTONE	437	EFO:0002713 Histone ChIP-seq H3K36me3	Histone ChIP-seq	Panc1	adult	CELL_LINE	encode
CHIP_HISTONE	438	EFO:0002713 Histone ChIP-seq H3K4me1	Histone ChIP-seq	Panc1	adult	CELL_LINE	encode
CHIP_HISTONE	439	EFO:0002713 Histone ChIP-seq H3K4me3	Histone ChIP-seq	Panc1	adult	CELL_LINE	encode
CHIP_HISTONE	440	EFO:0002779 Histone ChIP-seq H3K27me3	Histone ChIP-seq	BJ	newborn	CELL_LINE	encode
CHIP_HISTONE	441	EFO:0002779 Histone ChIP-seq H3K36me3	Histone ChIP-seq	BJ	newborn	CELL_LINE	encode
CHIP_HISTONE	442	EFO:0002779 Histone ChIP-seq H3K4me3	Histone ChIP-seq	BJ	newborn	CELL_LINE	encode
CHIP_HISTONE	443	EFO:0002783 Histone ChIP-seq H3K36me3	Histone ChIP-seq	GM06990	unknown	CELL_LINE	encode
CHIP_HISTONE	444	EFO:0002783 Histone ChIP-seq H3K4me3	Histone ChIP-seq	GM06990	unknown	CELL_LINE	encode
CHIP_HISTONE	445	EFO:0002784 Histone ChIP-seq H2AFZ	Histone ChIP-seq	GM12878	adult	CELL_LINE	encode
CHIP_HISTONE	446	EFO:0002784 Histone ChIP-seq H3K27ac	Histone ChIP-seq	GM12878	adult	CELL_LINE	encode
CHIP_HISTONE	447	EFO:0002784 Histone ChIP-seq H3K36me3	Histone ChIP-seq	GM12878	adult	CELL_LINE	encode
CHIP_HISTONE	448	EFO:0002784 Histone ChIP-seq H3K4me1	Histone ChIP-seq	GM12878	adult	CELL_LINE	encode
CHIP_HISTONE	449	EFO:0002784 Histone ChIP-seq H3K4me2	Histone ChIP-seq	GM12878	adult	CELL_LINE	encode
CHIP_HISTONE	450	EFO:0002784 Histone ChIP-seq H3K4me3	Histone ChIP-seq	GM12878	adult	CELL_LINE	encode
CHIP_HISTONE	451	EFO:0002784 Histone ChIP-seq H3K79me2	Histone ChIP-seq	GM12878	adult	CELL_LINE	encode
CHIP_HISTONE	452	EFO:0002784 Histone ChIP-seq H3K9ac	Histone ChIP-seq	GM12878	adult	CELL_LINE	encode
CHIP_HISTONE	453	EFO:0002791 Histone ChIP-seq H2AFZ	Histone ChIP-seq	HeLa-S3	adult	CELL_LINE	encode
CHIP_HISTONE	454	EFO:0002791 Histone ChIP-seq H3K27ac	Histone ChIP-seq	HeLa-S3	adult	CELL_LINE	encode
CHIP_HISTONE	455	EFO:0002791 Histone ChIP-seq H3K27me3	Histone ChIP-seq	HeLa-S3	adult	CELL_LINE	encode
CHIP_HISTONE	456	EFO:0002791 Histone ChIP-seq H3K36me3	Histone ChIP-seq	HeLa-S3	adult	CELL_LINE	encode
CHIP_HISTONE	457	EFO:0002791 Histone ChIP-seq H3K4me1	Histone ChIP-seq	HeLa-S3	adult	CELL_LINE	encode
CHIP_HISTONE	458	EFO:0002791 Histone ChIP-seq H3K4me2	Histone ChIP-seq	HeLa-S3	adult	CELL_LINE	encode
CHIP_HISTONE	459	EFO:0002791 Histone ChIP-seq H3K4me3	Histone ChIP-seq	HeLa-S3	adult	CELL_LINE	encode
CHIP_HISTONE	460	EFO:0002791 Histone ChIP-seq H3K79me2	Histone ChIP-seq	HeLa-S3	adult	CELL_LINE	encode
CHIP_HISTONE	461	EFO:0002791 Histone ChIP-seq H3K9ac	Histone ChIP-seq	HeLa-S3	adult	CELL_LINE	encode
CHIP_HISTONE	462	EFO:0002793 Histone ChIP-seq H3K27ac	Histone ChIP-seq	HL-60	adult	CELL_LINE	encode
CHIP_HISTONE	463	EFO:0002793 Histone ChIP-seq H3K4me3	Histone ChIP-seq	HL-60	adult	CELL_LINE	encode
CHIP_HISTONE	464	EFO:0002798 Histone ChIP-seq H3K4me3	Histone ChIP-seq	NB4	adult	CELL_LINE	encode
CHIP_HISTONE	465	EFO:0002824 Histone ChIP-seq H3K27ac	Histone ChIP-seq	HCT116	adult	CELL_LINE	encode
CHIP_HISTONE	466	EFO:0002824 Histone ChIP-seq H3K27me3	Histone ChIP-seq	HCT116	adult	CELL_LINE	encode
CHIP_HISTONE	467	EFO:0002824 Histone ChIP-seq H3K36me3	Histone ChIP-seq	HCT116	adult	CELL_LINE	encode
CHIP_HISTONE	468	EFO:0002824 Histone ChIP-seq H3K4me1	Histone ChIP-seq	HCT116	adult	CELL_LINE	encode
CHIP_HISTONE	469	EFO:0002824 Histone ChIP-seq H3K4me2	Histone ChIP-seq	HCT116	adult	CELL_LINE	encode
CHIP_HISTONE	470	EFO:0002824 Histone ChIP-seq H3K4me3	Histone ChIP-seq	HCT116	adult	CELL_LINE	encode
CHIP_HISTONE	471	EFO:0002824 Histone ChIP-seq H3K79me2	Histone ChIP-seq	HCT116	adult	CELL_LINE	encode
CHIP_HISTONE	472	EFO:0002824 Histone ChIP-seq H3K9ac	Histone ChIP-seq	HCT116	adult	CELL_LINE	encode
CHIP_HISTONE	473	EFO:0002847 Histone ChIP-seq H2AFZ	Histone ChIP-seq	PC-9	unknown	CELL_LINE	encode
CHIP_HISTONE	474	EFO:0002847 Histone ChIP-seq H3F3A	Histone ChIP-seq	PC-9	unknown	CELL_LINE	encode
CHIP_HISTONE	475	EFO:0002847 Histone ChIP-seq H3K27ac	Histone ChIP-seq	PC-9	unknown	CELL_LINE	encode
CHIP_HISTONE	476	EFO:0002847 Histone ChIP-seq H3K27me3	Histone ChIP-seq	PC-9	unknown	CELL_LINE	encode
CHIP_HISTONE	477	EFO:0002847 Histone ChIP-seq H3K4me1	Histone ChIP-seq	PC-9	unknown	CELL_LINE	encode
CHIP_HISTONE	478	EFO:0002847 Histone ChIP-seq H3K4me2	Histone ChIP-seq	PC-9	unknown	CELL_LINE	encode
CHIP_HISTONE	479	EFO:0002847 Histone ChIP-seq H3K4me3	Histone ChIP-seq	PC-9	unknown	CELL_LINE	encode
CHIP_HISTONE	480	EFO:0002847 Histone ChIP-seq H3K79me2	Histone ChIP-seq	PC-9	unknown	CELL_LINE	encode
CHIP_HISTONE	481	EFO:0002847 Histone ChIP-seq H3K9ac	Histone ChIP-seq	PC-9	unknown	CELL_LINE	encode
CHIP_HISTONE	482	EFO:0002847 Histone ChIP-seq H3K9me2	Histone ChIP-seq	PC-9	unknown	CELL_LINE	encode
CHIP_HISTONE	483	EFO:0002847 Histone ChIP-seq H3K9me3	Histone ChIP-seq	PC-9	unknown	CELL_LINE	encode
CHIP_HISTONE	484	EFO:0002847 Histone ChIP-seq H4K20me1	Histone ChIP-seq	PC-9	unknown	CELL_LINE	encode
CHIP_HISTONE	485	EFO:0002860 Histone ChIP-seq H3K27ac	Histone ChIP-seq	SK-N-MC	child	CELL_LINE	encode
CHIP_HISTONE	486	EFO:0002860 Histone ChIP-seq H3K36me3	Histone ChIP-seq	SK-N-MC	child	CELL_LINE	encode
CHIP_HISTONE	487	EFO:0002860 Histone ChIP-seq H3K4me1	Histone ChIP-seq	SK-N-MC	child	CELL_LINE	encode
CHIP_HISTONE	488	EFO:0002860 Histone ChIP-seq H3K4me3	Histone ChIP-seq	SK-N-MC	child	CELL_LINE	encode
CHIP_HISTONE	489	EFO:0002860 Histone ChIP-seq H3K9ac	Histone ChIP-seq	SK-N-MC	child	CELL_LINE	encode
CHIP_HISTONE	490	EFO:0003042 Histone ChIP-seq H2AFZ	Histone ChIP-seq	H1	embryonic	CELL_LINE	encode
CHIP_HISTONE	491	EFO:0003042 Histone ChIP-seq H2BK12ac	Histone ChIP-seq	H1	embryonic	CELL_LINE	encode
CHIP_HISTONE	492	EFO:0003042 Histone ChIP-seq H2BK5ac	Histone ChIP-seq	H1	embryonic	CELL_LINE	encode
CHIP_HISTONE	493	EFO:0003042 Histone ChIP-seq H3K27ac	Histone ChIP-seq	H1	embryonic	CELL_LINE	encode
CHIP_HISTONE	494	EFO:0003042 Histone ChIP-seq H3K27me3	Histone ChIP-seq	H1	embryonic	CELL_LINE	encode
CHIP_HISTONE	495	EFO:0003042 Histone ChIP-seq H3K36me3	Histone ChIP-seq	H1	embryonic	CELL_LINE	encode
CHIP_HISTONE	496	EFO:0003042 Histone ChIP-seq H3K4me1	Histone ChIP-seq	H1	embryonic	CELL_LINE	encode
CHIP_HISTONE	497	EFO:0003042 Histone ChIP-seq H3K4me2	Histone ChIP-seq	H1	embryonic	CELL_LINE	encode
CHIP_HISTONE	498	EFO:0003042 Histone ChIP-seq H3K4me3	Histone ChIP-seq	H1	embryonic	CELL_LINE	encode
CHIP_HISTONE	499	EFO:0003042 Histone ChIP-seq H3K79me2	Histone ChIP-seq	H1	embryonic	CELL_LINE	encode
CHIP_HISTONE	500	EFO:0003042 Histone ChIP-seq H3K9ac	Histone ChIP-seq	H1	embryonic	CELL_LINE	encode
CHIP_HISTONE	501	EFO:0003042 Histone ChIP-seq H3K9me3	Histone ChIP-seq	H1	embryonic	CELL_LINE	encode
CHIP_HISTONE	502	EFO:0003042 Histone ChIP-seq H4K20me1	Histone ChIP-seq	H1	embryonic	CELL_LINE	encode
CHIP_HISTONE	503	EFO:0003042 Histone ChIP-seq H4K91ac	Histone ChIP-seq	H1	embryonic	CELL_LINE	encode
CHIP_HISTONE	504	EFO:0003045 Histone ChIP-seq H3K27me3	Histone ChIP-seq	H9	embryonic	CELL_LINE	encode
CHIP_HISTONE	505	EFO:0003045 Histone ChIP-seq H3K36me3	Histone ChIP-seq	H9	embryonic	CELL_LINE	encode
CHIP_HISTONE	506	EFO:0003045 Histone ChIP-seq H3K4me1	Histone ChIP-seq	H9	embryonic	CELL_LINE	encode
CHIP_HISTONE	507	EFO:0003045 Histone ChIP-seq H3K4me2	Histone ChIP-seq	H9	embryonic	CELL_LINE	encode
CHIP_HISTONE	508	EFO:0003045 Histone ChIP-seq H3K4me3	Histone ChIP-seq	H9	embryonic	CELL_LINE	encode
CHIP_HISTONE	509	EFO:0003045 Histone ChIP-seq H3K9me3	Histone ChIP-seq	H9	embryonic	CELL_LINE	encode
CHIP_HISTONE	510	EFO:0003072 Histone ChIP-seq H2AFZ	Histone ChIP-seq	SK-N-SH	child	CELL_LINE	encode
CHIP_HISTONE	511	EFO:0003072 Histone ChIP-seq H3K27ac	Histone ChIP-seq	SK-N-SH	child	CELL_LINE	encode
CHIP_HISTONE	512	EFO:0003072 Histone ChIP-seq H3K27me3	Histone ChIP-seq	SK-N-SH	child	CELL_LINE	encode
CHIP_HISTONE	513	EFO:0003072 Histone ChIP-seq H3K36me3	Histone ChIP-seq	SK-N-SH	child	CELL_LINE	encode
CHIP_HISTONE	514	EFO:0003072 Histone ChIP-seq H3K4me1	Histone ChIP-seq	SK-N-SH	child	CELL_LINE	encode
CHIP_HISTONE	515	EFO:0003072 Histone ChIP-seq H3K4me2	Histone ChIP-seq	SK-N-SH	child	CELL_LINE	encode
CHIP_HISTONE	516	EFO:0003072 Histone ChIP-seq H3K4me3	Histone ChIP-seq	SK-N-SH	child	CELL_LINE	encode
CHIP_HISTONE	517	EFO:0003072 Histone ChIP-seq H3K79me2	Histone ChIP-seq	SK-N-SH	child	CELL_LINE	encode
CHIP_HISTONE	518	EFO:0003072 Histone ChIP-seq H3K9ac	Histone ChIP-seq	SK-N-SH	child	CELL_LINE	encode
CHIP_HISTONE	519	EFO:0003072 Histone ChIP-seq H4K20me1	Histone ChIP-seq	SK-N-SH	child	CELL_LINE	encode
CHIP_HISTONE	520	EFO:0005236 Histone ChIP-seq H3K27me3	Histone ChIP-seq	NT2/D1	unknown	CELL_LINE	encode
CHIP_HISTONE	521	EFO:0005236 Histone ChIP-seq H3K36me3	Histone ChIP-seq	NT2/D1	unknown	CELL_LINE	encode
CHIP_HISTONE	522	EFO:0005236 Histone ChIP-seq H3K4me1	Histone ChIP-seq	NT2/D1	unknown	CELL_LINE	encode
CHIP_HISTONE	523	EFO:0005236 Histone ChIP-seq H3K4me3	Histone ChIP-seq	NT2/D1	unknown	CELL_LINE	encode
CHIP_HISTONE	524	EFO:0005236 Histone ChIP-seq H3K9ac	Histone ChIP-seq	NT2/D1	unknown	CELL_LINE	encode
CHIP_HISTONE	525	EFO:0005236 Histone ChIP-seq H3K9me3	Histone ChIP-seq	NT2/D1	unknown	CELL_LINE	encode
CHIP_HISTONE	526	EFO:0005333 Histone ChIP-seq H3K4me3	Histone ChIP-seq	GM08714	unknown	CELL_LINE	encode
CHIP_HISTONE	527	EFO:0005337 Histone ChIP-seq H3K4me3	Histone ChIP-seq	GM12864	unknown	CELL_LINE	encode
CHIP_HISTONE	528	EFO:0005338 Histone ChIP-seq H3K4me3	Histone ChIP-seq	GM12865	unknown	CELL_LINE	encode
CHIP_HISTONE	529	EFO:0005694 Histone ChIP-seq H2AFZ	Histone ChIP-seq	KMS-11	adult	CELL_LINE	encode
CHIP_HISTONE	530	EFO:0005694 Histone ChIP-seq H3K27ac	Histone ChIP-seq	KMS-11	adult	CELL_LINE	encode
CHIP_HISTONE	531	EFO:0005694 Histone ChIP-seq H3K4me1	Histone ChIP-seq	KMS-11	adult	CELL_LINE	encode
CHIP_HISTONE	532	EFO:0005694 Histone ChIP-seq H3K4me2	Histone ChIP-seq	KMS-11	adult	CELL_LINE	encode
CHIP_HISTONE	533	EFO:0005694 Histone ChIP-seq H3K79me2	Histone ChIP-seq	KMS-11	adult	CELL_LINE	encode
CHIP_HISTONE	534	EFO:0005694 Histone ChIP-seq H3K9ac	Histone ChIP-seq	KMS-11	adult	CELL_LINE	encode
CHIP_HISTONE	535	EFO:0005710 Histone ChIP-seq H3K4me3	Histone ChIP-seq	HFF-Myc	newborn	CELL_LINE	encode
CHIP_HISTONE	536	EFO:0005715 Histone ChIP-seq H3K27ac	Histone ChIP-seq	WERI-Rb-1	child	CELL_LINE	encode
CHIP_HISTONE	537	EFO:0005715 Histone ChIP-seq H3K36me3	Histone ChIP-seq	WERI-Rb-1	child	CELL_LINE	encode
CHIP_HISTONE	538	EFO:0005715 Histone ChIP-seq H3K4me1	Histone ChIP-seq	WERI-Rb-1	child	CELL_LINE	encode
CHIP_HISTONE	539	EFO:0005715 Histone ChIP-seq H3K4me3	Histone ChIP-seq	WERI-Rb-1	child	CELL_LINE	encode
CHIP_HISTONE	540	EFO:0005719 Histone ChIP-seq H2AFZ	Histone ChIP-seq	Karpas-422	adult	CELL_LINE	encode
CHIP_HISTONE	541	EFO:0005719 Histone ChIP-seq H3K27ac	Histone ChIP-seq	Karpas-422	adult	CELL_LINE	encode
CHIP_HISTONE	542	EFO:0005719 Histone ChIP-seq H3K36me3	Histone ChIP-seq	Karpas-422	adult	CELL_LINE	encode
CHIP_HISTONE	543	EFO:0005719 Histone ChIP-seq H3K4me1	Histone ChIP-seq	Karpas-422	adult	CELL_LINE	encode
CHIP_HISTONE	544	EFO:0005719 Histone ChIP-seq H3K4me2	Histone ChIP-seq	Karpas-422	adult	CELL_LINE	encode
CHIP_HISTONE	545	EFO:0005719 Histone ChIP-seq H3K4me3	Histone ChIP-seq	Karpas-422	adult	CELL_LINE	encode
CHIP_HISTONE	546	EFO:0005719 Histone ChIP-seq H3K79me2	Histone ChIP-seq	Karpas-422	adult	CELL_LINE	encode
CHIP_HISTONE	547	EFO:0005719 Histone ChIP-seq H3K9ac	Histone ChIP-seq	Karpas-422	adult	CELL_LINE	encode
CHIP_HISTONE	548	EFO:0005719 Histone ChIP-seq H3K9me3	Histone ChIP-seq	Karpas-422	adult	CELL_LINE	encode
CHIP_HISTONE	549	EFO:0005722 Histone ChIP-seq H3K27ac	Histone ChIP-seq	SJCRH30	child	CELL_LINE	encode
CHIP_HISTONE	550	EFO:0005722 Histone ChIP-seq H3K36me3	Histone ChIP-seq	SJCRH30	child	CELL_LINE	encode
CHIP_HISTONE	551	EFO:0005722 Histone ChIP-seq H3K4me1	Histone ChIP-seq	SJCRH30	child	CELL_LINE	encode
CHIP_HISTONE	552	EFO:0005722 Histone ChIP-seq H3K4me3	Histone ChIP-seq	SJCRH30	child	CELL_LINE	encode
CHIP_HISTONE	553	EFO:0005723 Histone ChIP-seq H2AFZ	Histone ChIP-seq	GM23248	adult	CELL_LINE	encode
CHIP_HISTONE	554	EFO:0005723 Histone ChIP-seq H3F3A	Histone ChIP-seq	GM23248	adult	CELL_LINE	encode
CHIP_HISTONE	555	EFO:0005723 Histone ChIP-seq H3K27ac	Histone ChIP-seq	GM23248	adult	CELL_LINE	encode
CHIP_HISTONE	556	EFO:0005723 Histone ChIP-seq H3K27me3	Histone ChIP-seq	GM23248	adult	CELL_LINE	encode
CHIP_HISTONE	557	EFO:0005723 Histone ChIP-seq H3K36me3	Histone ChIP-seq	GM23248	adult	CELL_LINE	encode
CHIP_HISTONE	558	EFO:0005723 Histone ChIP-seq H3K4me1	Histone ChIP-seq	GM23248	adult	CELL_LINE	encode
CHIP_HISTONE	559	EFO:0005723 Histone ChIP-seq H3K4me2	Histone ChIP-seq	GM23248	adult	CELL_LINE	encode
CHIP_HISTONE	560	EFO:0005723 Histone ChIP-seq H3K4me3	Histone ChIP-seq	GM23248	adult	CELL_LINE	encode
CHIP_HISTONE	561	EFO:0005723 Histone ChIP-seq H3K79me2	Histone ChIP-seq	GM23248	adult	CELL_LINE	encode
CHIP_HISTONE	562	EFO:0005723 Histone ChIP-seq H3K9ac	Histone ChIP-seq	GM23248	adult	CELL_LINE	encode
CHIP_HISTONE	563	EFO:0005724 Histone ChIP-seq H2AFZ	Histone ChIP-seq	MM.1S	adult	CELL_LINE	encode
CHIP_HISTONE	564	EFO:0005724 Histone ChIP-seq H3F3A	Histone ChIP-seq	MM.1S	adult	CELL_LINE	encode
CHIP_HISTONE	565	EFO:0005724 Histone ChIP-seq H3K27ac	Histone ChIP-seq	MM.1S	adult	CELL_LINE	encode
CHIP_HISTONE	566	EFO:0005724 Histone ChIP-seq H3K27me3	Histone ChIP-seq	MM.1S	adult	CELL_LINE	encode
CHIP_HISTONE	567	EFO:0005724 Histone ChIP-seq H3K4me1	Histone ChIP-seq	MM.1S	adult	CELL_LINE	encode
CHIP_HISTONE	568	EFO:0005724 Histone ChIP-seq H3K4me2	Histone ChIP-seq	MM.1S	adult	CELL_LINE	encode
CHIP_HISTONE	569	EFO:0005724 Histone ChIP-seq H3K4me3	Histone ChIP-seq	MM.1S	adult	CELL_LINE	encode
CHIP_HISTONE	570	EFO:0005724 Histone ChIP-seq H3K79me2	Histone ChIP-seq	MM.1S	adult	CELL_LINE	encode
CHIP_HISTONE	571	EFO:0005724 Histone ChIP-seq H3K9ac	Histone ChIP-seq	MM.1S	adult	CELL_LINE	encode
CHIP_HISTONE	572	EFO:0005725 Histone ChIP-seq H3K27me3	Histone ChIP-seq	BE2C	child	CELL_LINE	encode
CHIP_HISTONE	573	EFO:0005725 Histone ChIP-seq H3K36me3	Histone ChIP-seq	BE2C	child	CELL_LINE	encode
CHIP_HISTONE	574	EFO:0005725 Histone ChIP-seq H3K4me1	Histone ChIP-seq	BE2C	child	CELL_LINE	encode
CHIP_HISTONE	575	EFO:0005725 Histone ChIP-seq H3K4me3	Histone ChIP-seq	BE2C	child	CELL_LINE	encode
CHIP_HISTONE	576	EFO:0005726 Histone ChIP-seq H3K4me3	Histone ChIP-seq	LNCaP clone FGC	adult	CELL_LINE	encode
CHIP_HISTONE	577	EFO:0005904 Histone ChIP-seq H3K27me3	Histone ChIP-seq	H7	embryonic	CELL_LINE	encode
CHIP_HISTONE	578	EFO:0005904 Histone ChIP-seq H3K36me3	Histone ChIP-seq	H7	embryonic	CELL_LINE	encode
CHIP_HISTONE	579	EFO:0005904 Histone ChIP-seq H3K4me3	Histone ChIP-seq	H7	embryonic	CELL_LINE	encode
CHIP_HISTONE	580	EFO:0005907 Histone ChIP-seq H3K27ac	Histone ChIP-seq	OCI-LY1	adult	CELL_LINE	encode
CHIP_HISTONE	581	EFO:0005907 Histone ChIP-seq H3K36me3	Histone ChIP-seq	OCI-LY1	adult	CELL_LINE	encode
CHIP_HISTONE	582	EFO:0005907 Histone ChIP-seq H3K4me1	Histone ChIP-seq	OCI-LY1	adult	CELL_LINE	encode
CHIP_HISTONE	583	EFO:0005907 Histone ChIP-seq H3K4me2	Histone ChIP-seq	OCI-LY1	adult	CELL_LINE	encode
CHIP_HISTONE	584	EFO:0005907 Histone ChIP-seq H3K4me3	Histone ChIP-seq	OCI-LY1	adult	CELL_LINE	encode
CHIP_HISTONE	585	EFO:0005907 Histone ChIP-seq H3K79me2	Histone ChIP-seq	OCI-LY1	adult	CELL_LINE	encode
CHIP_HISTONE	586	EFO:0005907 Histone ChIP-seq H3K9ac	Histone ChIP-seq	OCI-LY1	adult	CELL_LINE	encode
CHIP_HISTONE	587	EFO:0006270 Histone ChIP-seq H3K27ac	Histone ChIP-seq	AG04450	embryonic	CELL_LINE	encode
CHIP_HISTONE	588	EFO:0006270 Histone ChIP-seq H3K27me3	Histone ChIP-seq	AG04450	embryonic	CELL_LINE	encode
CHIP_HISTONE	589	EFO:0006270 Histone ChIP-seq H3K4me3	Histone ChIP-seq	AG04450	embryonic	CELL_LINE	encode
CHIP_HISTONE	590	EFO:0006270 Histone ChIP-seq H3K9me3	Histone ChIP-seq	AG04450	embryonic	CELL_LINE	encode
CHIP_HISTONE	591	EFO:0006283 Histone ChIP-seq H3K27ac	Histone ChIP-seq	KOPT-K1	unknown	CELL_LINE	encode
CHIP_HISTONE	592	EFO:0006283 Histone ChIP-seq H3K36me3	Histone ChIP-seq	KOPT-K1	unknown	CELL_LINE	encode
CHIP_HISTONE	593	EFO:0006283 Histone ChIP-seq H3K4me1	Histone ChIP-seq	KOPT-K1	unknown	CELL_LINE	encode
CHIP_HISTONE	594	EFO:0006365 Histone ChIP-seq H3K27ac	Histone ChIP-seq	C4-2B	adult	CELL_LINE	encode
CHIP_HISTONE	595	EFO:0006710 Histone ChIP-seq H2AFZ	Histone ChIP-seq	OCI-LY3	adult	CELL_LINE	encode
CHIP_HISTONE	596	EFO:0006710 Histone ChIP-seq H3K27ac	Histone ChIP-seq	OCI-LY3	adult	CELL_LINE	encode
CHIP_HISTONE	597	EFO:0006710 Histone ChIP-seq H3K27me3	Histone ChIP-seq	OCI-LY3	adult	CELL_LINE	encode
CHIP_HISTONE	598	EFO:0006710 Histone ChIP-seq H3K36me3	Histone ChIP-seq	OCI-LY3	adult	CELL_LINE	encode
CHIP_HISTONE	599	EFO:0006710 Histone ChIP-seq H3K4me1	Histone ChIP-seq	OCI-LY3	adult	CELL_LINE	encode
CHIP_HISTONE	600	EFO:0006710 Histone ChIP-seq H3K4me2	Histone ChIP-seq	OCI-LY3	adult	CELL_LINE	encode
CHIP_HISTONE	601	EFO:0006710 Histone ChIP-seq H3K4me3	Histone ChIP-seq	OCI-LY3	adult	CELL_LINE	encode
CHIP_HISTONE	602	EFO:0006710 Histone ChIP-seq H3K79me2	Histone ChIP-seq	OCI-LY3	adult	CELL_LINE	encode
CHIP_HISTONE	603	EFO:0006710 Histone ChIP-seq H3K9ac	Histone ChIP-seq	OCI-LY3	adult	CELL_LINE	encode
CHIP_HISTONE	604	EFO:0006710 Histone ChIP-seq H4K20me1	Histone ChIP-seq	OCI-LY3	adult	CELL_LINE	encode
CHIP_HISTONE	605	EFO:0006711 Histone ChIP-seq H2AFZ	Histone ChIP-seq	OCI-LY7	adult	CELL_LINE	encode
CHIP_HISTONE	606	EFO:0006711 Histone ChIP-seq H3K27ac	Histone ChIP-seq	OCI-LY7	adult	CELL_LINE	encode
CHIP_HISTONE	607	EFO:0006711 Histone ChIP-seq H3K36me3	Histone ChIP-seq	OCI-LY7	adult	CELL_LINE	encode
CHIP_HISTONE	608	EFO:0006711 Histone ChIP-seq H3K4me1	Histone ChIP-seq	OCI-LY7	adult	CELL_LINE	encode
CHIP_HISTONE	609	EFO:0006711 Histone ChIP-seq H3K4me2	Histone ChIP-seq	OCI-LY7	adult	CELL_LINE	encode
CHIP_HISTONE	610	EFO:0006711 Histone ChIP-seq H3K4me3	Histone ChIP-seq	OCI-LY7	adult	CELL_LINE	encode
CHIP_HISTONE	611	EFO:0006711 Histone ChIP-seq H3K79me2	Histone ChIP-seq	OCI-LY7	adult	CELL_LINE	encode
CHIP_HISTONE	612	EFO:0007070 Histone ChIP-seq H2AFZ	Histone ChIP-seq	ACC112	adult	CELL_LINE	encode
CHIP_HISTONE	613	EFO:0007070 Histone ChIP-seq H3K27ac	Histone ChIP-seq	ACC112	adult	CELL_LINE	encode
CHIP_HISTONE	614	EFO:0007070 Histone ChIP-seq H3K27me3	Histone ChIP-seq	ACC112	adult	CELL_LINE	encode
CHIP_HISTONE	615	EFO:0007070 Histone ChIP-seq H3K36me3	Histone ChIP-seq	ACC112	adult	CELL_LINE	encode
CHIP_HISTONE	616	EFO:0007070 Histone ChIP-seq H3K4me1	Histone ChIP-seq	ACC112	adult	CELL_LINE	encode
CHIP_HISTONE	617	EFO:0007070 Histone ChIP-seq H3K4me3	Histone ChIP-seq	ACC112	adult	CELL_LINE	encode
CHIP_HISTONE	618	EFO:0007070 Histone ChIP-seq H3K79me2	Histone ChIP-seq	ACC112	adult	CELL_LINE	encode
CHIP_HISTONE	619	EFO:0007074 Histone ChIP-seq H2AFZ	Histone ChIP-seq	DND-41	child	CELL_LINE	encode
CHIP_HISTONE	620	EFO:0007074 Histone ChIP-seq H3K27ac	Histone ChIP-seq	DND-41	child	CELL_LINE	encode
CHIP_HISTONE	621	EFO:0007074 Histone ChIP-seq H3K36me3	Histone ChIP-seq	DND-41	child	CELL_LINE	encode
CHIP_HISTONE	622	EFO:0007074 Histone ChIP-seq H3K4me1	Histone ChIP-seq	DND-41	child	CELL_LINE	encode
CHIP_HISTONE	623	EFO:0007074 Histone ChIP-seq H3K4me2	Histone ChIP-seq	DND-41	child	CELL_LINE	encode
CHIP_HISTONE	624	EFO:0007074 Histone ChIP-seq H3K4me3	Histone ChIP-seq	DND-41	child	CELL_LINE	encode
CHIP_HISTONE	625	EFO:0007074 Histone ChIP-seq H3K79me2	Histone ChIP-seq	DND-41	child	CELL_LINE	encode
CHIP_HISTONE	626	EFO:0007074 Histone ChIP-seq H3K9ac	Histone ChIP-seq	DND-41	child	CELL_LINE	encode
CHIP_HISTONE	627	EFO:0007074 Histone ChIP-seq H4K20me1	Histone ChIP-seq	DND-41	child	CELL_LINE	encode
CHIP_HISTONE	628	EFO:0007076 Histone ChIP-seq H3K36me3	Histone ChIP-seq	ES-I3	embryonic	CELL_LINE	encode
CHIP_HISTONE	629	EFO:0007076 Histone ChIP-seq H3K4me1	Histone ChIP-seq	ES-I3	embryonic	CELL_LINE	encode
CHIP_HISTONE	630	EFO:0007076 Histone ChIP-seq H3K9ac	Histone ChIP-seq	ES-I3	embryonic	CELL_LINE	encode
CHIP_HISTONE	631	EFO:0007083 Histone ChIP-seq H3K27ac	Histone ChIP-seq	HUES48	embryonic	CELL_LINE	encode
CHIP_HISTONE	632	EFO:0007083 Histone ChIP-seq H3K27me3	Histone ChIP-seq	HUES48	embryonic	CELL_LINE	encode
CHIP_HISTONE	633	EFO:0007083 Histone ChIP-seq H3K36me3	Histone ChIP-seq	HUES48	embryonic	CELL_LINE	encode
CHIP_HISTONE	634	EFO:0007083 Histone ChIP-seq H3K4me1	Histone ChIP-seq	HUES48	embryonic	CELL_LINE	encode
CHIP_HISTONE	635	EFO:0007083 Histone ChIP-seq H3K4me3	Histone ChIP-seq	HUES48	embryonic	CELL_LINE	encode
CHIP_HISTONE	636	EFO:0007083 Histone ChIP-seq H3K9ac	Histone ChIP-seq	HUES48	embryonic	CELL_LINE	encode
CHIP_HISTONE	637	EFO:0007083 Histone ChIP-seq H3K9me3	Histone ChIP-seq	HUES48	embryonic	CELL_LINE	encode
CHIP_HISTONE	638	EFO:0007086 Histone ChIP-seq H3K27ac	Histone ChIP-seq	HUES6	embryonic	CELL_LINE	encode
CHIP_HISTONE	639	EFO:0007086 Histone ChIP-seq H3K27me3	Histone ChIP-seq	HUES6	embryonic	CELL_LINE	encode
CHIP_HISTONE	640	EFO:0007086 Histone ChIP-seq H3K36me3	Histone ChIP-seq	HUES6	embryonic	CELL_LINE	encode
CHIP_HISTONE	641	EFO:0007086 Histone ChIP-seq H3K4me1	Histone ChIP-seq	HUES6	embryonic	CELL_LINE	encode
CHIP_HISTONE	642	EFO:0007086 Histone ChIP-seq H3K4me3	Histone ChIP-seq	HUES6	embryonic	CELL_LINE	encode
CHIP_HISTONE	643	EFO:0007086 Histone ChIP-seq H3K9ac	Histone ChIP-seq	HUES6	embryonic	CELL_LINE	encode
CHIP_HISTONE	644	EFO:0007086 Histone ChIP-seq H3K9me3	Histone ChIP-seq	HUES6	embryonic	CELL_LINE	encode
CHIP_HISTONE	645	EFO:0007089 Histone ChIP-seq H3K27ac	Histone ChIP-seq	HUES64	embryonic	CELL_LINE	encode
CHIP_HISTONE	646	EFO:0007089 Histone ChIP-seq H3K27me3	Histone ChIP-seq	HUES64	embryonic	CELL_LINE	encode
CHIP_HISTONE	647	EFO:0007089 Histone ChIP-seq H3K36me3	Histone ChIP-seq	HUES64	embryonic	CELL_LINE	encode
CHIP_HISTONE	648	EFO:0007089 Histone ChIP-seq H3K4me1	Histone ChIP-seq	HUES64	embryonic	CELL_LINE	encode
CHIP_HISTONE	649	EFO:0007089 Histone ChIP-seq H3K4me3	Histone ChIP-seq	HUES64	embryonic	CELL_LINE	encode
CHIP_HISTONE	650	EFO:0007089 Histone ChIP-seq H3K9ac	Histone ChIP-seq	HUES64	embryonic	CELL_LINE	encode
CHIP_HISTONE	651	EFO:0007089 Histone ChIP-seq H3K9me3	Histone ChIP-seq	HUES64	embryonic	CELL_LINE	encode
CHIP_HISTONE	652	EFO:0007096 Histone ChIP-seq H3K36me3	Histone ChIP-seq	iPS DF 19.11	newborn	CELL_LINE	encode
CHIP_HISTONE	653	EFO:0007096 Histone ChIP-seq H3K4me1	Histone ChIP-seq	iPS DF 19.11	newborn	CELL_LINE	encode
CHIP_HISTONE	654	EFO:0007096 Histone ChIP-seq H3K4me3	Histone ChIP-seq	iPS DF 19.11	newborn	CELL_LINE	encode
CHIP_HISTONE	655	EFO:0007096 Histone ChIP-seq H3K9me3	Histone ChIP-seq	iPS DF 19.11	newborn	CELL_LINE	encode
CHIP_HISTONE	656	EFO:0007098 Histone ChIP-seq H3K27me3	Histone ChIP-seq	iPS DF 6.9	newborn	CELL_LINE	encode
CHIP_HISTONE	657	EFO:0007098 Histone ChIP-seq H3K4me3	Histone ChIP-seq	iPS DF 6.9	newborn	CELL_LINE	encode
CHIP_HISTONE	658	EFO:0007099 Histone ChIP-seq H3K4me3	Histone ChIP-seq	iPS-11a	adult	CELL_LINE	encode
CHIP_HISTONE	659	EFO:0007102 Histone ChIP-seq H3K27me3	Histone ChIP-seq	iPS-15b	adult	CELL_LINE	encode
CHIP_HISTONE	660	EFO:0007102 Histone ChIP-seq H3K36me3	Histone ChIP-seq	iPS-15b	adult	CELL_LINE	encode
CHIP_HISTONE	661	EFO:0007102 Histone ChIP-seq H3K4me1	Histone ChIP-seq	iPS-15b	adult	CELL_LINE	encode
CHIP_HISTONE	662	EFO:0007102 Histone ChIP-seq H3K4me3	Histone ChIP-seq	iPS-15b	adult	CELL_LINE	encode
CHIP_HISTONE	663	EFO:0007102 Histone ChIP-seq H3K9ac	Histone ChIP-seq	iPS-15b	adult	CELL_LINE	encode
CHIP_HISTONE	664	EFO:0007105 Histone ChIP-seq H3K27me3	Histone ChIP-seq	iPS-18a	adult	CELL_LINE	encode
CHIP_HISTONE	665	EFO:0007105 Histone ChIP-seq H3K36me3	Histone ChIP-seq	iPS-18a	adult	CELL_LINE	encode
CHIP_HISTONE	666	EFO:0007105 Histone ChIP-seq H3K4me1	Histone ChIP-seq	iPS-18a	adult	CELL_LINE	encode
CHIP_HISTONE	667	EFO:0007105 Histone ChIP-seq H3K4me3	Histone ChIP-seq	iPS-18a	adult	CELL_LINE	encode
CHIP_HISTONE	668	EFO:0007105 Histone ChIP-seq H3K9ac	Histone ChIP-seq	iPS-18a	adult	CELL_LINE	encode
CHIP_HISTONE	669	EFO:0007105 Histone ChIP-seq H3K9me3	Histone ChIP-seq	iPS-18a	adult	CELL_LINE	encode
CHIP_HISTONE	670	EFO:0007107 Histone ChIP-seq H3K4me3	Histone ChIP-seq	iPS-18c	adult	CELL_LINE	encode
CHIP_HISTONE	671	EFO:0007107 Histone ChIP-seq H3K9me3	Histone ChIP-seq	iPS-18c	adult	CELL_LINE	encode
CHIP_HISTONE	672	EFO:0007108 Histone ChIP-seq H3K27ac	Histone ChIP-seq	iPS-20b	adult	CELL_LINE	encode
CHIP_HISTONE	673	EFO:0007108 Histone ChIP-seq H3K27me3	Histone ChIP-seq	iPS-20b	adult	CELL_LINE	encode
CHIP_HISTONE	674	EFO:0007108 Histone ChIP-seq H3K36me3	Histone ChIP-seq	iPS-20b	adult	CELL_LINE	encode
CHIP_HISTONE	675	EFO:0007108 Histone ChIP-seq H3K4me1	Histone ChIP-seq	iPS-20b	adult	CELL_LINE	encode
CHIP_HISTONE	676	EFO:0007108 Histone ChIP-seq H3K4me3	Histone ChIP-seq	iPS-20b	adult	CELL_LINE	encode
CHIP_HISTONE	677	EFO:0007108 Histone ChIP-seq H3K9ac	Histone ChIP-seq	iPS-20b	adult	CELL_LINE	encode
CHIP_HISTONE	678	EFO:0007108 Histone ChIP-seq H3K9me3	Histone ChIP-seq	iPS-20b	adult	CELL_LINE	encode
CHIP_HISTONE	679	EFO:0007112 Histone ChIP-seq H2AFZ	Histone ChIP-seq	Loucy	adult	CELL_LINE	encode
CHIP_HISTONE	680	EFO:0007112 Histone ChIP-seq H3K36me3	Histone ChIP-seq	Loucy	adult	CELL_LINE	encode
CHIP_HISTONE	681	EFO:0007112 Histone ChIP-seq H3K4me1	Histone ChIP-seq	Loucy	adult	CELL_LINE	encode
CHIP_HISTONE	682	EFO:0007112 Histone ChIP-seq H3K4me2	Histone ChIP-seq	Loucy	adult	CELL_LINE	encode
CHIP_HISTONE	683	EFO:0007112 Histone ChIP-seq H3K4me3	Histone ChIP-seq	Loucy	adult	CELL_LINE	encode
CHIP_HISTONE	684	EFO:0007112 Histone ChIP-seq H3K79me2	Histone ChIP-seq	Loucy	adult	CELL_LINE	encode
CHIP_HISTONE	685	EFO:0007112 Histone ChIP-seq H3K9ac	Histone ChIP-seq	Loucy	adult	CELL_LINE	encode
CHIP_HISTONE	686	EFO:0007116 Histone ChIP-seq H3K27me3	Histone ChIP-seq	UCSF-4	embryonic	CELL_LINE	encode
CHIP_HISTONE	687	EFO:0007116 Histone ChIP-seq H3K36me3	Histone ChIP-seq	UCSF-4	embryonic	CELL_LINE	encode
CHIP_HISTONE	688	EFO:0007116 Histone ChIP-seq H3K4me1	Histone ChIP-seq	UCSF-4	embryonic	CELL_LINE	encode
CHIP_HISTONE	689	EFO:0007116 Histone ChIP-seq H3K4me3	Histone ChIP-seq	UCSF-4	embryonic	CELL_LINE	encode
CHIP_HISTONE	690	EFO:0007116 Histone ChIP-seq H3K9me3	Histone ChIP-seq	UCSF-4	embryonic	CELL_LINE	encode
CHIP_HISTONE	691	EFO:0007598 Histone ChIP-seq H3K27ac	Histone ChIP-seq	HAP-1	adult	CELL_LINE	encode
CHIP_HISTONE	692	EFO:0007598 Histone ChIP-seq H3K36me3	Histone ChIP-seq	HAP-1	adult	CELL_LINE	encode
CHIP_HISTONE	693	EFO:0007598 Histone ChIP-seq H3K4me1	Histone ChIP-seq	HAP-1	adult	CELL_LINE	encode
CHIP_HISTONE	694	EFO:0007598 Histone ChIP-seq H3K4me3	Histone ChIP-seq	HAP-1	adult	CELL_LINE	encode
CHIP_HISTONE	695	EFO:0007610 Histone ChIP-seq H3K27ac	Histone ChIP-seq	RWPE2	adult	CELL_LINE	encode
CHIP_HISTONE	696	EFO:0007610 Histone ChIP-seq H3K36me3	Histone ChIP-seq	RWPE2	unknown	CELL_LINE	encode
CHIP_HISTONE	697	EFO:0007610 Histone ChIP-seq H3K4me3	Histone ChIP-seq	RWPE2	unknown	CELL_LINE	encode
CHIP_HISTONE	698	EFO:0007752 Histone ChIP-seq H3K27ac	Histone ChIP-seq	VCaP	adult	CELL_LINE	encode
CHIP_HISTONE	699	EFO:0007950 Histone ChIP-seq H2AFZ	Histone ChIP-seq	GM23338	adult	CELL_LINE	encode
CHIP_HISTONE	700	EFO:0007950 Histone ChIP-seq H3K27ac	Histone ChIP-seq	GM23338	adult	CELL_LINE	encode
CHIP_HISTONE	701	EFO:0007950 Histone ChIP-seq H3K27me3	Histone ChIP-seq	GM23338	adult	CELL_LINE	encode
CHIP_HISTONE	702	EFO:0007950 Histone ChIP-seq H3K36me3	Histone ChIP-seq	GM23338	adult	CELL_LINE	encode
CHIP_HISTONE	703	EFO:0007950 Histone ChIP-seq H3K4me1	Histone ChIP-seq	GM23338	adult	CELL_LINE	encode
CHIP_HISTONE	704	EFO:0007950 Histone ChIP-seq H3K4me2	Histone ChIP-seq	GM23338	adult	CELL_LINE	encode
CHIP_HISTONE	705	EFO:0007950 Histone ChIP-seq H3K4me3	Histone ChIP-seq	GM23338	adult	CELL_LINE	encode
CHIP_HISTONE	706	EFO:0007950 Histone ChIP-seq H3K79me2	Histone ChIP-seq	GM23338	adult	CELL_LINE	encode
CHIP_HISTONE	707	EFO:0007950 Histone ChIP-seq H4K20me1	Histone ChIP-seq	GM23338	adult	CELL_LINE	encode
CHIP_HISTONE	708	EFO:0030018 Histone ChIP-seq H3K27ac	Histone ChIP-seq	BLaER1	unknown	CELL_LINE	encode
CHIP_HISTONE	709	EFO:0030018 Histone ChIP-seq H3K27me3	Histone ChIP-seq	BLaER1	unknown	CELL_LINE	encode
CHIP_HISTONE	710	EFO:0030018 Histone ChIP-seq H3K36me3	Histone ChIP-seq	BLaER1	unknown	CELL_LINE	encode
CHIP_HISTONE	711	EFO:0030018 Histone ChIP-seq H3K4me1	Histone ChIP-seq	BLaER1	unknown	CELL_LINE	encode
CHIP_HISTONE	712	EFO:0030018 Histone ChIP-seq H3K4me2	Histone ChIP-seq	BLaER1	unknown	CELL_LINE	encode
CHIP_HISTONE	713	EFO:0030018 Histone ChIP-seq H3K4me3	Histone ChIP-seq	BLaER1	unknown	CELL_LINE	encode
CHIP_HISTONE	714	EFO:0030018 Histone ChIP-seq H3K9ac	Histone ChIP-seq	BLaER1	unknown	CELL_LINE	encode
CHIP_HISTONE	715	EFO:0030018 Histone ChIP-seq H3K9me3	Histone ChIP-seq	BLaER1	unknown	CELL_LINE	encode
CHIP_HISTONE	716	EFO:0030018 Histone ChIP-seq H4K20me1	Histone ChIP-seq	BLaER1	unknown	CELL_LINE	encode
CHIP_HISTONE	717	NTR:0000427 Histone ChIP-seq H3K27ac	Histone ChIP-seq	neurosphere	embryonic	PRIMARY_CELL	encode
CHIP_HISTONE	718	NTR:0000427 Histone ChIP-seq H3K27me3	Histone ChIP-seq	neurosphere	embryonic	PRIMARY_CELL	encode
CHIP_HISTONE	719	NTR:0000427 Histone ChIP-seq H3K36me3	Histone ChIP-seq	neurosphere	embryonic	PRIMARY_CELL	encode
CHIP_HISTONE	720	NTR:0000427 Histone ChIP-seq H3K4me1	Histone ChIP-seq	neurosphere	embryonic	PRIMARY_CELL	encode
CHIP_HISTONE	721	NTR:0000427 Histone ChIP-seq H3K4me3	Histone ChIP-seq	neurosphere	embryonic	PRIMARY_CELL	encode
CHIP_HISTONE	722	NTR:0000427 Histone ChIP-seq H3K9me3	Histone ChIP-seq	neurosphere	embryonic	PRIMARY_CELL	encode
CHIP_HISTONE	723	NTR:0000493 Histone ChIP-seq H3K27ac	Histone ChIP-seq	left ventricle myocardium inferior	adult	TISSUE	encode
CHIP_HISTONE	724	NTR:0000493 Histone ChIP-seq H3K27me3	Histone ChIP-seq	left ventricle myocardium inferior	adult	TISSUE	encode
CHIP_HISTONE	725	NTR:0000493 Histone ChIP-seq H3K36me3	Histone ChIP-seq	left ventricle myocardium inferior	adult	TISSUE	encode
CHIP_HISTONE	726	NTR:0000493 Histone ChIP-seq H3K4me1	Histone ChIP-seq	left ventricle myocardium inferior	adult	TISSUE	encode
CHIP_HISTONE	727	NTR:0000493 Histone ChIP-seq H3K4me3	Histone ChIP-seq	left ventricle myocardium inferior	adult	TISSUE	encode
CHIP_HISTONE	728	NTR:0000493 Histone ChIP-seq H3K9me3	Histone ChIP-seq	left ventricle myocardium inferior	adult	TISSUE	encode
CHIP_HISTONE	729	NTR:0000856 Histone ChIP-seq H3K18ac	Histone ChIP-seq	mesendoderm	embryonic	IN_VITRO_DIFFERENTIATED_CELLS	encode
CHIP_HISTONE	730	NTR:0000856 Histone ChIP-seq H3K4ac	Histone ChIP-seq	mesendoderm	embryonic	IN_VITRO_DIFFERENTIATED_CELLS	encode
CHIP_HISTONE	731	NTR:0000856 Histone ChIP-seq H3K4me2	Histone ChIP-seq	mesendoderm	embryonic	IN_VITRO_DIFFERENTIATED_CELLS	encode
CHIP_HISTONE	732	NTR:0000856 Histone ChIP-seq H3K4me3	Histone ChIP-seq	mesendoderm	embryonic	IN_VITRO_DIFFERENTIATED_CELLS	encode
CHIP_HISTONE	733	NTR:0000856 Histone ChIP-seq H3K56ac	Histone ChIP-seq	mesendoderm	embryonic	IN_VITRO_DIFFERENTIATED_CELLS	encode
CHIP_HISTONE	734	NTR:0000856 Histone ChIP-seq H3K79me2	Histone ChIP-seq	mesendoderm	embryonic	IN_VITRO_DIFFERENTIATED_CELLS	encode
CHIP_HISTONE	735	NTR:0000856 Histone ChIP-seq H3K9ac	Histone ChIP-seq	mesendoderm	embryonic	IN_VITRO_DIFFERENTIATED_CELLS	encode
CHIP_HISTONE	736	NTR:0001226 Histone ChIP-seq H2AFZ	Histone ChIP-seq	parathyroid adenoma	adult	TISSUE	encode
CHIP_HISTONE	737	NTR:0001226 Histone ChIP-seq H3K27ac	Histone ChIP-seq	parathyroid adenoma	adult	TISSUE	encode
CHIP_HISTONE	738	NTR:0001226 Histone ChIP-seq H3K4me1	Histone ChIP-seq	parathyroid adenoma	adult	TISSUE	encode
CHIP_HISTONE	739	NTR:0001226 Histone ChIP-seq H3K4me2	Histone ChIP-seq	parathyroid adenoma	adult	TISSUE	encode
CHIP_HISTONE	740	NTR:0001226 Histone ChIP-seq H3K4me3	Histone ChIP-seq	parathyroid adenoma	adult	TISSUE	encode
CHIP_HISTONE	741	NTR:0001226 Histone ChIP-seq H3K79me2	Histone ChIP-seq	parathyroid adenoma	adult	TISSUE	encode
CHIP_HISTONE	742	NTR:0001407 Histone ChIP-seq H3K27me3	Histone ChIP-seq	germinal matrix	embryonic	TISSUE	encode
CHIP_HISTONE	743	NTR:0001407 Histone ChIP-seq H3K36me3	Histone ChIP-seq	germinal matrix	embryonic	TISSUE	encode
CHIP_HISTONE	744	NTR:0001407 Histone ChIP-seq H3K4me1	Histone ChIP-seq	germinal matrix	embryonic	TISSUE	encode
CHIP_HISTONE	745	NTR:0001407 Histone ChIP-seq H3K4me3	Histone ChIP-seq	germinal matrix	embryonic	TISSUE	encode
CHIP_HISTONE	746	NTR:0001407 Histone ChIP-seq H3K9me3	Histone ChIP-seq	germinal matrix	embryonic	TISSUE	encode
CHIP_HISTONE	747	NTR:0003013 Histone ChIP-seq H3K27ac	Histone ChIP-seq	placental basal plate	embryonic	TISSUE	encode
CHIP_HISTONE	748	NTR:0003079 Histone ChIP-seq H3K27ac	Histone ChIP-seq	fibroblast of breast	adult	PRIMARY_CELL	encode
CHIP_HISTONE	749	NTR:0003079 Histone ChIP-seq H3K36me3	Histone ChIP-seq	fibroblast of breast	adult	PRIMARY_CELL	encode
CHIP_HISTONE	750	NTR:0003079 Histone ChIP-seq H3K4me1	Histone ChIP-seq	fibroblast of breast	adult	PRIMARY_CELL	encode
CHIP_HISTONE	751	NTR:0003079 Histone ChIP-seq H3K4me3	Histone ChIP-seq	fibroblast of breast	adult	PRIMARY_CELL	encode
CHIP_HISTONE	752	UBERON:0000016 Histone ChIP-seq H3K27ac	Histone ChIP-seq	endocrine pancreas	adult	TISSUE	encode
CHIP_HISTONE	753	UBERON:0000016 Histone ChIP-seq H3K36me3	Histone ChIP-seq	endocrine pancreas	adult	TISSUE	encode
CHIP_HISTONE	754	UBERON:0000016 Histone ChIP-seq H3K4me1	Histone ChIP-seq	endocrine pancreas	adult	TISSUE	encode
CHIP_HISTONE	755	UBERON:0000016 Histone ChIP-seq H3K4me3	Histone ChIP-seq	endocrine pancreas	adult	TISSUE	encode
CHIP_HISTONE	756	UBERON:0000016 Histone ChIP-seq H3K9ac	Histone ChIP-seq	endocrine pancreas	adult	TISSUE	encode
CHIP_HISTONE	757	UBERON:0000059 Histone ChIP-seq H3K27ac	Histone ChIP-seq	large intestine	embryonic	TISSUE	encode
CHIP_HISTONE	758	UBERON:0000059 Histone ChIP-seq H3K27me3	Histone ChIP-seq	large intestine	embryonic	TISSUE	encode
CHIP_HISTONE	759	UBERON:0000059 Histone ChIP-seq H3K36me3	Histone ChIP-seq	large intestine	embryonic	TISSUE	encode
CHIP_HISTONE	760	UBERON:0000059 Histone ChIP-seq H3K4me1	Histone ChIP-seq	large intestine	embryonic	TISSUE	encode
CHIP_HISTONE	761	UBERON:0000059 Histone ChIP-seq H3K4me3	Histone ChIP-seq	large intestine	embryonic	TISSUE	encode
CHIP_HISTONE	762	UBERON:0000059 Histone ChIP-seq H3K9me3	Histone ChIP-seq	large intestine	embryonic	TISSUE	encode
CHIP_HISTONE	763	UBERON:0000088 Histone ChIP-seq H3K27ac	Histone ChIP-seq	trophoblast	embryonic	TISSUE	encode
CHIP_HISTONE	764	UBERON:0000088 Histone ChIP-seq H3K36me3	Histone ChIP-seq	trophoblast	embryonic	TISSUE	encode
CHIP_HISTONE	765	UBERON:0000088 Histone ChIP-seq H3K4me1	Histone ChIP-seq	trophoblast	embryonic	TISSUE	encode
CHIP_HISTONE	766	UBERON:0000305 Histone ChIP-seq H3K36me3	Histone ChIP-seq	amnion	embryonic	TISSUE	encode
CHIP_HISTONE	767	UBERON:0000305 Histone ChIP-seq H3K4me1	Histone ChIP-seq	amnion	embryonic	TISSUE	encode
CHIP_HISTONE	768	UBERON:0000305 Histone ChIP-seq H3K4me3	Histone ChIP-seq	amnion	embryonic	TISSUE	encode
CHIP_HISTONE	769	UBERON:0000317 Histone ChIP-seq H3K27ac	Histone ChIP-seq	colonic mucosa	adult	TISSUE	encode
CHIP_HISTONE	770	UBERON:0000317 Histone ChIP-seq H3K27me3	Histone ChIP-seq	colonic mucosa	adult	TISSUE	encode
CHIP_HISTONE	771	UBERON:0000317 Histone ChIP-seq H3K36me3	Histone ChIP-seq	colonic mucosa	adult	TISSUE	encode
CHIP_HISTONE	772	UBERON:0000317 Histone ChIP-seq H3K4me1	Histone ChIP-seq	colonic mucosa	adult	TISSUE	encode
CHIP_HISTONE	773	UBERON:0000317 Histone ChIP-seq H3K4me3	Histone ChIP-seq	colonic mucosa	adult	TISSUE	encode
CHIP_HISTONE	774	UBERON:0000317 Histone ChIP-seq H3K9ac	Histone ChIP-seq	colonic mucosa	adult	TISSUE	encode
CHIP_HISTONE	775	UBERON:0000320 Histone ChIP-seq H3K27ac	Histone ChIP-seq	duodenal mucosa	adult	TISSUE	encode
CHIP_HISTONE	776	UBERON:0000320 Histone ChIP-seq H3K27me3	Histone ChIP-seq	duodenal mucosa	adult	TISSUE	encode
CHIP_HISTONE	777	UBERON:0000320 Histone ChIP-seq H3K36me3	Histone ChIP-seq	duodenal mucosa	adult	TISSUE	encode
CHIP_HISTONE	778	UBERON:0000320 Histone ChIP-seq H3K4me1	Histone ChIP-seq	duodenal mucosa	adult	TISSUE	encode
CHIP_HISTONE	779	UBERON:0000320 Histone ChIP-seq H3K4me3	Histone ChIP-seq	duodenal mucosa	adult	TISSUE	encode
CHIP_HISTONE	780	UBERON:0000320 Histone ChIP-seq H3K9ac	Histone ChIP-seq	duodenal mucosa	adult	TISSUE	encode
CHIP_HISTONE	781	UBERON:0000320 Histone ChIP-seq H3K9me3	Histone ChIP-seq	duodenal mucosa	adult	TISSUE	encode
CHIP_HISTONE	782	UBERON:0000473 Histone ChIP-seq H3K27ac	Histone ChIP-seq	testis	adult	TISSUE	encode
CHIP_HISTONE	783	UBERON:0000473 Histone ChIP-seq H3K4me1	Histone ChIP-seq	testis	adult	TISSUE	encode
CHIP_HISTONE	784	UBERON:0000473 Histone ChIP-seq H3K4me3	Histone ChIP-seq	testis	adult	TISSUE	encode
CHIP_HISTONE	785	UBERON:0000945 Histone ChIP-seq H3K27ac	Histone ChIP-seq	stomach	adult	TISSUE	encode
CHIP_HISTONE	786	UBERON:0000945 Histone ChIP-seq H3K27me3	Histone ChIP-seq	stomach	adult	TISSUE	encode
CHIP_HISTONE	787	UBERON:0000945 Histone ChIP-seq H3K36me3	Histone ChIP-seq	stomach	adult	TISSUE	encode
CHIP_HISTONE	788	UBERON:0000945 Histone ChIP-seq H3K4me1	Histone ChIP-seq	stomach	adult	TISSUE	encode
CHIP_HISTONE	789	UBERON:0000945 Histone ChIP-seq H3K4me3	Histone ChIP-seq	stomach	adult	TISSUE	encode
CHIP_HISTONE	790	UBERON:0000945 Histone ChIP-seq H3K9me3	Histone ChIP-seq	stomach	adult	TISSUE	encode
CHIP_HISTONE	791	UBERON:0000947 Histone ChIP-seq H3K27ac	Histone ChIP-seq	aorta	adult	TISSUE	encode
CHIP_HISTONE	792	UBERON:0000947 Histone ChIP-seq H3K36me3	Histone ChIP-seq	aorta	adult	TISSUE	encode
CHIP_HISTONE	793	UBERON:0000947 Histone ChIP-seq H3K4me3	Histone ChIP-seq	aorta	adult	TISSUE	encode
CHIP_HISTONE	794	UBERON:0000948 Histone ChIP-seq H3K27me3	Histone ChIP-seq	heart	embryonic	TISSUE	encode
CHIP_HISTONE	795	UBERON:0000948 Histone ChIP-seq H3K4me1	Histone ChIP-seq	heart	embryonic	TISSUE	encode
CHIP_HISTONE	796	UBERON:0000948 Histone ChIP-seq H3K4me3	Histone ChIP-seq	heart	embryonic	TISSUE	encode
CHIP_HISTONE	797	UBERON:0000948 Histone ChIP-seq H3K9ac	Histone ChIP-seq	heart	embryonic	TISSUE	encode
CHIP_HISTONE	798	UBERON:0000955 Histone ChIP-seq H3K27me3	Histone ChIP-seq	brain	embryonic	TISSUE	encode
CHIP_HISTONE	799	UBERON:0000955 Histone ChIP-seq H3K36me3	Histone ChIP-seq	brain	embryonic	TISSUE	encode
CHIP_HISTONE	800	UBERON:0000955 Histone ChIP-seq H3K4me1	Histone ChIP-seq	brain	embryonic	TISSUE	encode
CHIP_HISTONE	801	UBERON:0000955 Histone ChIP-seq H3K4me3	Histone ChIP-seq	brain	embryonic	TISSUE	encode
CHIP_HISTONE	802	UBERON:0000955 Histone ChIP-seq H3K9me3	Histone ChIP-seq	brain	embryonic	TISSUE	encode
CHIP_HISTONE	803	UBERON:0000992 Histone ChIP-seq H3K27ac	Histone ChIP-seq	ovary	adult	TISSUE	encode
CHIP_HISTONE	804	UBERON:0000992 Histone ChIP-seq H3K27me3	Histone ChIP-seq	ovary	adult	TISSUE	encode
CHIP_HISTONE	805	UBERON:0000992 Histone ChIP-seq H3K36me3	Histone ChIP-seq	ovary	adult	TISSUE	encode
CHIP_HISTONE	806	UBERON:0000992 Histone ChIP-seq H3K4me1	Histone ChIP-seq	ovary	adult	TISSUE	encode
CHIP_HISTONE	807	UBERON:0000992 Histone ChIP-seq H3K4me3	Histone ChIP-seq	ovary	adult	TISSUE	encode
CHIP_HISTONE	808	UBERON:0000992 Histone ChIP-seq H3K9me3	Histone ChIP-seq	ovary	adult	TISSUE	encode
CHIP_HISTONE	809	UBERON:0000995 Histone ChIP-seq H3K27ac	Histone ChIP-seq	uterus	adult	TISSUE	encode
CHIP_HISTONE	810	UBERON:0000995 Histone ChIP-seq H3K4me3	Histone ChIP-seq	uterus	adult	TISSUE	encode
CHIP_HISTONE	811	UBERON:0000996 Histone ChIP-seq H3K27ac	Histone ChIP-seq	vagina	adult	TISSUE	encode
CHIP_HISTONE	812	UBERON:0000996 Histone ChIP-seq H3K36me3	Histone ChIP-seq	vagina	adult	TISSUE	encode
CHIP_HISTONE	813	UBERON:0000996 Histone ChIP-seq H3K4me1	Histone ChIP-seq	vagina	adult	TISSUE	encode
CHIP_HISTONE	814	UBERON:0000996 Histone ChIP-seq H3K4me3	Histone ChIP-seq	vagina	adult	TISSUE	encode
CHIP_HISTONE	815	UBERON:0001003 Histone ChIP-seq H3K27ac	Histone ChIP-seq	skin epidermis	adult	TISSUE	encode
CHIP_HISTONE	816	UBERON:0001003 Histone ChIP-seq H3K4me3	Histone ChIP-seq	skin epidermis	adult	TISSUE	encode
CHIP_HISTONE	817	UBERON:0001043 Histone ChIP-seq H3K27ac	Histone ChIP-seq	esophagus	adult	TISSUE	encode
CHIP_HISTONE	818	UBERON:0001043 Histone ChIP-seq H3K36me3	Histone ChIP-seq	esophagus	adult	TISSUE	encode
CHIP_HISTONE	819	UBERON:0001043 Histone ChIP-seq H3K4me1	Histone ChIP-seq	esophagus	adult	TISSUE	encode
CHIP_HISTONE	820	UBERON:0001043 Histone ChIP-seq H3K4me3	Histone ChIP-seq	esophagus	adult	TISSUE	encode
CHIP_HISTONE	821	UBERON:0001043 Histone ChIP-seq H3K9me3	Histone ChIP-seq	esophagus	adult	TISSUE	encode
CHIP_HISTONE	822	UBERON:0001114 Histone ChIP-seq H3K27ac	Histone ChIP-seq	right lobe of liver	adult	TISSUE	encode
CHIP_HISTONE	823	UBERON:0001114 Histone ChIP-seq H3K36me3	Histone ChIP-seq	right lobe of liver	adult	TISSUE	encode
CHIP_HISTONE	824	UBERON:0001114 Histone ChIP-seq H3K4me1	Histone ChIP-seq	right lobe of liver	adult	TISSUE	encode
CHIP_HISTONE	825	UBERON:0001114 Histone ChIP-seq H3K4me3	Histone ChIP-seq	right lobe of liver	adult	TISSUE	encode
CHIP_HISTONE	826	UBERON:0001134 Histone ChIP-seq H3K27ac	Histone ChIP-seq	skeletal muscle tissue	adult	TISSUE	encode
CHIP_HISTONE	827	UBERON:0001134 Histone ChIP-seq H3K27me3	Histone ChIP-seq	skeletal muscle tissue	adult	TISSUE	encode
CHIP_HISTONE	828	UBERON:0001134 Histone ChIP-seq H3K36me3	Histone ChIP-seq	skeletal muscle tissue	adult	TISSUE	encode
CHIP_HISTONE	829	UBERON:0001134 Histone ChIP-seq H3K4me1	Histone ChIP-seq	skeletal muscle tissue	adult	TISSUE	encode
CHIP_HISTONE	830	UBERON:0001134 Histone ChIP-seq H3K4me3	Histone ChIP-seq	skeletal muscle tissue	adult	TISSUE	encode
CHIP_HISTONE	831	UBERON:0001134 Histone ChIP-seq H3K9ac	Histone ChIP-seq	skeletal muscle tissue	adult	TISSUE	encode
CHIP_HISTONE	832	UBERON:0001150 Histone ChIP-seq H3K27ac	Histone ChIP-seq	body of pancreas	adult	TISSUE	encode
CHIP_HISTONE	833	UBERON:0001150 Histone ChIP-seq H3K4me1	Histone ChIP-seq	body of pancreas	adult	TISSUE	encode
CHIP_HISTONE	834	UBERON:0001150 Histone ChIP-seq H3K4me3	Histone ChIP-seq	body of pancreas	adult	TISSUE	encode
CHIP_HISTONE	835	UBERON:0001157 Histone ChIP-seq H3K27ac	Histone ChIP-seq	transverse colon	adult	TISSUE	encode
CHIP_HISTONE	836	UBERON:0001157 Histone ChIP-seq H3K27me3	Histone ChIP-seq	transverse colon	adult	TISSUE	encode
CHIP_HISTONE	837	UBERON:0001157 Histone ChIP-seq H3K36me3	Histone ChIP-seq	transverse colon	adult	TISSUE	encode
CHIP_HISTONE	838	UBERON:0001157 Histone ChIP-seq H3K4me1	Histone ChIP-seq	transverse colon	adult	TISSUE	encode
CHIP_HISTONE	839	UBERON:0001157 Histone ChIP-seq H3K4me3	Histone ChIP-seq	transverse colon	adult	TISSUE	encode
CHIP_HISTONE	840	UBERON:0001159 Histone ChIP-seq H3K27ac	Histone ChIP-seq	sigmoid colon	adult	TISSUE	encode
CHIP_HISTONE	841	UBERON:0001159 Histone ChIP-seq H3K27me3	Histone ChIP-seq	sigmoid colon	adult	TISSUE	encode
CHIP_HISTONE	842	UBERON:0001159 Histone ChIP-seq H3K36me3	Histone ChIP-seq	sigmoid colon	adult	TISSUE	encode
CHIP_HISTONE	843	UBERON:0001159 Histone ChIP-seq H3K4me1	Histone ChIP-seq	sigmoid colon	adult	TISSUE	encode
CHIP_HISTONE	844	UBERON:0001159 Histone ChIP-seq H3K4me3	Histone ChIP-seq	sigmoid colon	adult	TISSUE	encode
CHIP_HISTONE	845	UBERON:0001199 Histone ChIP-seq H3K27me3	Histone ChIP-seq	mucosa of stomach	adult	TISSUE	encode
CHIP_HISTONE	846	UBERON:0001199 Histone ChIP-seq H3K4me1	Histone ChIP-seq	mucosa of stomach	adult	TISSUE	encode
CHIP_HISTONE	847	UBERON:0001199 Histone ChIP-seq H3K4me3	Histone ChIP-seq	mucosa of stomach	adult	TISSUE	encode
CHIP_HISTONE	848	UBERON:0001199 Histone ChIP-seq H3K9ac	Histone ChIP-seq	mucosa of stomach	adult	TISSUE	encode
CHIP_HISTONE	849	UBERON:0001211 Histone ChIP-seq H3K27ac	Histone ChIP-seq	Peyer\'s patch	adult	TISSUE	encode
CHIP_HISTONE	850	UBERON:0001211 Histone ChIP-seq H3K36me3	Histone ChIP-seq	Peyer\'s patch	adult	TISSUE	encode
CHIP_HISTONE	851	UBERON:0001211 Histone ChIP-seq H3K4me1	Histone ChIP-seq	Peyer\'s patch	adult	TISSUE	encode
CHIP_HISTONE	852	UBERON:0001211 Histone ChIP-seq H3K4me3	Histone ChIP-seq	Peyer\'s patch	adult	TISSUE	encode
CHIP_HISTONE	853	UBERON:0001211 Histone ChIP-seq H3K9me3	Histone ChIP-seq	Peyer\'s patch	adult	TISSUE	encode
CHIP_HISTONE	854	UBERON:0001255 Histone ChIP-seq H3K27ac	Histone ChIP-seq	urinary bladder	adult	TISSUE	encode
CHIP_HISTONE	855	UBERON:0001255 Histone ChIP-seq H3K4me3	Histone ChIP-seq	urinary bladder	adult	TISSUE	encode
CHIP_HISTONE	856	UBERON:0001264 Histone ChIP-seq H3K27ac	Histone ChIP-seq	pancreas	adult	TISSUE	encode
CHIP_HISTONE	857	UBERON:0001264 Histone ChIP-seq H3K36me3	Histone ChIP-seq	pancreas	adult	TISSUE	encode
CHIP_HISTONE	858	UBERON:0001264 Histone ChIP-seq H3K4me1	Histone ChIP-seq	pancreas	adult	TISSUE	encode
CHIP_HISTONE	859	UBERON:0001264 Histone ChIP-seq H3K4me3	Histone ChIP-seq	pancreas	adult	TISSUE	encode
CHIP_HISTONE	860	UBERON:0001264 Histone ChIP-seq H3K9me3	Histone ChIP-seq	pancreas	adult	TISSUE	encode
CHIP_HISTONE	861	UBERON:0001323 Histone ChIP-seq H3K27ac	Histone ChIP-seq	tibial nerve	adult	TISSUE	encode
CHIP_HISTONE	862	UBERON:0001323 Histone ChIP-seq H3K27me3	Histone ChIP-seq	tibial nerve	adult	TISSUE	encode
CHIP_HISTONE	863	UBERON:0001323 Histone ChIP-seq H3K36me3	Histone ChIP-seq	tibial nerve	adult	TISSUE	encode
CHIP_HISTONE	864	UBERON:0001323 Histone ChIP-seq H3K4me1	Histone ChIP-seq	tibial nerve	adult	TISSUE	encode
CHIP_HISTONE	865	UBERON:0001323 Histone ChIP-seq H3K4me3	Histone ChIP-seq	tibial nerve	adult	TISSUE	encode
CHIP_HISTONE	866	UBERON:0001323 Histone ChIP-seq H3K9me3	Histone ChIP-seq	tibial nerve	adult	TISSUE	encode
CHIP_HISTONE	867	UBERON:0001383 Histone ChIP-seq H3K27ac	Histone ChIP-seq	muscle of leg	embryonic	TISSUE	encode
CHIP_HISTONE	868	UBERON:0001383 Histone ChIP-seq H3K27me3	Histone ChIP-seq	muscle of leg	embryonic	TISSUE	encode
CHIP_HISTONE	869	UBERON:0001383 Histone ChIP-seq H3K36me3	Histone ChIP-seq	muscle of leg	embryonic	TISSUE	encode
CHIP_HISTONE	870	UBERON:0001383 Histone ChIP-seq H3K4me1	Histone ChIP-seq	muscle of leg	embryonic	TISSUE	encode
CHIP_HISTONE	871	UBERON:0001383 Histone ChIP-seq H3K4me3	Histone ChIP-seq	muscle of leg	embryonic	TISSUE	encode
CHIP_HISTONE	872	UBERON:0001383 Histone ChIP-seq H3K9me3	Histone ChIP-seq	muscle of leg	embryonic	TISSUE	encode
CHIP_HISTONE	873	UBERON:0001496 Histone ChIP-seq H3K27ac	Histone ChIP-seq	ascending aorta	adult	TISSUE	encode
CHIP_HISTONE	874	UBERON:0001496 Histone ChIP-seq H3K36me3	Histone ChIP-seq	ascending aorta	adult	TISSUE	encode
CHIP_HISTONE	875	UBERON:0001496 Histone ChIP-seq H3K4me1	Histone ChIP-seq	ascending aorta	adult	TISSUE	encode
CHIP_HISTONE	876	UBERON:0001496 Histone ChIP-seq H3K4me3	Histone ChIP-seq	ascending aorta	adult	TISSUE	encode
CHIP_HISTONE	877	UBERON:0001496 Histone ChIP-seq H3K9me3	Histone ChIP-seq	ascending aorta	adult	TISSUE	encode
CHIP_HISTONE	878	UBERON:0001515 Histone ChIP-seq H3K27ac	Histone ChIP-seq	thoracic aorta	adult	TISSUE	encode
CHIP_HISTONE	879	UBERON:0001515 Histone ChIP-seq H3K36me3	Histone ChIP-seq	thoracic aorta	adult	TISSUE	encode
CHIP_HISTONE	880	UBERON:0001515 Histone ChIP-seq H3K4me1	Histone ChIP-seq	thoracic aorta	adult	TISSUE	encode
CHIP_HISTONE	881	UBERON:0001515 Histone ChIP-seq H3K4me3	Histone ChIP-seq	thoracic aorta	adult	TISSUE	encode
CHIP_HISTONE	882	UBERON:0001621 Histone ChIP-seq H3K27ac	Histone ChIP-seq	coronary artery	adult	TISSUE	encode
CHIP_HISTONE	883	UBERON:0001621 Histone ChIP-seq H3K4me3	Histone ChIP-seq	coronary artery	adult	TISSUE	encode
CHIP_HISTONE	884	UBERON:0001774 Histone ChIP-seq H3K27ac	Histone ChIP-seq	muscle of trunk	embryonic	TISSUE	encode
CHIP_HISTONE	885	UBERON:0001774 Histone ChIP-seq H3K27me3	Histone ChIP-seq	muscle of trunk	embryonic	TISSUE	encode
CHIP_HISTONE	886	UBERON:0001774 Histone ChIP-seq H3K36me3	Histone ChIP-seq	muscle of trunk	embryonic	TISSUE	encode
CHIP_HISTONE	887	UBERON:0001774 Histone ChIP-seq H3K4me1	Histone ChIP-seq	muscle of trunk	embryonic	TISSUE	encode
CHIP_HISTONE	888	UBERON:0001774 Histone ChIP-seq H3K4me3	Histone ChIP-seq	muscle of trunk	embryonic	TISSUE	encode
CHIP_HISTONE	889	UBERON:0001774 Histone ChIP-seq H3K9me3	Histone ChIP-seq	muscle of trunk	embryonic	TISSUE	encode
CHIP_HISTONE	890	UBERON:0001871 Histone ChIP-seq H3K27ac	Histone ChIP-seq	temporal lobe	adult	TISSUE	encode
CHIP_HISTONE	891	UBERON:0001871 Histone ChIP-seq H3K36me3	Histone ChIP-seq	temporal lobe	adult	TISSUE	encode
CHIP_HISTONE	892	UBERON:0001871 Histone ChIP-seq H3K4me1	Histone ChIP-seq	temporal lobe	adult	TISSUE	encode
CHIP_HISTONE	893	UBERON:0001871 Histone ChIP-seq H3K4me3	Histone ChIP-seq	temporal lobe	adult	TISSUE	encode
CHIP_HISTONE	894	UBERON:0001871 Histone ChIP-seq H3K9ac	Histone ChIP-seq	temporal lobe	adult	TISSUE	encode
CHIP_HISTONE	895	UBERON:0001873 Histone ChIP-seq H3K27ac	Histone ChIP-seq	caudate nucleus	adult	TISSUE	encode
CHIP_HISTONE	896	UBERON:0001873 Histone ChIP-seq H3K36me3	Histone ChIP-seq	caudate nucleus	adult	TISSUE	encode
CHIP_HISTONE	897	UBERON:0001873 Histone ChIP-seq H3K4me1	Histone ChIP-seq	caudate nucleus	adult	TISSUE	encode
CHIP_HISTONE	898	UBERON:0001873 Histone ChIP-seq H3K4me3	Histone ChIP-seq	caudate nucleus	adult	TISSUE	encode
CHIP_HISTONE	899	UBERON:0001873 Histone ChIP-seq H3K9ac	Histone ChIP-seq	caudate nucleus	adult	TISSUE	encode
CHIP_HISTONE	900	UBERON:0001987 Histone ChIP-seq H3K27ac	Histone ChIP-seq	placenta	embryonic	TISSUE	encode
CHIP_HISTONE	901	UBERON:0001987 Histone ChIP-seq H3K27me3	Histone ChIP-seq	placenta	embryonic	TISSUE	encode
CHIP_HISTONE	902	UBERON:0001987 Histone ChIP-seq H3K36me3	Histone ChIP-seq	placenta	embryonic	TISSUE	encode
CHIP_HISTONE	903	UBERON:0001987 Histone ChIP-seq H3K4me1	Histone ChIP-seq	placenta	embryonic	TISSUE	encode
CHIP_HISTONE	904	UBERON:0001987 Histone ChIP-seq H3K4me3	Histone ChIP-seq	placenta	embryonic	TISSUE	encode
CHIP_HISTONE	905	UBERON:0001987 Histone ChIP-seq H3K9me3	Histone ChIP-seq	placenta	embryonic	TISSUE	encode
CHIP_HISTONE	906	UBERON:0002037 Histone ChIP-seq H3K4me3	Histone ChIP-seq	cerebellum	adult	TISSUE	encode
CHIP_HISTONE	907	UBERON:0002038 Histone ChIP-seq H3K27ac	Histone ChIP-seq	substantia nigra	adult	TISSUE	encode
CHIP_HISTONE	908	UBERON:0002038 Histone ChIP-seq H3K36me3	Histone ChIP-seq	substantia nigra	adult	TISSUE	encode
CHIP_HISTONE	909	UBERON:0002038 Histone ChIP-seq H3K4me1	Histone ChIP-seq	substantia nigra	adult	TISSUE	encode
CHIP_HISTONE	910	UBERON:0002038 Histone ChIP-seq H3K4me3	Histone ChIP-seq	substantia nigra	adult	TISSUE	encode
CHIP_HISTONE	911	UBERON:0002038 Histone ChIP-seq H3K9ac	Histone ChIP-seq	substantia nigra	adult	TISSUE	encode
CHIP_HISTONE	912	UBERON:0002046 Histone ChIP-seq H3K27ac	Histone ChIP-seq	thyroid gland	adult	TISSUE	encode
CHIP_HISTONE	913	UBERON:0002046 Histone ChIP-seq H3K36me3	Histone ChIP-seq	thyroid gland	adult	TISSUE	encode
CHIP_HISTONE	914	UBERON:0002046 Histone ChIP-seq H3K4me1	Histone ChIP-seq	thyroid gland	adult	TISSUE	encode
CHIP_HISTONE	915	UBERON:0002046 Histone ChIP-seq H3K4me3	Histone ChIP-seq	thyroid gland	adult	TISSUE	encode
CHIP_HISTONE	916	UBERON:0002048 Histone ChIP-seq H3K27ac	Histone ChIP-seq	lung	adult	TISSUE	encode
CHIP_HISTONE	917	UBERON:0002048 Histone ChIP-seq H3K27me3	Histone ChIP-seq	lung	embryonic	TISSUE	encode
CHIP_HISTONE	918	UBERON:0002048 Histone ChIP-seq H3K36me3	Histone ChIP-seq	lung	adult	TISSUE	encode
CHIP_HISTONE	919	UBERON:0002048 Histone ChIP-seq H3K4me1	Histone ChIP-seq	lung	adult	TISSUE	encode
CHIP_HISTONE	920	UBERON:0002048 Histone ChIP-seq H3K4me3	Histone ChIP-seq	lung	adult	TISSUE	encode
CHIP_HISTONE	921	UBERON:0002048 Histone ChIP-seq H3K9ac	Histone ChIP-seq	lung	embryonic	TISSUE	encode
CHIP_HISTONE	922	UBERON:0002048 Histone ChIP-seq H3K9me3	Histone ChIP-seq	lung	adult	TISSUE	encode
CHIP_HISTONE	923	UBERON:0002078 Histone ChIP-seq H3K27ac	Histone ChIP-seq	right cardiac atrium	adult	TISSUE	encode
CHIP_HISTONE	924	UBERON:0002078 Histone ChIP-seq H3K4me1	Histone ChIP-seq	right cardiac atrium	adult	TISSUE	encode
CHIP_HISTONE	925	UBERON:0002078 Histone ChIP-seq H3K4me3	Histone ChIP-seq	right cardiac atrium	adult	TISSUE	encode
CHIP_HISTONE	926	UBERON:0002080 Histone ChIP-seq H3K27ac	Histone ChIP-seq	heart right ventricle	adult	TISSUE	encode
CHIP_HISTONE	927	UBERON:0002080 Histone ChIP-seq H3K27me3	Histone ChIP-seq	heart right ventricle	adult	TISSUE	encode
CHIP_HISTONE	928	UBERON:0002080 Histone ChIP-seq H3K36me3	Histone ChIP-seq	heart right ventricle	adult	TISSUE	encode
CHIP_HISTONE	929	UBERON:0002080 Histone ChIP-seq H3K4me1	Histone ChIP-seq	heart right ventricle	adult	TISSUE	encode
CHIP_HISTONE	930	UBERON:0002080 Histone ChIP-seq H3K4me3	Histone ChIP-seq	heart right ventricle	adult	TISSUE	encode
CHIP_HISTONE	931	UBERON:0002080 Histone ChIP-seq H3K9me3	Histone ChIP-seq	heart right ventricle	adult	TISSUE	encode
CHIP_HISTONE	932	UBERON:0002084 Histone ChIP-seq H3K27ac	Histone ChIP-seq	heart left ventricle	adult	TISSUE	encode
CHIP_HISTONE	933	UBERON:0002084 Histone ChIP-seq H3K27me3	Histone ChIP-seq	heart left ventricle	adult	TISSUE	encode
CHIP_HISTONE	934	UBERON:0002084 Histone ChIP-seq H3K36me3	Histone ChIP-seq	heart left ventricle	adult	TISSUE	encode
CHIP_HISTONE	935	UBERON:0002084 Histone ChIP-seq H3K4me1	Histone ChIP-seq	heart left ventricle	adult	TISSUE	encode
CHIP_HISTONE	936	UBERON:0002084 Histone ChIP-seq H3K4me3	Histone ChIP-seq	heart left ventricle	adult	TISSUE	encode
CHIP_HISTONE	937	UBERON:0002084 Histone ChIP-seq H3K9me3	Histone ChIP-seq	heart left ventricle	adult	TISSUE	encode
CHIP_HISTONE	938	UBERON:0002106 Histone ChIP-seq H3K27ac	Histone ChIP-seq	spleen	adult	TISSUE	encode
CHIP_HISTONE	939	UBERON:0002106 Histone ChIP-seq H3K27me3	Histone ChIP-seq	spleen	adult	TISSUE	encode
CHIP_HISTONE	940	UBERON:0002106 Histone ChIP-seq H3K36me3	Histone ChIP-seq	spleen	adult	TISSUE	encode
CHIP_HISTONE	941	UBERON:0002106 Histone ChIP-seq H3K4me1	Histone ChIP-seq	spleen	adult	TISSUE	encode
CHIP_HISTONE	942	UBERON:0002106 Histone ChIP-seq H3K4me3	Histone ChIP-seq	spleen	adult	TISSUE	encode
CHIP_HISTONE	943	UBERON:0002106 Histone ChIP-seq H3K9me3	Histone ChIP-seq	spleen	adult	TISSUE	encode
CHIP_HISTONE	944	UBERON:0002107 Histone ChIP-seq H3K27ac	Histone ChIP-seq	liver	adult	TISSUE	encode
CHIP_HISTONE	945	UBERON:0002107 Histone ChIP-seq H3K36me3	Histone ChIP-seq	liver	adult	TISSUE	encode
CHIP_HISTONE	946	UBERON:0002107 Histone ChIP-seq H3K4me1	Histone ChIP-seq	liver	adult	TISSUE	encode
CHIP_HISTONE	947	UBERON:0002107 Histone ChIP-seq H3K4me3	Histone ChIP-seq	liver	adult	TISSUE	encode
CHIP_HISTONE	948	UBERON:0002107 Histone ChIP-seq H3K9ac	Histone ChIP-seq	liver	adult	TISSUE	encode
CHIP_HISTONE	949	UBERON:0002107 Histone ChIP-seq H3K9me3	Histone ChIP-seq	liver	adult	TISSUE	encode
CHIP_HISTONE	950	UBERON:0002108 Histone ChIP-seq H3K27ac	Histone ChIP-seq	small intestine	adult	TISSUE	encode
CHIP_HISTONE	951	UBERON:0002108 Histone ChIP-seq H3K27me3	Histone ChIP-seq	small intestine	embryonic	TISSUE	encode
CHIP_HISTONE	952	UBERON:0002108 Histone ChIP-seq H3K36me3	Histone ChIP-seq	small intestine	adult	TISSUE	encode
CHIP_HISTONE	953	UBERON:0002108 Histone ChIP-seq H3K4me1	Histone ChIP-seq	small intestine	embryonic	TISSUE	encode
CHIP_HISTONE	954	UBERON:0002108 Histone ChIP-seq H3K4me3	Histone ChIP-seq	small intestine	adult	TISSUE	encode
CHIP_HISTONE	955	UBERON:0002108 Histone ChIP-seq H3K9me3	Histone ChIP-seq	small intestine	embryonic	TISSUE	encode
CHIP_HISTONE	956	UBERON:0002113 Histone ChIP-seq H3K27ac	Histone ChIP-seq	kidney	adult	TISSUE	encode
CHIP_HISTONE	957	UBERON:0002113 Histone ChIP-seq H3K36me3	Histone ChIP-seq	kidney	adult	TISSUE	encode
CHIP_HISTONE	958	UBERON:0002113 Histone ChIP-seq H3K4me1	Histone ChIP-seq	kidney	adult	TISSUE	encode
CHIP_HISTONE	959	UBERON:0002113 Histone ChIP-seq H3K4me3	Histone ChIP-seq	kidney	adult	TISSUE	encode
CHIP_HISTONE	960	UBERON:0002113 Histone ChIP-seq H3K9ac	Histone ChIP-seq	kidney	adult	TISSUE	encode
CHIP_HISTONE	961	UBERON:0002168 Histone ChIP-seq H3K27ac	Histone ChIP-seq	left lung	adult	TISSUE	encode
CHIP_HISTONE	962	UBERON:0002168 Histone ChIP-seq H3K27me3	Histone ChIP-seq	left lung	adult	TISSUE	encode
CHIP_HISTONE	963	UBERON:0002168 Histone ChIP-seq H3K36me3	Histone ChIP-seq	left lung	adult	TISSUE	encode
CHIP_HISTONE	964	UBERON:0002168 Histone ChIP-seq H3K4me1	Histone ChIP-seq	left lung	adult	TISSUE	encode
CHIP_HISTONE	965	UBERON:0002168 Histone ChIP-seq H3K4me3	Histone ChIP-seq	left lung	adult	TISSUE	encode
CHIP_HISTONE	966	UBERON:0002168 Histone ChIP-seq H3K9me3	Histone ChIP-seq	left lung	adult	TISSUE	encode
CHIP_HISTONE	967	UBERON:0002170 Histone ChIP-seq H3K27ac	Histone ChIP-seq	upper lobe of right lung	adult	TISSUE	encode
CHIP_HISTONE	968	UBERON:0002170 Histone ChIP-seq H3K36me3	Histone ChIP-seq	upper lobe of right lung	adult	TISSUE	encode
CHIP_HISTONE	969	UBERON:0002170 Histone ChIP-seq H3K4me1	Histone ChIP-seq	upper lobe of right lung	adult	TISSUE	encode
CHIP_HISTONE	970	UBERON:0002170 Histone ChIP-seq H3K4me3	Histone ChIP-seq	upper lobe of right lung	adult	TISSUE	encode
CHIP_HISTONE	971	UBERON:0002171 Histone ChIP-seq H3K27ac	Histone ChIP-seq	lower lobe of right lung	adult	TISSUE	encode
CHIP_HISTONE	972	UBERON:0002171 Histone ChIP-seq H3K27me3	Histone ChIP-seq	lower lobe of right lung	adult	TISSUE	encode
CHIP_HISTONE	973	UBERON:0002171 Histone ChIP-seq H3K36me3	Histone ChIP-seq	lower lobe of right lung	adult	TISSUE	encode
CHIP_HISTONE	974	UBERON:0002171 Histone ChIP-seq H3K4me1	Histone ChIP-seq	lower lobe of right lung	adult	TISSUE	encode
CHIP_HISTONE	975	UBERON:0002171 Histone ChIP-seq H3K4me3	Histone ChIP-seq	lower lobe of right lung	adult	TISSUE	encode
CHIP_HISTONE	976	UBERON:0002240 Histone ChIP-seq H3K27ac	Histone ChIP-seq	spinal cord	embryonic	TISSUE	encode
CHIP_HISTONE	977	UBERON:0002240 Histone ChIP-seq H3K27me3	Histone ChIP-seq	spinal cord	embryonic	TISSUE	encode
CHIP_HISTONE	978	UBERON:0002240 Histone ChIP-seq H3K36me3	Histone ChIP-seq	spinal cord	embryonic	TISSUE	encode
CHIP_HISTONE	979	UBERON:0002240 Histone ChIP-seq H3K4me1	Histone ChIP-seq	spinal cord	embryonic	TISSUE	encode
CHIP_HISTONE	980	UBERON:0002240 Histone ChIP-seq H3K4me3	Histone ChIP-seq	spinal cord	embryonic	TISSUE	encode
CHIP_HISTONE	981	UBERON:0002305 Histone ChIP-seq H3K27ac	Histone ChIP-seq	layer of hippocampus	adult	TISSUE	encode
CHIP_HISTONE	982	UBERON:0002305 Histone ChIP-seq H3K36me3	Histone ChIP-seq	layer of hippocampus	adult	TISSUE	encode
CHIP_HISTONE	983	UBERON:0002305 Histone ChIP-seq H3K4me1	Histone ChIP-seq	layer of hippocampus	adult	TISSUE	encode
CHIP_HISTONE	984	UBERON:0002305 Histone ChIP-seq H3K4me3	Histone ChIP-seq	layer of hippocampus	adult	TISSUE	encode
CHIP_HISTONE	985	UBERON:0002305 Histone ChIP-seq H3K9ac	Histone ChIP-seq	layer of hippocampus	adult	TISSUE	encode
CHIP_HISTONE	986	UBERON:0002367 Histone ChIP-seq H3K27ac	Histone ChIP-seq	prostate gland	adult	TISSUE	encode
CHIP_HISTONE	987	UBERON:0002367 Histone ChIP-seq H3K36me3	Histone ChIP-seq	prostate gland	adult	TISSUE	encode
CHIP_HISTONE	988	UBERON:0002367 Histone ChIP-seq H3K4me3	Histone ChIP-seq	prostate gland	adult	TISSUE	encode
CHIP_HISTONE	989	UBERON:0002369 Histone ChIP-seq H3K27ac	Histone ChIP-seq	adrenal gland	adult	TISSUE	encode
CHIP_HISTONE	990	UBERON:0002369 Histone ChIP-seq H3K27me3	Histone ChIP-seq	adrenal gland	embryonic	TISSUE	encode
CHIP_HISTONE	991	UBERON:0002369 Histone ChIP-seq H3K36me3	Histone ChIP-seq	adrenal gland	adult	TISSUE	encode
CHIP_HISTONE	992	UBERON:0002369 Histone ChIP-seq H3K4me1	Histone ChIP-seq	adrenal gland	adult	TISSUE	encode
CHIP_HISTONE	993	UBERON:0002369 Histone ChIP-seq H3K4me3	Histone ChIP-seq	adrenal gland	adult	TISSUE	encode
CHIP_HISTONE	994	UBERON:0002369 Histone ChIP-seq H3K9me3	Histone ChIP-seq	adrenal gland	embryonic	TISSUE	encode
CHIP_HISTONE	995	UBERON:0002370 Histone ChIP-seq H3K27ac	Histone ChIP-seq	thymus	embryonic	TISSUE	encode
CHIP_HISTONE	996	UBERON:0002370 Histone ChIP-seq H3K27me3	Histone ChIP-seq	thymus	embryonic	TISSUE	encode
CHIP_HISTONE	997	UBERON:0002370 Histone ChIP-seq H3K36me3	Histone ChIP-seq	thymus	embryonic	TISSUE	encode
CHIP_HISTONE	998	UBERON:0002370 Histone ChIP-seq H3K4me1	Histone ChIP-seq	thymus	embryonic	TISSUE	encode
CHIP_HISTONE	999	UBERON:0002370 Histone ChIP-seq H3K4me3	Histone ChIP-seq	thymus	embryonic	TISSUE	encode
CHIP_HISTONE	1000	UBERON:0002370 Histone ChIP-seq H3K9me3	Histone ChIP-seq	thymus	embryonic	TISSUE	encode
CHIP_HISTONE	1001	UBERON:0002686 Histone ChIP-seq H3K27ac	Histone ChIP-seq	angular gyrus	adult	TISSUE	encode
CHIP_HISTONE	1002	UBERON:0002686 Histone ChIP-seq H3K36me3	Histone ChIP-seq	angular gyrus	adult	TISSUE	encode
CHIP_HISTONE	1003	UBERON:0002686 Histone ChIP-seq H3K4me1	Histone ChIP-seq	angular gyrus	adult	TISSUE	encode
CHIP_HISTONE	1004	UBERON:0002686 Histone ChIP-seq H3K4me3	Histone ChIP-seq	angular gyrus	adult	TISSUE	encode
CHIP_HISTONE	1005	UBERON:0002686 Histone ChIP-seq H3K9ac	Histone ChIP-seq	angular gyrus	adult	TISSUE	encode
CHIP_HISTONE	1006	UBERON:0002967 Histone ChIP-seq H3K27ac	Histone ChIP-seq	cingulate gyrus	adult	TISSUE	encode
CHIP_HISTONE	1007	UBERON:0002967 Histone ChIP-seq H3K36me3	Histone ChIP-seq	cingulate gyrus	adult	TISSUE	encode
CHIP_HISTONE	1008	UBERON:0002967 Histone ChIP-seq H3K4me1	Histone ChIP-seq	cingulate gyrus	adult	TISSUE	encode
CHIP_HISTONE	1009	UBERON:0002967 Histone ChIP-seq H3K4me3	Histone ChIP-seq	cingulate gyrus	adult	TISSUE	encode
CHIP_HISTONE	1010	UBERON:0002967 Histone ChIP-seq H3K9ac	Histone ChIP-seq	cingulate gyrus	adult	TISSUE	encode
CHIP_HISTONE	1011	UBERON:0003124 Histone ChIP-seq H3K27ac	Histone ChIP-seq	chorion	embryonic	TISSUE	encode
CHIP_HISTONE	1012	UBERON:0003124 Histone ChIP-seq H3K36me3	Histone ChIP-seq	chorion	embryonic	TISSUE	encode
CHIP_HISTONE	1013	UBERON:0003124 Histone ChIP-seq H3K4me1	Histone ChIP-seq	chorion	embryonic	TISSUE	encode
CHIP_HISTONE	1014	UBERON:0003124 Histone ChIP-seq H3K4me3	Histone ChIP-seq	chorion	embryonic	TISSUE	encode
CHIP_HISTONE	1015	UBERON:0003346 Histone ChIP-seq H3K27ac	Histone ChIP-seq	mucosa of rectum	adult	TISSUE	encode
CHIP_HISTONE	1016	UBERON:0003346 Histone ChIP-seq H3K36me3	Histone ChIP-seq	mucosa of rectum	adult	TISSUE	encode
CHIP_HISTONE	1017	UBERON:0003346 Histone ChIP-seq H3K4me1	Histone ChIP-seq	mucosa of rectum	adult	TISSUE	encode
CHIP_HISTONE	1018	UBERON:0003346 Histone ChIP-seq H3K4me3	Histone ChIP-seq	mucosa of rectum	adult	TISSUE	encode
CHIP_HISTONE	1019	UBERON:0003346 Histone ChIP-seq H3K9ac	Histone ChIP-seq	mucosa of rectum	adult	TISSUE	encode
CHIP_HISTONE	1020	UBERON:0004222 Histone ChIP-seq H3K27ac	Histone ChIP-seq	stomach smooth muscle	adult	TISSUE	encode
CHIP_HISTONE	1021	UBERON:0004222 Histone ChIP-seq H3K27me3	Histone ChIP-seq	stomach smooth muscle	adult	TISSUE	encode
CHIP_HISTONE	1022	UBERON:0004222 Histone ChIP-seq H3K36me3	Histone ChIP-seq	stomach smooth muscle	adult	TISSUE	encode
CHIP_HISTONE	1023	UBERON:0004222 Histone ChIP-seq H3K4me1	Histone ChIP-seq	stomach smooth muscle	adult	TISSUE	encode
CHIP_HISTONE	1024	UBERON:0004222 Histone ChIP-seq H3K4me3	Histone ChIP-seq	stomach smooth muscle	adult	TISSUE	encode
CHIP_HISTONE	1025	UBERON:0004222 Histone ChIP-seq H3K9ac	Histone ChIP-seq	stomach smooth muscle	adult	TISSUE	encode
CHIP_HISTONE	1026	UBERON:0004550 Histone ChIP-seq H3K27ac	Histone ChIP-seq	gastroesophageal sphincter	adult	TISSUE	encode
CHIP_HISTONE	1027	UBERON:0004550 Histone ChIP-seq H3K27me3	Histone ChIP-seq	gastroesophageal sphincter	adult	TISSUE	encode
CHIP_HISTONE	1028	UBERON:0004550 Histone ChIP-seq H3K36me3	Histone ChIP-seq	gastroesophageal sphincter	adult	TISSUE	encode
CHIP_HISTONE	1029	UBERON:0004550 Histone ChIP-seq H3K4me1	Histone ChIP-seq	gastroesophageal sphincter	adult	TISSUE	encode
CHIP_HISTONE	1030	UBERON:0004550 Histone ChIP-seq H3K4me3	Histone ChIP-seq	gastroesophageal sphincter	adult	TISSUE	encode
CHIP_HISTONE	1031	UBERON:0004550 Histone ChIP-seq H3K9me3	Histone ChIP-seq	gastroesophageal sphincter	adult	TISSUE	encode
CHIP_HISTONE	1032	UBERON:0004648 Histone ChIP-seq H3K27ac	Histone ChIP-seq	esophagus muscularis mucosa	adult	TISSUE	encode
CHIP_HISTONE	1033	UBERON:0004648 Histone ChIP-seq H3K27me3	Histone ChIP-seq	esophagus muscularis mucosa	adult	TISSUE	encode
CHIP_HISTONE	1034	UBERON:0004648 Histone ChIP-seq H3K36me3	Histone ChIP-seq	esophagus muscularis mucosa	adult	TISSUE	encode
CHIP_HISTONE	1035	UBERON:0004648 Histone ChIP-seq H3K4me1	Histone ChIP-seq	esophagus muscularis mucosa	adult	TISSUE	encode
CHIP_HISTONE	1036	UBERON:0004648 Histone ChIP-seq H3K4me3	Histone ChIP-seq	esophagus muscularis mucosa	adult	TISSUE	encode
CHIP_HISTONE	1037	UBERON:0004648 Histone ChIP-seq H3K9me3	Histone ChIP-seq	esophagus muscularis mucosa	adult	TISSUE	encode
CHIP_HISTONE	1038	UBERON:0004992 Histone ChIP-seq H3K4me1	Histone ChIP-seq	mucosa of descending colon	adult	TISSUE	encode
CHIP_HISTONE	1039	UBERON:0004992 Histone ChIP-seq H3K4me3	Histone ChIP-seq	mucosa of descending colon	adult	TISSUE	encode
CHIP_HISTONE	1040	UBERON:0004992 Histone ChIP-seq H3K9me3	Histone ChIP-seq	mucosa of descending colon	adult	TISSUE	encode
CHIP_HISTONE	1041	UBERON:0006631 Histone ChIP-seq H3K27ac	Histone ChIP-seq	right atrium auricular region	adult	TISSUE	encode
CHIP_HISTONE	1042	UBERON:0006631 Histone ChIP-seq H3K36me3	Histone ChIP-seq	right atrium auricular region	adult	TISSUE	encode
CHIP_HISTONE	1043	UBERON:0006631 Histone ChIP-seq H3K4me1	Histone ChIP-seq	right atrium auricular region	adult	TISSUE	encode
CHIP_HISTONE	1044	UBERON:0006631 Histone ChIP-seq H3K4me3	Histone ChIP-seq	right atrium auricular region	adult	TISSUE	encode
CHIP_HISTONE	1045	UBERON:0006631 Histone ChIP-seq H3K9me3	Histone ChIP-seq	right atrium auricular region	adult	TISSUE	encode
CHIP_HISTONE	1046	UBERON:0006920 Histone ChIP-seq H3K27ac	Histone ChIP-seq	esophagus squamous epithelium	adult	TISSUE	encode
CHIP_HISTONE	1047	UBERON:0006920 Histone ChIP-seq H3K27me3	Histone ChIP-seq	esophagus squamous epithelium	adult	TISSUE	encode
CHIP_HISTONE	1048	UBERON:0006920 Histone ChIP-seq H3K36me3	Histone ChIP-seq	esophagus squamous epithelium	adult	TISSUE	encode
CHIP_HISTONE	1049	UBERON:0006920 Histone ChIP-seq H3K4me1	Histone ChIP-seq	esophagus squamous epithelium	adult	TISSUE	encode
CHIP_HISTONE	1050	UBERON:0006920 Histone ChIP-seq H3K4me3	Histone ChIP-seq	esophagus squamous epithelium	adult	TISSUE	encode
CHIP_HISTONE	1051	UBERON:0006920 Histone ChIP-seq H3K9me3	Histone ChIP-seq	esophagus squamous epithelium	adult	TISSUE	encode
CHIP_HISTONE	1052	UBERON:0007106 Histone ChIP-seq H3K27ac	Histone ChIP-seq	chorionic villus	embryonic	TISSUE	encode
CHIP_HISTONE	1053	UBERON:0007610 Histone ChIP-seq H3K27ac	Histone ChIP-seq	tibial artery	adult	TISSUE	encode
CHIP_HISTONE	1054	UBERON:0007610 Histone ChIP-seq H3K27me3	Histone ChIP-seq	tibial artery	adult	TISSUE	encode
CHIP_HISTONE	1055	UBERON:0007610 Histone ChIP-seq H3K36me3	Histone ChIP-seq	tibial artery	adult	TISSUE	encode
CHIP_HISTONE	1056	UBERON:0007610 Histone ChIP-seq H3K4me1	Histone ChIP-seq	tibial artery	adult	TISSUE	encode
CHIP_HISTONE	1057	UBERON:0007610 Histone ChIP-seq H3K4me3	Histone ChIP-seq	tibial artery	adult	TISSUE	encode
CHIP_HISTONE	1058	UBERON:0007610 Histone ChIP-seq H3K9me3	Histone ChIP-seq	tibial artery	adult	TISSUE	encode
CHIP_HISTONE	1059	UBERON:0008367 Histone ChIP-seq H3K27ac	Histone ChIP-seq	breast epithelium	adult	TISSUE	encode
CHIP_HISTONE	1060	UBERON:0008367 Histone ChIP-seq H3K27me3	Histone ChIP-seq	breast epithelium	adult	TISSUE	encode
CHIP_HISTONE	1061	UBERON:0008367 Histone ChIP-seq H3K36me3	Histone ChIP-seq	breast epithelium	adult	TISSUE	encode
CHIP_HISTONE	1062	UBERON:0008367 Histone ChIP-seq H3K4me3	Histone ChIP-seq	breast epithelium	adult	TISSUE	encode
CHIP_HISTONE	1063	UBERON:0008367 Histone ChIP-seq H3K9me3	Histone ChIP-seq	breast epithelium	adult	TISSUE	encode
CHIP_HISTONE	1064	UBERON:0008450 Histone ChIP-seq H3K27ac	Histone ChIP-seq	psoas muscle	adult	TISSUE	encode
CHIP_HISTONE	1065	UBERON:0008450 Histone ChIP-seq H3K27me3	Histone ChIP-seq	psoas muscle	adult	TISSUE	encode
CHIP_HISTONE	1066	UBERON:0008450 Histone ChIP-seq H3K36me3	Histone ChIP-seq	psoas muscle	adult	TISSUE	encode
CHIP_HISTONE	1067	UBERON:0008450 Histone ChIP-seq H3K4me1	Histone ChIP-seq	psoas muscle	adult	TISSUE	encode
CHIP_HISTONE	1068	UBERON:0008450 Histone ChIP-seq H3K4me3	Histone ChIP-seq	psoas muscle	adult	TISSUE	encode
CHIP_HISTONE	1069	UBERON:0008952 Histone ChIP-seq H3K27ac	Histone ChIP-seq	upper lobe of left lung	adult	TISSUE	encode
CHIP_HISTONE	1070	UBERON:0008952 Histone ChIP-seq H3K36me3	Histone ChIP-seq	upper lobe of left lung	adult	TISSUE	encode
CHIP_HISTONE	1071	UBERON:0008952 Histone ChIP-seq H3K4me1	Histone ChIP-seq	upper lobe of left lung	adult	TISSUE	encode
CHIP_HISTONE	1072	UBERON:0008952 Histone ChIP-seq H3K4me3	Histone ChIP-seq	upper lobe of left lung	adult	TISSUE	encode
CHIP_HISTONE	1073	UBERON:0008953 Histone ChIP-seq H3K27ac	Histone ChIP-seq	lower lobe of left lung	adult	TISSUE	encode
CHIP_HISTONE	1074	UBERON:0008953 Histone ChIP-seq H3K27me3	Histone ChIP-seq	lower lobe of left lung	adult	TISSUE	encode
CHIP_HISTONE	1075	UBERON:0008953 Histone ChIP-seq H3K36me3	Histone ChIP-seq	lower lobe of left lung	adult	TISSUE	encode
CHIP_HISTONE	1076	UBERON:0008953 Histone ChIP-seq H3K4me1	Histone ChIP-seq	lower lobe of left lung	adult	TISSUE	encode
CHIP_HISTONE	1077	UBERON:0008953 Histone ChIP-seq H3K4me3	Histone ChIP-seq	lower lobe of left lung	adult	TISSUE	encode
CHIP_HISTONE	1078	UBERON:0008953 Histone ChIP-seq H3K9me3	Histone ChIP-seq	lower lobe of left lung	adult	TISSUE	encode
CHIP_HISTONE	1079	UBERON:0009834 Histone ChIP-seq H3K27ac	Histone ChIP-seq	dorsolateral prefrontal cortex	adult	TISSUE	encode
CHIP_HISTONE	1080	UBERON:0009834 Histone ChIP-seq H3K27me3	Histone ChIP-seq	dorsolateral prefrontal cortex	adult	TISSUE	encode
CHIP_HISTONE	1081	UBERON:0009834 Histone ChIP-seq H3K36me3	Histone ChIP-seq	dorsolateral prefrontal cortex	adult	TISSUE	encode
CHIP_HISTONE	1082	UBERON:0009834 Histone ChIP-seq H3K4me1	Histone ChIP-seq	dorsolateral prefrontal cortex	adult	TISSUE	encode
CHIP_HISTONE	1083	UBERON:0009834 Histone ChIP-seq H3K4me3	Histone ChIP-seq	dorsolateral prefrontal cortex	adult	TISSUE	encode
CHIP_HISTONE	1084	UBERON:0009834 Histone ChIP-seq H3K9ac	Histone ChIP-seq	dorsolateral prefrontal cortex	adult	TISSUE	encode
CHIP_HISTONE	1085	UBERON:0011907 Histone ChIP-seq H3K27ac	Histone ChIP-seq	gastrocnemius medialis	adult	TISSUE	encode
CHIP_HISTONE	1086	UBERON:0011907 Histone ChIP-seq H3K27me3	Histone ChIP-seq	gastrocnemius medialis	adult	TISSUE	encode
CHIP_HISTONE	1087	UBERON:0011907 Histone ChIP-seq H3K36me3	Histone ChIP-seq	gastrocnemius medialis	adult	TISSUE	encode
CHIP_HISTONE	1088	UBERON:0011907 Histone ChIP-seq H3K4me1	Histone ChIP-seq	gastrocnemius medialis	adult	TISSUE	encode
CHIP_HISTONE	1089	UBERON:0011907 Histone ChIP-seq H3K4me3	Histone ChIP-seq	gastrocnemius medialis	adult	TISSUE	encode
CHIP_HISTONE	1090	UBERON:0012488 Histone ChIP-seq H3K27ac	Histone ChIP-seq	muscle layer of duodenum	adult	TISSUE	encode
CHIP_HISTONE	1091	UBERON:0012488 Histone ChIP-seq H3K36me3	Histone ChIP-seq	muscle layer of duodenum	adult	TISSUE	encode
CHIP_HISTONE	1092	UBERON:0012488 Histone ChIP-seq H3K4me1	Histone ChIP-seq	muscle layer of duodenum	adult	TISSUE	encode
CHIP_HISTONE	1093	UBERON:0012488 Histone ChIP-seq H3K4me3	Histone ChIP-seq	muscle layer of duodenum	adult	TISSUE	encode
CHIP_HISTONE	1094	UBERON:0012488 Histone ChIP-seq H3K9me3	Histone ChIP-seq	muscle layer of duodenum	adult	TISSUE	encode
CHIP_HISTONE	1095	UBERON:0012489 Histone ChIP-seq H3K27ac	Histone ChIP-seq	muscle layer of colon	adult	TISSUE	encode
CHIP_HISTONE	1096	UBERON:0012489 Histone ChIP-seq H3K36me3	Histone ChIP-seq	muscle layer of colon	adult	TISSUE	encode
CHIP_HISTONE	1097	UBERON:0012489 Histone ChIP-seq H3K4me1	Histone ChIP-seq	muscle layer of colon	adult	TISSUE	encode
CHIP_HISTONE	1098	UBERON:0012489 Histone ChIP-seq H3K4me3	Histone ChIP-seq	muscle layer of colon	adult	TISSUE	encode
CHIP_HISTONE	1099	UBERON:0012489 Histone ChIP-seq H3K9ac	Histone ChIP-seq	muscle layer of colon	adult	TISSUE	encode
CHIP_HISTONE	1100	UBERON:0014455 Histone ChIP-seq H3K27ac	Histone ChIP-seq	subcutaneous abdominal adipose tissue	adult	TISSUE	encode
CHIP_HISTONE	1101	UBERON:0014455 Histone ChIP-seq H3K27me3	Histone ChIP-seq	subcutaneous abdominal adipose tissue	adult	TISSUE	encode
CHIP_HISTONE	1102	UBERON:0014455 Histone ChIP-seq H3K36me3	Histone ChIP-seq	subcutaneous abdominal adipose tissue	adult	TISSUE	encode
CHIP_HISTONE	1103	UBERON:0014455 Histone ChIP-seq H3K4me1	Histone ChIP-seq	subcutaneous abdominal adipose tissue	adult	TISSUE	encode
CHIP_HISTONE	1104	UBERON:0014455 Histone ChIP-seq H3K4me3	Histone ChIP-seq	subcutaneous abdominal adipose tissue	adult	TISSUE	encode
CHIP_HISTONE	1105	UBERON:0014455 Histone ChIP-seq H3K9ac	Histone ChIP-seq	subcutaneous abdominal adipose tissue	adult	TISSUE	encode
CHIP_HISTONE	1106	UBERON:0014455 Histone ChIP-seq H3K9me3	Histone ChIP-seq	subcutaneous abdominal adipose tissue	adult	TISSUE	encode
CHIP_HISTONE	1107	UBERON:0018112 Histone ChIP-seq H3K27ac	Histone ChIP-seq	rectal smooth muscle tissue	adult	TISSUE	encode
CHIP_HISTONE	1108	UBERON:0018112 Histone ChIP-seq H3K36me3	Histone ChIP-seq	rectal smooth muscle tissue	adult	TISSUE	encode
CHIP_HISTONE	1109	UBERON:0018112 Histone ChIP-seq H3K4me1	Histone ChIP-seq	rectal smooth muscle tissue	adult	TISSUE	encode
CHIP_HISTONE	1110	UBERON:0018112 Histone ChIP-seq H3K4me3	Histone ChIP-seq	rectal smooth muscle tissue	adult	TISSUE	encode
CHIP_HISTONE	1111	UBERON:0036149 Histone ChIP-seq H3K27ac	Histone ChIP-seq	suprapubic skin	adult	TISSUE	encode
CHIP_HISTONE	1112	UBERON:0036149 Histone ChIP-seq H3K27me3	Histone ChIP-seq	suprapubic skin	adult	TISSUE	encode
CHIP_HISTONE	1113	UBERON:0036149 Histone ChIP-seq H3K36me3	Histone ChIP-seq	suprapubic skin	adult	TISSUE	encode
CHIP_HISTONE	1114	UBERON:0036149 Histone ChIP-seq H3K4me1	Histone ChIP-seq	suprapubic skin	adult	TISSUE	encode
CHIP_HISTONE	1115	UBERON:0036149 Histone ChIP-seq H3K4me3	Histone ChIP-seq	suprapubic skin	adult	TISSUE	encode
CHIP_HISTONE	1116	Padding					
CHIP_HISTONE	1117	Padding					
CHIP_HISTONE	1118	Padding					
CHIP_HISTONE	1119	Padding					
CHIP_HISTONE	1120	Padding					
CHIP_HISTONE	1121	Padding					
CHIP_HISTONE	1122	Padding					
CHIP_HISTONE	1123	Padding					
CHIP_HISTONE	1124	Padding					
CHIP_HISTONE	1125	Padding					
CHIP_HISTONE	1126	Padding					
CHIP_HISTONE	1127	Padding					
CHIP_HISTONE	1128	Padding					
CHIP_HISTONE	1129	Padding					
CHIP_HISTONE	1130	Padding					
CHIP_HISTONE	1131	Padding					
CHIP_HISTONE	1132	Padding					
CHIP_HISTONE	1133	Padding					
CHIP_HISTONE	1134	Padding					
CHIP_HISTONE	1135	Padding					
CHIP_HISTONE	1136	Padding					
CHIP_HISTONE	1137	Padding					
CHIP_HISTONE	1138	Padding					
CHIP_HISTONE	1139	Padding					
CHIP_HISTONE	1140	Padding					
CHIP_HISTONE	1141	Padding					
CHIP_HISTONE	1142	Padding					
CHIP_HISTONE	1143	Padding					
CHIP_HISTONE	1144	Padding					
CHIP_HISTONE	1145	Padding					
CHIP_HISTONE	1146	Padding					
CHIP_HISTONE	1147	Padding					
CHIP_HISTONE	1148	Padding					
CHIP_HISTONE	1149	Padding					
CHIP_HISTONE	1150	Padding					
CHIP_HISTONE	1151	Padding					
CHIP_TF	0	CL:0000062 TF ChIP-seq CTCF	TF ChIP-seq	osteoblast	unknown	PRIMARY_CELL	encode
CHIP_TF	1	CL:0000115 TF ChIP-seq CTCF	TF ChIP-seq	endothelial cell	adult	IN_VITRO_DIFFERENTIATED_CELLS	encode
CHIP_TF	2	CL:0000127 TF ChIP-seq CTCF	TF ChIP-seq	astrocyte	unknown	PRIMARY_CELL	encode
CHIP_TF	3	CL:0000127 TF ChIP-seq EZH2	TF ChIP-seq	astrocyte	unknown	PRIMARY_CELL	encode
CHIP_TF	4	CL:0000137 TF ChIP-seq CTCF	TF ChIP-seq	osteocyte	embryonic	IN_VITRO_DIFFERENTIATED_CELLS	encode
CHIP_TF	5	CL:0000138 TF ChIP-seq CTCF	TF ChIP-seq	chondrocyte	embryonic	IN_VITRO_DIFFERENTIATED_CELLS	encode
CHIP_TF	6	CL:0000169 TF ChIP-seq CTCF	TF ChIP-seq	type B pancreatic cell	embryonic	IN_VITRO_DIFFERENTIATED_CELLS	encode
CHIP_TF	7	CL:0000182 TF ChIP-seq EZH2	TF ChIP-seq	hepatocyte	embryonic	IN_VITRO_DIFFERENTIATED_CELLS	encode
CHIP_TF	8	CL:0000223 TF ChIP-seq CTCF	TF ChIP-seq	endodermal cell	embryonic	IN_VITRO_DIFFERENTIATED_CELLS	encode
CHIP_TF	9	CL:0000236 TF ChIP-seq CTCF	TF ChIP-seq	B cell	adult	PRIMARY_CELL	encode
CHIP_TF	10	CL:0000312 TF ChIP-seq CTCF	TF ChIP-seq	keratinocyte	unknown	PRIMARY_CELL	encode
CHIP_TF	11	CL:0000312 TF ChIP-seq EZH2	TF ChIP-seq	keratinocyte	unknown	PRIMARY_CELL	encode
CHIP_TF	12	CL:0000515 TF ChIP-seq CTCF	TF ChIP-seq	skeletal muscle myoblast	adult	PRIMARY_CELL	encode
CHIP_TF	13	CL:0000623 TF ChIP-seq CTCF	TF ChIP-seq	natural killer cell	adult	PRIMARY_CELL	encode
CHIP_TF	14	CL:0000624 TF ChIP-seq CTCF	TF ChIP-seq	CD4-positive, alpha-beta T cell	adult	PRIMARY_CELL	encode
CHIP_TF	15	CL:0000625 TF ChIP-seq CTCF	TF ChIP-seq	CD8-positive, alpha-beta T cell	adult	PRIMARY_CELL	encode
CHIP_TF	16	CL:0000679 TF ChIP-seq CTCF	TF ChIP-seq	glutamatergic neuron	adult	IN_VITRO_DIFFERENTIATED_CELLS	encode
CHIP_TF	17	CL:0000679 TF ChIP-seq EGR1 male adult (30 years) genetically modified (insertion) using CRISPR targeting H. sapiens EGR1, genetically modified (insertion) using TALEN inserting M. musculus Neurog2	TF ChIP-seq	glutamatergic neuron	unknown	IN_VITRO_DIFFERENTIATED_CELLS	encode
CHIP_TF	18	CL:0000679 TF ChIP-seq FOSL1 male adult (30 years) genetically modified (insertion) using CRISPR targeting H. sapiens FOSL1, genetically modified (insertion) using TALEN inserting M. musculus Neurog2	TF ChIP-seq	glutamatergic neuron	unknown	IN_VITRO_DIFFERENTIATED_CELLS	encode
CHIP_TF	19	CL:0000679 TF ChIP-seq ID3 male adult (30 years) genetically modified (insertion) using CRISPR targeting H. sapiens ID3, genetically modified (insertion) using TALEN inserting M. musculus Neurog2	TF ChIP-seq	glutamatergic neuron	unknown	IN_VITRO_DIFFERENTIATED_CELLS	encode
CHIP_TF	20	CL:0000679 TF ChIP-seq TOX4 male adult (30 years) genetically modified (insertion) using CRISPR targeting H. sapiens TOX4, genetically modified (insertion) using TALEN inserting M. musculus Neurog2	TF ChIP-seq	glutamatergic neuron	unknown	IN_VITRO_DIFFERENTIATED_CELLS	encode
CHIP_TF	21	CL:0000706 TF ChIP-seq CTCF	TF ChIP-seq	choroid plexus epithelial cell	unknown	PRIMARY_CELL	encode
CHIP_TF	22	CL:0000746 TF ChIP-seq CTCF	TF ChIP-seq	cardiac muscle cell	unknown	PRIMARY_CELL	encode
CHIP_TF	23	CL:0000765 TF ChIP-seq POLR2A	TF ChIP-seq	erythroblast	unknown	PRIMARY_CELL	encode
CHIP_TF	24	CL:0000775 TF ChIP-seq CTCF	TF ChIP-seq	neutrophil	unknown	PRIMARY_CELL	encode
CHIP_TF	25	CL:0001054 TF ChIP-seq CTCF	TF ChIP-seq	CD14-positive monocyte	adult	PRIMARY_CELL	encode
CHIP_TF	26	CL:0002231 TF ChIP-seq CTCF	TF ChIP-seq	epithelial cell of prostate	unknown	PRIMARY_CELL	encode
CHIP_TF	27	CL:0002306 TF ChIP-seq CTCF	TF ChIP-seq	epithelial cell of proximal tubule	unknown	PRIMARY_CELL	encode
CHIP_TF	28	CL:0002319 TF ChIP-seq CTCF	TF ChIP-seq	neural cell	embryonic	IN_VITRO_DIFFERENTIATED_CELLS	encode
CHIP_TF	29	CL:0002319 TF ChIP-seq POLR2AphosphoS5	TF ChIP-seq	neural cell	embryonic	IN_VITRO_DIFFERENTIATED_CELLS	encode
CHIP_TF	30	CL:0002319 TF ChIP-seq RAD21	TF ChIP-seq	neural cell	embryonic	IN_VITRO_DIFFERENTIATED_CELLS	encode
CHIP_TF	31	CL:0002319 TF ChIP-seq REST	TF ChIP-seq	neural cell	embryonic	IN_VITRO_DIFFERENTIATED_CELLS	encode
CHIP_TF	32	CL:0002319 TF ChIP-seq TAF1	TF ChIP-seq	neural cell	embryonic	IN_VITRO_DIFFERENTIATED_CELLS	encode
CHIP_TF	33	CL:0002327 TF ChIP-seq CTCF	TF ChIP-seq	mammary epithelial cell	unknown	PRIMARY_CELL	encode
CHIP_TF	34	CL:0002327 TF ChIP-seq EZH2	TF ChIP-seq	mammary epithelial cell	adult	PRIMARY_CELL	encode
CHIP_TF	35	CL:0002328 TF ChIP-seq CTCF	TF ChIP-seq	bronchial epithelial cell	unknown	PRIMARY_CELL	encode
CHIP_TF	36	CL:0002351 TF ChIP-seq CTCF	TF ChIP-seq	progenitor cell of endocrine pancreas	embryonic	IN_VITRO_DIFFERENTIATED_CELLS	encode
CHIP_TF	37	CL:0002518 TF ChIP-seq CTCF	TF ChIP-seq	kidney epithelial cell	unknown	PRIMARY_CELL	encode
CHIP_TF	38	CL:0002547 TF ChIP-seq CTCF	TF ChIP-seq	fibroblast of the aortic adventitia	unknown	PRIMARY_CELL	encode
CHIP_TF	39	CL:0002548 TF ChIP-seq CTCF	TF ChIP-seq	cardiac fibroblast	adult	PRIMARY_CELL	encode
CHIP_TF	40	CL:0002551 TF ChIP-seq CTCF	TF ChIP-seq	fibroblast of dermis	unknown	PRIMARY_CELL	encode
CHIP_TF	41	CL:0002553 TF ChIP-seq CTCF	TF ChIP-seq	fibroblast of lung	adult	PRIMARY_CELL	encode
CHIP_TF	42	CL:0002555 TF ChIP-seq CTCF	TF ChIP-seq	fibroblast of mammary gland	unknown	PRIMARY_CELL	encode
CHIP_TF	43	CL:0002557 TF ChIP-seq CTCF	TF ChIP-seq	fibroblast of pulmonary artery	unknown	PRIMARY_CELL	encode
CHIP_TF	44	CL:0002558 TF ChIP-seq CTCF	TF ChIP-seq	fibroblast of villous mesenchyme	unknown	PRIMARY_CELL	encode
CHIP_TF	45	CL:0002586 TF ChIP-seq CTCF	TF ChIP-seq	retinal pigment epithelial cell	unknown	PRIMARY_CELL	encode
CHIP_TF	46	CL:0002606 TF ChIP-seq CTCF	TF ChIP-seq	astrocyte of the spinal cord	unknown	PRIMARY_CELL	encode
CHIP_TF	47	CL:0002618 TF ChIP-seq CTCF	TF ChIP-seq	endothelial cell of umbilical vein	newborn	PRIMARY_CELL	encode
CHIP_TF	48	CL:0002618 TF ChIP-seq FOS	TF ChIP-seq	endothelial cell of umbilical vein	newborn	PRIMARY_CELL	encode
CHIP_TF	49	CL:0002618 TF ChIP-seq GATA2	TF ChIP-seq	endothelial cell of umbilical vein	newborn	PRIMARY_CELL	encode
CHIP_TF	50	CL:0002618 TF ChIP-seq JUN	TF ChIP-seq	endothelial cell of umbilical vein	newborn	PRIMARY_CELL	encode
CHIP_TF	51	CL:0002618 TF ChIP-seq MAX	TF ChIP-seq	endothelial cell of umbilical vein	newborn	PRIMARY_CELL	encode
CHIP_TF	52	CL:0002618 TF ChIP-seq MYC	TF ChIP-seq	endothelial cell of umbilical vein	newborn	PRIMARY_CELL	encode
CHIP_TF	53	CL:0002618 TF ChIP-seq POLR2A	TF ChIP-seq	endothelial cell of umbilical vein	newborn	PRIMARY_CELL	encode
CHIP_TF	54	CL:0002618 TF ChIP-seq POLR2AphosphoS5	TF ChIP-seq	endothelial cell of umbilical vein	newborn	PRIMARY_CELL	encode
CHIP_TF	55	CL:0011012 TF ChIP-seq CTCF	TF ChIP-seq	neural crest cell	embryonic	IN_VITRO_DIFFERENTIATED_CELLS	encode
CHIP_TF	56	CL:0011019 TF ChIP-seq CTCF	TF ChIP-seq	mesothelial cell of epicardium	embryonic	IN_VITRO_DIFFERENTIATED_CELLS	encode
CHIP_TF	57	CL:0011020 TF ChIP-seq CTCF	TF ChIP-seq	neural progenitor cell	embryonic	IN_VITRO_DIFFERENTIATED_CELLS	encode
CHIP_TF	58	CL:0011020 TF ChIP-seq EZH2	TF ChIP-seq	neural progenitor cell	embryonic	IN_VITRO_DIFFERENTIATED_CELLS	encode
CHIP_TF	59	CL:0011020 TF ChIP-seq EZH2phosphoT487	TF ChIP-seq	neural progenitor cell	embryonic	IN_VITRO_DIFFERENTIATED_CELLS	encode
CHIP_TF	60	CL:1001606 TF ChIP-seq CTCF	TF ChIP-seq	foreskin keratinocyte	newborn	PRIMARY_CELL	encode
CHIP_TF	61	CL:1001608 TF ChIP-seq CTCF	TF ChIP-seq	foreskin fibroblast	newborn	PRIMARY_CELL	encode
CHIP_TF	62	CL:2000044 TF ChIP-seq CTCF	TF ChIP-seq	brain microvascular endothelial cell	unknown	PRIMARY_CELL	encode
CHIP_TF	63	CLO:0021511 TF ChIP-seq CTCF	TF ChIP-seq	AG10803	adult	CELL_LINE	encode
CHIP_TF	64	CLO:0021752 TF ChIP-seq CTCF	TF ChIP-seq	AG09309	adult	CELL_LINE	encode
CHIP_TF	65	CLO:0021754 TF ChIP-seq CTCF	TF ChIP-seq	AG09319	adult	CELL_LINE	encode
CHIP_TF	66	CLO:0034837 TF ChIP-seq CTCF	TF ChIP-seq	AG04449	embryonic	CELL_LINE	encode
CHIP_TF	67	EFO:0001086 TF ChIP-seq BCL3	TF ChIP-seq	A549	adult	CELL_LINE	encode
CHIP_TF	68	EFO:0001086 TF ChIP-seq CEBPB	TF ChIP-seq	A549	adult	CELL_LINE	encode
CHIP_TF	69	EFO:0001086 TF ChIP-seq CTCF	TF ChIP-seq	A549	adult	CELL_LINE	encode
CHIP_TF	70	EFO:0001086 TF ChIP-seq E2F6	TF ChIP-seq	A549	adult	CELL_LINE	encode
CHIP_TF	71	EFO:0001086 TF ChIP-seq EP300	TF ChIP-seq	A549	adult	CELL_LINE	encode
CHIP_TF	72	EFO:0001086 TF ChIP-seq FOSL2	TF ChIP-seq	A549	adult	CELL_LINE	encode
CHIP_TF	73	EFO:0001086 TF ChIP-seq FOSL2 genetically modified (insertion) using CRISPR targeting H. sapiens FOSL2	TF ChIP-seq	A549	adult	CELL_LINE	encode
CHIP_TF	74	EFO:0001086 TF ChIP-seq FOXF2 genetically modified (insertion) using CRISPR targeting H. sapiens FOXF2	TF ChIP-seq	A549	adult	CELL_LINE	encode
CHIP_TF	75	EFO:0001086 TF ChIP-seq GATA3	TF ChIP-seq	A549	adult	CELL_LINE	encode
CHIP_TF	76	EFO:0001086 TF ChIP-seq HOXB5 genetically modified (insertion) using CRISPR targeting H. sapiens HOXB5	TF ChIP-seq	A549	adult	CELL_LINE	encode
CHIP_TF	77	EFO:0001086 TF ChIP-seq JUN	TF ChIP-seq	A549	adult	CELL_LINE	encode
CHIP_TF	78	EFO:0001086 TF ChIP-seq JUNB	TF ChIP-seq	A549	adult	CELL_LINE	encode
CHIP_TF	79	EFO:0001086 TF ChIP-seq MAFK	TF ChIP-seq	A549	adult	CELL_LINE	encode
CHIP_TF	80	EFO:0001086 TF ChIP-seq MAX	TF ChIP-seq	A549	adult	CELL_LINE	encode
CHIP_TF	81	EFO:0001086 TF ChIP-seq MYC	TF ChIP-seq	A549	adult	CELL_LINE	encode
CHIP_TF	82	EFO:0001086 TF ChIP-seq NFE2L2	TF ChIP-seq	A549	adult	CELL_LINE	encode
CHIP_TF	83	EFO:0001086 TF ChIP-seq NR3C1	TF ChIP-seq	A549	adult	CELL_LINE	encode
CHIP_TF	84	EFO:0001086 TF ChIP-seq NR5A2 genetically modified (insertion) using CRISPR targeting H. sapiens NR5A2	TF ChIP-seq	A549	adult	CELL_LINE	encode
CHIP_TF	85	EFO:0001086 TF ChIP-seq PBX1 genetically modified (insertion) using CRISPR targeting H. sapiens PBX1	TF ChIP-seq	A549	adult	CELL_LINE	encode
CHIP_TF	86	EFO:0001086 TF ChIP-seq PBX3	TF ChIP-seq	A549	adult	CELL_LINE	encode
CHIP_TF	87	EFO:0001086 TF ChIP-seq PHF8	TF ChIP-seq	A549	adult	CELL_LINE	encode
CHIP_TF	88	EFO:0001086 TF ChIP-seq POLR2A	TF ChIP-seq	A549	adult	CELL_LINE	encode
CHIP_TF	89	EFO:0001086 TF ChIP-seq POLR2AphosphoS2	TF ChIP-seq	A549	adult	CELL_LINE	encode
CHIP_TF	90	EFO:0001086 TF ChIP-seq PRDM1 genetically modified (insertion) using CRISPR targeting H. sapiens PRDM1	TF ChIP-seq	A549	adult	CELL_LINE	encode
CHIP_TF	91	EFO:0001086 TF ChIP-seq RAD21	TF ChIP-seq	A549	adult	CELL_LINE	encode
CHIP_TF	92	EFO:0001086 TF ChIP-seq REST	TF ChIP-seq	A549	adult	CELL_LINE	encode
CHIP_TF	93	EFO:0001086 TF ChIP-seq RFX5	TF ChIP-seq	A549	adult	CELL_LINE	encode
CHIP_TF	94	EFO:0001086 TF ChIP-seq SIN3A	TF ChIP-seq	A549	adult	CELL_LINE	encode
CHIP_TF	95	EFO:0001086 TF ChIP-seq SMC3	TF ChIP-seq	A549	adult	CELL_LINE	encode
CHIP_TF	96	EFO:0001086 TF ChIP-seq TEAD4	TF ChIP-seq	A549	adult	CELL_LINE	encode
CHIP_TF	97	EFO:0001086 TF ChIP-seq USF2	TF ChIP-seq	A549	adult	CELL_LINE	encode
CHIP_TF	98	EFO:0001086 TF ChIP-seq ZFP36	TF ChIP-seq	A549	adult	CELL_LINE	encode
CHIP_TF	99	EFO:0001086 TF ChIP-seq ZNF624 genetically modified (insertion) using CRISPR targeting H. sapiens ZNF624	TF ChIP-seq	A549	adult	CELL_LINE	encode
CHIP_TF	100	EFO:0001099 TF ChIP-seq CTCF	TF ChIP-seq	Caco-2	adult	CELL_LINE	encode
CHIP_TF	101	EFO:0001159 TF ChIP-seq CTCF	TF ChIP-seq	GM12872	unknown	CELL_LINE	encode
CHIP_TF	102	EFO:0001160 TF ChIP-seq CTCF	TF ChIP-seq	GM12873	unknown	CELL_LINE	encode
CHIP_TF	103	EFO:0001161 TF ChIP-seq CTCF	TF ChIP-seq	GM12874	unknown	CELL_LINE	encode
CHIP_TF	104	EFO:0001162 TF ChIP-seq CTCF	TF ChIP-seq	GM12875	unknown	CELL_LINE	encode
CHIP_TF	105	EFO:0001182 TF ChIP-seq ATF2 genetically modified (insertion) using site-specific recombination targeting H. sapiens ATF2	TF ChIP-seq	HEK293	embryonic	CELL_LINE	encode
CHIP_TF	106	EFO:0001182 TF ChIP-seq BCL11A genetically modified (insertion) using site-specific recombination targeting H. sapiens BCL11A	TF ChIP-seq	HEK293	embryonic	CELL_LINE	encode
CHIP_TF	107	EFO:0001182 TF ChIP-seq BCL11B genetically modified (insertion) using site-specific recombination targeting H. sapiens BCL11B	TF ChIP-seq	HEK293	embryonic	CELL_LINE	encode
CHIP_TF	108	EFO:0001182 TF ChIP-seq CTCF	TF ChIP-seq	HEK293	embryonic	CELL_LINE	encode
CHIP_TF	109	EFO:0001182 TF ChIP-seq CTCF genetically modified (insertion) using site-specific recombination targeting H. sapiens CTCF	TF ChIP-seq	HEK293	embryonic	CELL_LINE	encode
CHIP_TF	110	EFO:0001182 TF ChIP-seq EGR2 genetically modified (insertion) using site-specific recombination targeting H. sapiens EGR2	TF ChIP-seq	HEK293	embryonic	CELL_LINE	encode
CHIP_TF	111	EFO:0001182 TF ChIP-seq FEZF1 genetically modified (insertion) using site-specific recombination targeting H. sapiens FEZF1	TF ChIP-seq	HEK293	embryonic	CELL_LINE	encode
CHIP_TF	112	EFO:0001182 TF ChIP-seq GLIS1 genetically modified (insertion) using site-specific recombination targeting H. sapiens GLIS1	TF ChIP-seq	HEK293	embryonic	CELL_LINE	encode
CHIP_TF	113	EFO:0001182 TF ChIP-seq GLIS2 genetically modified (insertion) using site-specific recombination targeting H. sapiens GLIS2	TF ChIP-seq	HEK293	embryonic	CELL_LINE	encode
CHIP_TF	114	EFO:0001182 TF ChIP-seq HIC1 genetically modified (insertion) using site-specific recombination targeting H. sapiens HIC1	TF ChIP-seq	HEK293	embryonic	CELL_LINE	encode
CHIP_TF	115	EFO:0001182 TF ChIP-seq HOXB7 genetically modified (insertion) using CRISPR targeting H. sapiens HOXB7	TF ChIP-seq	HEK293	embryonic	CELL_LINE	encode
CHIP_TF	116	EFO:0001182 TF ChIP-seq IKZF3 genetically modified (insertion) using site-specific recombination targeting H. sapiens IKZF3	TF ChIP-seq	HEK293	embryonic	CELL_LINE	encode
CHIP_TF	117	EFO:0001182 TF ChIP-seq INSM2 genetically modified (insertion) using site-specific recombination targeting H. sapiens INSM2	TF ChIP-seq	HEK293	embryonic	CELL_LINE	encode
CHIP_TF	118	EFO:0001182 TF ChIP-seq KLF1 genetically modified (insertion) using site-specific recombination targeting H. sapiens KLF1	TF ChIP-seq	HEK293	embryonic	CELL_LINE	encode
CHIP_TF	119	EFO:0001182 TF ChIP-seq KLF10 genetically modified (insertion) using site-specific recombination targeting H. sapiens KLF10	TF ChIP-seq	HEK293	embryonic	CELL_LINE	encode
CHIP_TF	120	EFO:0001182 TF ChIP-seq KLF16 genetically modified (insertion) using site-specific recombination targeting H. sapiens KLF16	TF ChIP-seq	HEK293	embryonic	CELL_LINE	encode
CHIP_TF	121	EFO:0001182 TF ChIP-seq KLF17 genetically modified (insertion) using site-specific recombination targeting H. sapiens KLF17	TF ChIP-seq	HEK293	embryonic	CELL_LINE	encode
CHIP_TF	122	EFO:0001182 TF ChIP-seq KLF7 genetically modified (insertion) using site-specific recombination targeting H. sapiens KLF7	TF ChIP-seq	HEK293	embryonic	CELL_LINE	encode
CHIP_TF	123	EFO:0001182 TF ChIP-seq KLF8 genetically modified (insertion) using site-specific recombination targeting H. sapiens KLF8	TF ChIP-seq	HEK293	embryonic	CELL_LINE	encode
CHIP_TF	124	EFO:0001182 TF ChIP-seq KLF9 genetically modified (insertion) using site-specific recombination targeting H. sapiens KLF9	TF ChIP-seq	HEK293	embryonic	CELL_LINE	encode
CHIP_TF	125	EFO:0001182 TF ChIP-seq MAZ genetically modified (insertion) using site-specific recombination targeting H. sapiens MAZ	TF ChIP-seq	HEK293	embryonic	CELL_LINE	encode
CHIP_TF	126	EFO:0001182 TF ChIP-seq MZF1 genetically modified (insertion) using site-specific recombination targeting H. sapiens MZF1	TF ChIP-seq	HEK293	embryonic	CELL_LINE	encode
CHIP_TF	127	EFO:0001182 TF ChIP-seq OSR2 genetically modified (insertion) using site-specific recombination targeting H. sapiens OSR2	TF ChIP-seq	HEK293	embryonic	CELL_LINE	encode
CHIP_TF	128	EFO:0001182 TF ChIP-seq PATZ1 genetically modified (insertion) using site-specific recombination targeting H. sapiens PATZ1	TF ChIP-seq	HEK293	embryonic	CELL_LINE	encode
CHIP_TF	129	EFO:0001182 TF ChIP-seq PBX3 genetically modified (insertion) using CRISPR targeting H. sapiens PBX3	TF ChIP-seq	HEK293	embryonic	CELL_LINE	encode
CHIP_TF	130	EFO:0001182 TF ChIP-seq PRDM1 genetically modified (insertion) using site-specific recombination targeting H. sapiens PRDM1	TF ChIP-seq	HEK293	embryonic	CELL_LINE	encode
CHIP_TF	131	EFO:0001182 TF ChIP-seq PRDM10 genetically modified (insertion) using site-specific recombination targeting H. sapiens PRDM10	TF ChIP-seq	HEK293	embryonic	CELL_LINE	encode
CHIP_TF	132	EFO:0001182 TF ChIP-seq PRDM4 genetically modified (insertion) using site-specific recombination targeting H. sapiens PRDM4	TF ChIP-seq	HEK293	embryonic	CELL_LINE	encode
CHIP_TF	133	EFO:0001182 TF ChIP-seq PRDM6 genetically modified (insertion) using site-specific recombination targeting H. sapiens PRDM6	TF ChIP-seq	HEK293	embryonic	CELL_LINE	encode
CHIP_TF	134	EFO:0001182 TF ChIP-seq REST genetically modified (insertion) using site-specific recombination targeting H. sapiens REST	TF ChIP-seq	HEK293	embryonic	CELL_LINE	encode
CHIP_TF	135	EFO:0001182 TF ChIP-seq SCRT1 genetically modified (insertion) using site-specific recombination targeting H. sapiens SCRT1	TF ChIP-seq	HEK293	embryonic	CELL_LINE	encode
CHIP_TF	136	EFO:0001182 TF ChIP-seq SCRT2 genetically modified (insertion) using site-specific recombination targeting H. sapiens SCRT2	TF ChIP-seq	HEK293	embryonic	CELL_LINE	encode
CHIP_TF	137	EFO:0001182 TF ChIP-seq SETDB1	TF ChIP-seq	HEK293	embryonic	CELL_LINE	encode
CHIP_TF	138	EFO:0001182 TF ChIP-seq SP2 genetically modified (insertion) using site-specific recombination targeting H. sapiens SP2	TF ChIP-seq	HEK293	embryonic	CELL_LINE	encode
CHIP_TF	139	EFO:0001182 TF ChIP-seq SP3 genetically modified (insertion) using site-specific recombination targeting H. sapiens SP3	TF ChIP-seq	HEK293	embryonic	CELL_LINE	encode
CHIP_TF	140	EFO:0001182 TF ChIP-seq SP7 genetically modified (insertion) using site-specific recombination targeting H. sapiens SP7	TF ChIP-seq	HEK293	embryonic	CELL_LINE	encode
CHIP_TF	141	EFO:0001182 TF ChIP-seq TCF7L2	TF ChIP-seq	HEK293	embryonic	CELL_LINE	encode
CHIP_TF	142	EFO:0001182 TF ChIP-seq TRIM28	TF ChIP-seq	HEK293	embryonic	CELL_LINE	encode
CHIP_TF	143	EFO:0001182 TF ChIP-seq WT1 genetically modified (insertion) using site-specific recombination targeting H. sapiens WT1	TF ChIP-seq	HEK293	embryonic	CELL_LINE	encode
CHIP_TF	144	EFO:0001182 TF ChIP-seq YY1 genetically modified (insertion) using site-specific recombination targeting H. sapiens YY1	TF ChIP-seq	HEK293	embryonic	CELL_LINE	encode
CHIP_TF	145	EFO:0001182 TF ChIP-seq YY2 genetically modified (insertion) using site-specific recombination targeting H. sapiens YY2	TF ChIP-seq	HEK293	embryonic	CELL_LINE	encode
CHIP_TF	146	EFO:0001182 TF ChIP-seq ZBTB10 genetically modified (insertion) using site-specific recombination targeting H. sapiens ZBTB10	TF ChIP-seq	HEK293	embryonic	CELL_LINE	encode
CHIP_TF	147	EFO:0001182 TF ChIP-seq ZBTB11 genetically modified (insertion) using site-specific recombination targeting H. sapiens ZBTB11	TF ChIP-seq	HEK293	embryonic	CELL_LINE	encode
CHIP_TF	148	EFO:0001182 TF ChIP-seq ZBTB12 genetically modified (insertion) using site-specific recombination targeting H. sapiens ZBTB12	TF ChIP-seq	HEK293	embryonic	CELL_LINE	encode
CHIP_TF	149	EFO:0001182 TF ChIP-seq ZBTB17 genetically modified (insertion) using site-specific recombination targeting H. sapiens ZBTB17	TF ChIP-seq	HEK293	embryonic	CELL_LINE	encode
CHIP_TF	150	EFO:0001182 TF ChIP-seq ZBTB20 genetically modified (insertion) using site-specific recombination targeting H. sapiens ZBTB20	TF ChIP-seq	HEK293	embryonic	CELL_LINE	encode
CHIP_TF	151	EFO:0001182 TF ChIP-seq ZBTB21 genetically modified (insertion) using site-specific recombination targeting H. sapiens ZBTB21	TF ChIP-seq	HEK293	embryonic	CELL_LINE	encode
CHIP_TF	152	EFO:0001182 TF ChIP-seq ZBTB26 genetically modified (insertion) using site-specific recombination targeting H. sapiens ZBTB26	TF ChIP-seq	HEK293	embryonic	CELL_LINE	encode
CHIP_TF	153	EFO:0001182 TF ChIP-seq ZBTB44 genetically modified (insertion) using site-specific recombination targeting H. sapiens ZBTB44	TF ChIP-seq	HEK293	embryonic	CELL_LINE	encode
CHIP_TF	154	EFO:0001182 TF ChIP-seq ZBTB48 genetically modified (insertion) using site-specific recombination targeting H. sapiens ZBTB48	TF ChIP-seq	HEK293	embryonic	CELL_LINE	encode
CHIP_TF	155	EFO:0001182 TF ChIP-seq ZBTB6 genetically modified (insertion) using site-specific recombination targeting H. sapiens ZBTB6	TF ChIP-seq	HEK293	embryonic	CELL_LINE	encode
CHIP_TF	156	EFO:0001182 TF ChIP-seq ZBTB8A genetically modified (insertion) using site-specific recombination targeting H. sapiens ZBTB8A	TF ChIP-seq	HEK293	embryonic	CELL_LINE	encode
CHIP_TF	157	EFO:0001182 TF ChIP-seq ZEB1 genetically modified (insertion) using site-specific recombination targeting H. sapiens ZEB1	TF ChIP-seq	HEK293	embryonic	CELL_LINE	encode
CHIP_TF	158	EFO:0001182 TF ChIP-seq ZEB2 genetically modified (insertion) using site-specific recombination targeting H. sapiens ZEB2	TF ChIP-seq	HEK293	embryonic	CELL_LINE	encode
CHIP_TF	159	EFO:0001182 TF ChIP-seq ZFHX2 genetically modified (insertion) using site-specific recombination targeting H. sapiens ZFHX2	TF ChIP-seq	HEK293	embryonic	CELL_LINE	encode
CHIP_TF	160	EFO:0001182 TF ChIP-seq ZFP37 genetically modified (insertion) using site-specific recombination targeting H. sapiens ZFP37	TF ChIP-seq	HEK293	embryonic	CELL_LINE	encode
CHIP_TF	161	EFO:0001182 TF ChIP-seq ZFP69B genetically modified (insertion) using site-specific recombination targeting H. sapiens ZFP69B	TF ChIP-seq	HEK293	embryonic	CELL_LINE	encode
CHIP_TF	162	EFO:0001182 TF ChIP-seq ZIC2 genetically modified (insertion) using site-specific recombination targeting H. sapiens ZIC2	TF ChIP-seq	HEK293	embryonic	CELL_LINE	encode
CHIP_TF	163	EFO:0001182 TF ChIP-seq ZNF10 genetically modified (insertion) using site-specific recombination targeting H. sapiens ZNF10	TF ChIP-seq	HEK293	embryonic	CELL_LINE	encode
CHIP_TF	164	EFO:0001182 TF ChIP-seq ZNF121 genetically modified (insertion) using site-specific recombination targeting H. sapiens ZNF121	TF ChIP-seq	HEK293	embryonic	CELL_LINE	encode
CHIP_TF	165	EFO:0001182 TF ChIP-seq ZNF133 genetically modified (insertion) using site-specific recombination targeting H. sapiens ZNF133	TF ChIP-seq	HEK293	embryonic	CELL_LINE	encode
CHIP_TF	166	EFO:0001182 TF ChIP-seq ZNF146 genetically modified (insertion) using site-specific recombination targeting H. sapiens ZNF146	TF ChIP-seq	HEK293	embryonic	CELL_LINE	encode
CHIP_TF	167	EFO:0001182 TF ChIP-seq ZNF157 genetically modified (insertion) using site-specific recombination targeting H. sapiens ZNF157	TF ChIP-seq	HEK293	embryonic	CELL_LINE	encode
CHIP_TF	168	EFO:0001182 TF ChIP-seq ZNF18 genetically modified (insertion) using site-specific recombination targeting H. sapiens ZNF18	TF ChIP-seq	HEK293	embryonic	CELL_LINE	encode
CHIP_TF	169	EFO:0001182 TF ChIP-seq ZNF189 genetically modified (insertion) using site-specific recombination targeting H. sapiens ZNF189	TF ChIP-seq	HEK293	embryonic	CELL_LINE	encode
CHIP_TF	170	EFO:0001182 TF ChIP-seq ZNF2 genetically modified (insertion) using site-specific recombination targeting H. sapiens ZNF2	TF ChIP-seq	HEK293	embryonic	CELL_LINE	encode
CHIP_TF	171	EFO:0001182 TF ChIP-seq ZNF24 genetically modified (insertion) using site-specific recombination targeting H. sapiens ZNF24	TF ChIP-seq	HEK293	embryonic	CELL_LINE	encode
CHIP_TF	172	EFO:0001182 TF ChIP-seq ZNF263	TF ChIP-seq	HEK293	embryonic	CELL_LINE	encode
CHIP_TF	173	EFO:0001182 TF ChIP-seq ZNF324 genetically modified (insertion) using site-specific recombination targeting H. sapiens ZNF324	TF ChIP-seq	HEK293	embryonic	CELL_LINE	encode
CHIP_TF	174	EFO:0001182 TF ChIP-seq ZNF335 genetically modified (insertion) using site-specific recombination targeting H. sapiens ZNF335	TF ChIP-seq	HEK293	embryonic	CELL_LINE	encode
CHIP_TF	175	EFO:0001182 TF ChIP-seq ZNF34 genetically modified (insertion) using site-specific recombination targeting H. sapiens ZNF34	TF ChIP-seq	HEK293	embryonic	CELL_LINE	encode
CHIP_TF	176	EFO:0001182 TF ChIP-seq ZNF341 genetically modified (insertion) using site-specific recombination targeting H. sapiens ZNF341	TF ChIP-seq	HEK293	embryonic	CELL_LINE	encode
CHIP_TF	177	EFO:0001182 TF ChIP-seq ZNF362 genetically modified (insertion) using site-specific recombination targeting H. sapiens ZNF362	TF ChIP-seq	HEK293	embryonic	CELL_LINE	encode
CHIP_TF	178	EFO:0001182 TF ChIP-seq ZNF366 genetically modified (insertion) using site-specific recombination targeting H. sapiens ZNF366	TF ChIP-seq	HEK293	embryonic	CELL_LINE	encode
CHIP_TF	179	EFO:0001182 TF ChIP-seq ZNF391 genetically modified (insertion) using site-specific recombination targeting H. sapiens ZNF391	TF ChIP-seq	HEK293	embryonic	CELL_LINE	encode
CHIP_TF	180	EFO:0001182 TF ChIP-seq ZNF394 genetically modified (insertion) using site-specific recombination targeting H. sapiens ZNF394	TF ChIP-seq	HEK293	embryonic	CELL_LINE	encode
CHIP_TF	181	EFO:0001182 TF ChIP-seq ZNF398 genetically modified (insertion) using site-specific recombination targeting H. sapiens ZNF398	TF ChIP-seq	HEK293	embryonic	CELL_LINE	encode
CHIP_TF	182	EFO:0001182 TF ChIP-seq ZNF423 genetically modified (insertion) using site-specific recombination targeting H. sapiens ZNF423	TF ChIP-seq	HEK293	embryonic	CELL_LINE	encode
CHIP_TF	183	EFO:0001182 TF ChIP-seq ZNF426 genetically modified (insertion) using site-specific recombination targeting H. sapiens ZNF426	TF ChIP-seq	HEK293	embryonic	CELL_LINE	encode
CHIP_TF	184	EFO:0001182 TF ChIP-seq ZNF449 genetically modified (insertion) using site-specific recombination targeting H. sapiens ZNF449	TF ChIP-seq	HEK293	embryonic	CELL_LINE	encode
CHIP_TF	185	EFO:0001182 TF ChIP-seq ZNF501 genetically modified (insertion) using site-specific recombination targeting H. sapiens ZNF501	TF ChIP-seq	HEK293	embryonic	CELL_LINE	encode
CHIP_TF	186	EFO:0001182 TF ChIP-seq ZNF513 genetically modified (insertion) using site-specific recombination targeting H. sapiens ZNF513	TF ChIP-seq	HEK293	embryonic	CELL_LINE	encode
CHIP_TF	187	EFO:0001182 TF ChIP-seq ZNF518A genetically modified (insertion) using site-specific recombination targeting H. sapiens ZNF518A	TF ChIP-seq	HEK293	embryonic	CELL_LINE	encode
CHIP_TF	188	EFO:0001182 TF ChIP-seq ZNF558 genetically modified (insertion) using site-specific recombination targeting H. sapiens ZNF558	TF ChIP-seq	HEK293	embryonic	CELL_LINE	encode
CHIP_TF	189	EFO:0001182 TF ChIP-seq ZNF561 genetically modified (insertion) using site-specific recombination targeting H. sapiens ZNF561	TF ChIP-seq	HEK293	embryonic	CELL_LINE	encode
CHIP_TF	190	EFO:0001182 TF ChIP-seq ZNF580 genetically modified (insertion) using site-specific recombination targeting H. sapiens ZNF580	TF ChIP-seq	HEK293	embryonic	CELL_LINE	encode
CHIP_TF	191	EFO:0001182 TF ChIP-seq ZNF585B genetically modified (insertion) using site-specific recombination targeting H. sapiens ZNF585B	TF ChIP-seq	HEK293	embryonic	CELL_LINE	encode
CHIP_TF	192	EFO:0001182 TF ChIP-seq ZNF596 genetically modified (insertion) using site-specific recombination targeting H. sapiens ZNF596	TF ChIP-seq	HEK293	embryonic	CELL_LINE	encode
CHIP_TF	193	EFO:0001182 TF ChIP-seq ZNF600 genetically modified (insertion) using site-specific recombination targeting H. sapiens ZNF600	TF ChIP-seq	HEK293	embryonic	CELL_LINE	encode
CHIP_TF	194	EFO:0001182 TF ChIP-seq ZNF610 genetically modified (insertion) using site-specific recombination targeting H. sapiens ZNF610	TF ChIP-seq	HEK293	embryonic	CELL_LINE	encode
CHIP_TF	195	EFO:0001182 TF ChIP-seq ZNF623 genetically modified (insertion) using site-specific recombination targeting H. sapiens ZNF623	TF ChIP-seq	HEK293	embryonic	CELL_LINE	encode
CHIP_TF	196	EFO:0001182 TF ChIP-seq ZNF629 genetically modified (insertion) using site-specific recombination targeting H. sapiens ZNF629	TF ChIP-seq	HEK293	embryonic	CELL_LINE	encode
CHIP_TF	197	EFO:0001182 TF ChIP-seq ZNF639 genetically modified (insertion) using site-specific recombination targeting H. sapiens ZNF639	TF ChIP-seq	HEK293	embryonic	CELL_LINE	encode
CHIP_TF	198	EFO:0001182 TF ChIP-seq ZNF654 genetically modified (insertion) using site-specific recombination targeting H. sapiens ZNF654	TF ChIP-seq	HEK293	embryonic	CELL_LINE	encode
CHIP_TF	199	EFO:0001182 TF ChIP-seq ZNF660 genetically modified (insertion) using site-specific recombination targeting H. sapiens ZNF660	TF ChIP-seq	HEK293	embryonic	CELL_LINE	encode
CHIP_TF	200	EFO:0001182 TF ChIP-seq ZNF664 genetically modified (insertion) using site-specific recombination targeting H. sapiens ZNF664	TF ChIP-seq	HEK293	embryonic	CELL_LINE	encode
CHIP_TF	201	EFO:0001182 TF ChIP-seq ZNF680 genetically modified (insertion) using site-specific recombination targeting H. sapiens ZNF680	TF ChIP-seq	HEK293	embryonic	CELL_LINE	encode
CHIP_TF	202	EFO:0001182 TF ChIP-seq ZNF692 genetically modified (insertion) using site-specific recombination targeting H. sapiens ZNF692	TF ChIP-seq	HEK293	embryonic	CELL_LINE	encode
CHIP_TF	203	EFO:0001182 TF ChIP-seq ZNF76 genetically modified (insertion) using site-specific recombination targeting H. sapiens ZNF76	TF ChIP-seq	HEK293	embryonic	CELL_LINE	encode
CHIP_TF	204	EFO:0001182 TF ChIP-seq ZNF770 genetically modified (insertion) using site-specific recombination targeting H. sapiens ZNF770	TF ChIP-seq	HEK293	embryonic	CELL_LINE	encode
CHIP_TF	205	EFO:0001182 TF ChIP-seq ZNF843 genetically modified (insertion) using site-specific recombination targeting H. sapiens ZNF843	TF ChIP-seq	HEK293	embryonic	CELL_LINE	encode
CHIP_TF	206	EFO:0001182 TF ChIP-seq ZSCAN21 genetically modified (insertion) using site-specific recombination targeting H. sapiens ZSCAN21	TF ChIP-seq	HEK293	embryonic	CELL_LINE	encode
CHIP_TF	207	EFO:0001182 TF ChIP-seq ZSCAN30 genetically modified (insertion) using site-specific recombination targeting H. sapiens ZSCAN30	TF ChIP-seq	HEK293	embryonic	CELL_LINE	encode
CHIP_TF	208	EFO:0001182 TF ChIP-seq ZSCAN4 genetically modified (insertion) using site-specific recombination targeting H. sapiens ZSCAN4	TF ChIP-seq	HEK293	embryonic	CELL_LINE	encode
CHIP_TF	209	EFO:0001182 TF ChIP-seq ZSCAN5C genetically modified (insertion) using site-specific recombination targeting H. sapiens ZSCAN5C	TF ChIP-seq	HEK293	embryonic	CELL_LINE	encode
CHIP_TF	210	EFO:0001182 TF ChIP-seq ZXDB genetically modified (insertion) using site-specific recombination targeting H. sapiens ZXDB	TF ChIP-seq	HEK293	embryonic	CELL_LINE	encode
CHIP_TF	211	EFO:0001184 TF ChIP-seq ELF4	TF ChIP-seq	HEK293T	embryonic	CELL_LINE	encode
CHIP_TF	212	EFO:0001184 TF ChIP-seq L3MBTL2	TF ChIP-seq	HEK293T	embryonic	CELL_LINE	encode
CHIP_TF	213	EFO:0001184 TF ChIP-seq PKNOX1	TF ChIP-seq	HEK293T	embryonic	CELL_LINE	encode
CHIP_TF	214	EFO:0001184 TF ChIP-seq ZFX	TF ChIP-seq	HEK293T	embryonic	CELL_LINE	encode
CHIP_TF	215	EFO:0001184 TF ChIP-seq ZNF384	TF ChIP-seq	HEK293T	embryonic	CELL_LINE	encode
CHIP_TF	216	EFO:0001187 TF ChIP-seq AFF4 genetically modified (insertion) using CRISPR targeting H. sapiens AFF4	TF ChIP-seq	HepG2	child	CELL_LINE	encode
CHIP_TF	217	EFO:0001187 TF ChIP-seq AGO2	TF ChIP-seq	HepG2	child	CELL_LINE	encode
CHIP_TF	218	EFO:0001187 TF ChIP-seq AHDC1 genetically modified (insertion) using CRISPR targeting H. sapiens AHDC1	TF ChIP-seq	HepG2	child	CELL_LINE	encode
CHIP_TF	219	EFO:0001187 TF ChIP-seq AHR genetically modified (insertion) using CRISPR targeting H. sapiens AHR	TF ChIP-seq	HepG2	child	CELL_LINE	encode
CHIP_TF	220	EFO:0001187 TF ChIP-seq AKAP8 genetically modified (insertion) using CRISPR targeting H. sapiens AKAP8	TF ChIP-seq	HepG2	child	CELL_LINE	encode
CHIP_TF	221	EFO:0001187 TF ChIP-seq ARHGAP35 genetically modified (insertion) using CRISPR targeting H. sapiens ARHGAP35	TF ChIP-seq	HepG2	child	CELL_LINE	encode
CHIP_TF	222	EFO:0001187 TF ChIP-seq ARID2 genetically modified (insertion) using CRISPR targeting H. sapiens ARID2	TF ChIP-seq	HepG2	child	CELL_LINE	encode
CHIP_TF	223	EFO:0001187 TF ChIP-seq ARID3A	TF ChIP-seq	HepG2	child	CELL_LINE	encode
CHIP_TF	224	EFO:0001187 TF ChIP-seq ARID3A genetically modified (insertion) using CRISPR targeting H. sapiens ARID3A	TF ChIP-seq	HepG2	child	CELL_LINE	encode
CHIP_TF	225	EFO:0001187 TF ChIP-seq ARID4A genetically modified (insertion) using CRISPR targeting H. sapiens ARID4A	TF ChIP-seq	HepG2	child	CELL_LINE	encode
CHIP_TF	226	EFO:0001187 TF ChIP-seq ARID4B genetically modified (insertion) using CRISPR targeting H. sapiens ARID4B	TF ChIP-seq	HepG2	child	CELL_LINE	encode
CHIP_TF	227	EFO:0001187 TF ChIP-seq ARID5B genetically modified (insertion) using CRISPR targeting H. sapiens ARID5B	TF ChIP-seq	HepG2	child	CELL_LINE	encode
CHIP_TF	228	EFO:0001187 TF ChIP-seq ARNT2 genetically modified (insertion) using CRISPR targeting H. sapiens ARNT2	TF ChIP-seq	HepG2	child	CELL_LINE	encode
CHIP_TF	229	EFO:0001187 TF ChIP-seq ARNTL genetically modified (insertion) using CRISPR targeting H. sapiens ARNTL	TF ChIP-seq	HepG2	child	CELL_LINE	encode
CHIP_TF	230	EFO:0001187 TF ChIP-seq ASH2L	TF ChIP-seq	HepG2	child	CELL_LINE	encode
CHIP_TF	231	EFO:0001187 TF ChIP-seq ATF1 genetically modified (insertion) using CRISPR targeting H. sapiens ATF1	TF ChIP-seq	HepG2	child	CELL_LINE	encode
CHIP_TF	232	EFO:0001187 TF ChIP-seq ATF2	TF ChIP-seq	HepG2	child	CELL_LINE	encode
CHIP_TF	233	EFO:0001187 TF ChIP-seq ATF2 genetically modified (insertion) using CRISPR targeting H. sapiens ATF2	TF ChIP-seq	HepG2	child	CELL_LINE	encode
CHIP_TF	234	EFO:0001187 TF ChIP-seq ATF3 genetically modified (insertion) using CRISPR targeting H. sapiens ATF3	TF ChIP-seq	HepG2	child	CELL_LINE	encode
CHIP_TF	235	EFO:0001187 TF ChIP-seq ATF4 genetically modified (insertion) using CRISPR targeting H. sapiens ATF4	TF ChIP-seq	HepG2	child	CELL_LINE	encode
CHIP_TF	236	EFO:0001187 TF ChIP-seq ATF7	TF ChIP-seq	HepG2	child	CELL_LINE	encode
CHIP_TF	237	EFO:0001187 TF ChIP-seq ATF7 genetically modified (insertion) using CRISPR targeting H. sapiens ATF7	TF ChIP-seq	HepG2	child	CELL_LINE	encode
CHIP_TF	238	EFO:0001187 TF ChIP-seq ATF7-NPFF genetically modified (insertion) using CRISPR targeting H. sapiens ATF7	TF ChIP-seq	HepG2	child	CELL_LINE	encode
CHIP_TF	239	EFO:0001187 TF ChIP-seq BATF2 genetically modified (insertion) using CRISPR targeting H. sapiens BATF2	TF ChIP-seq	HepG2	child	CELL_LINE	encode
CHIP_TF	240	EFO:0001187 TF ChIP-seq BAZ2A genetically modified (insertion) using CRISPR targeting H. sapiens BAZ2A	TF ChIP-seq	HepG2	child	CELL_LINE	encode
CHIP_TF	241	EFO:0001187 TF ChIP-seq BCL3 genetically modified (insertion) using CRISPR targeting H. sapiens BCL3	TF ChIP-seq	HepG2	child	CELL_LINE	encode
CHIP_TF	242	EFO:0001187 TF ChIP-seq BCL6 genetically modified (insertion) using CRISPR targeting H. sapiens BCL6	TF ChIP-seq	HepG2	child	CELL_LINE	encode
CHIP_TF	243	EFO:0001187 TF ChIP-seq BCLAF1	TF ChIP-seq	HepG2	child	CELL_LINE	encode
CHIP_TF	244	EFO:0001187 TF ChIP-seq BHLHE40	TF ChIP-seq	HepG2	child	CELL_LINE	encode
CHIP_TF	245	EFO:0001187 TF ChIP-seq BORCS8-MEF2B genetically modified (insertion) using CRISPR targeting H. sapiens BORCS8	TF ChIP-seq	HepG2	child	CELL_LINE	encode
CHIP_TF	246	EFO:0001187 TF ChIP-seq BRCA1 genetically modified (insertion) using CRISPR targeting H. sapiens BRCA1	TF ChIP-seq	HepG2	child	CELL_LINE	encode
CHIP_TF	247	EFO:0001187 TF ChIP-seq BRD4 genetically modified (insertion) using CRISPR targeting H. sapiens BRD4	TF ChIP-seq	HepG2	child	CELL_LINE	encode
CHIP_TF	248	EFO:0001187 TF ChIP-seq BRF2 genetically modified (insertion) using CRISPR targeting H. sapiens BRF2	TF ChIP-seq	HepG2	child	CELL_LINE	encode
CHIP_TF	249	EFO:0001187 TF ChIP-seq CAMTA2 genetically modified (insertion) using CRISPR targeting H. sapiens CAMTA2	TF ChIP-seq	HepG2	child	CELL_LINE	encode
CHIP_TF	250	EFO:0001187 TF ChIP-seq CBFB genetically modified (insertion) using CRISPR targeting H. sapiens CBFB	TF ChIP-seq	HepG2	child	CELL_LINE	encode
CHIP_TF	251	EFO:0001187 TF ChIP-seq CBX1	TF ChIP-seq	HepG2	child	CELL_LINE	encode
CHIP_TF	252	EFO:0001187 TF ChIP-seq CBX5 genetically modified (insertion) using CRISPR targeting H. sapiens CBX5	TF ChIP-seq	HepG2	child	CELL_LINE	encode
CHIP_TF	253	EFO:0001187 TF ChIP-seq CCDC6 genetically modified (insertion) using CRISPR targeting H. sapiens CCDC6	TF ChIP-seq	HepG2	child	CELL_LINE	encode
CHIP_TF	254	EFO:0001187 TF ChIP-seq CEBPA genetically modified (insertion) using CRISPR targeting H. sapiens CEBPA	TF ChIP-seq	HepG2	child	CELL_LINE	encode
CHIP_TF	255	EFO:0001187 TF ChIP-seq CEBPB	TF ChIP-seq	HepG2	child	CELL_LINE	encode
CHIP_TF	256	EFO:0001187 TF ChIP-seq CEBPD genetically modified (insertion) using CRISPR targeting H. sapiens CEBPD	TF ChIP-seq	HepG2	child	CELL_LINE	encode
CHIP_TF	257	EFO:0001187 TF ChIP-seq CEBPG genetically modified (insertion) using CRISPR targeting H. sapiens CEBPG	TF ChIP-seq	HepG2	child	CELL_LINE	encode
CHIP_TF	258	EFO:0001187 TF ChIP-seq CHD2	TF ChIP-seq	HepG2	child	CELL_LINE	encode
CHIP_TF	259	EFO:0001187 TF ChIP-seq CHD4	TF ChIP-seq	HepG2	child	CELL_LINE	encode
CHIP_TF	260	EFO:0001187 TF ChIP-seq CREB1	TF ChIP-seq	HepG2	child	CELL_LINE	encode
CHIP_TF	261	EFO:0001187 TF ChIP-seq CREB1 genetically modified (insertion) using CRISPR targeting H. sapiens CREB1	TF ChIP-seq	HepG2	child	CELL_LINE	encode
CHIP_TF	262	EFO:0001187 TF ChIP-seq CREM	TF ChIP-seq	HepG2	child	CELL_LINE	encode
CHIP_TF	263	EFO:0001187 TF ChIP-seq CSRNP1 genetically modified (insertion) using CRISPR targeting H. sapiens CSRNP1	TF ChIP-seq	HepG2	child	CELL_LINE	encode
CHIP_TF	264	EFO:0001187 TF ChIP-seq CTCF	TF ChIP-seq	HepG2	child	CELL_LINE	encode
CHIP_TF	265	EFO:0001187 TF ChIP-seq CTCF genetically modified (insertion) using CRISPR targeting H. sapiens CTCF	TF ChIP-seq	HepG2	child	CELL_LINE	encode
CHIP_TF	266	EFO:0001187 TF ChIP-seq DLX6 genetically modified (insertion) using CRISPR targeting H. sapiens DLX6	TF ChIP-seq	HepG2	child	CELL_LINE	encode
CHIP_TF	267	EFO:0001187 TF ChIP-seq DMAP1 genetically modified (insertion) using CRISPR targeting H. sapiens DMAP1	TF ChIP-seq	HepG2	child	CELL_LINE	encode
CHIP_TF	268	EFO:0001187 TF ChIP-seq DNMT1 genetically modified (insertion) using CRISPR targeting H. sapiens DNMT1	TF ChIP-seq	HepG2	child	CELL_LINE	encode
CHIP_TF	269	EFO:0001187 TF ChIP-seq DNMT3B genetically modified (insertion) using CRISPR targeting H. sapiens DNMT3B	TF ChIP-seq	HepG2	child	CELL_LINE	encode
CHIP_TF	270	EFO:0001187 TF ChIP-seq DPF2 genetically modified (insertion) using CRISPR targeting H. sapiens DPF2	TF ChIP-seq	HepG2	child	CELL_LINE	encode
CHIP_TF	271	EFO:0001187 TF ChIP-seq DR1 genetically modified (insertion) using CRISPR targeting H. sapiens DR1	TF ChIP-seq	HepG2	child	CELL_LINE	encode
CHIP_TF	272	EFO:0001187 TF ChIP-seq DRAP1 genetically modified (insertion) using CRISPR targeting H. sapiens DRAP1	TF ChIP-seq	HepG2	child	CELL_LINE	encode
CHIP_TF	273	EFO:0001187 TF ChIP-seq DZIP1 genetically modified (insertion) using CRISPR targeting H. sapiens DZIP1	TF ChIP-seq	HepG2	child	CELL_LINE	encode
CHIP_TF	274	EFO:0001187 TF ChIP-seq E2F1 genetically modified (insertion) using CRISPR targeting H. sapiens E2F1	TF ChIP-seq	HepG2	child	CELL_LINE	encode
CHIP_TF	275	EFO:0001187 TF ChIP-seq E2F4 genetically modified (insertion) using CRISPR targeting H. sapiens E2F4	TF ChIP-seq	HepG2	child	CELL_LINE	encode
CHIP_TF	276	EFO:0001187 TF ChIP-seq E2F5 genetically modified (insertion) using CRISPR targeting H. sapiens E2F5	TF ChIP-seq	HepG2	child	CELL_LINE	encode
CHIP_TF	277	EFO:0001187 TF ChIP-seq E2F8 genetically modified (insertion) using CRISPR targeting H. sapiens E2F8	TF ChIP-seq	HepG2	child	CELL_LINE	encode
CHIP_TF	278	EFO:0001187 TF ChIP-seq EEA1 genetically modified (insertion) using CRISPR targeting H. sapiens EEA1	TF ChIP-seq	HepG2	child	CELL_LINE	encode
CHIP_TF	279	EFO:0001187 TF ChIP-seq EED genetically modified (insertion) using CRISPR targeting H. sapiens EED	TF ChIP-seq	HepG2	child	CELL_LINE	encode
CHIP_TF	280	EFO:0001187 TF ChIP-seq EGR1 genetically modified (insertion) using CRISPR targeting H. sapiens EGR1	TF ChIP-seq	HepG2	child	CELL_LINE	encode
CHIP_TF	281	EFO:0001187 TF ChIP-seq EHMT2	TF ChIP-seq	HepG2	child	CELL_LINE	encode
CHIP_TF	282	EFO:0001187 TF ChIP-seq ELF1	TF ChIP-seq	HepG2	child	CELL_LINE	encode
CHIP_TF	283	EFO:0001187 TF ChIP-seq ELF1 genetically modified (insertion) using CRISPR targeting H. sapiens ELF1	TF ChIP-seq	HepG2	child	CELL_LINE	encode
CHIP_TF	284	EFO:0001187 TF ChIP-seq ELF3 genetically modified (insertion) using CRISPR targeting H. sapiens ELF3	TF ChIP-seq	HepG2	child	CELL_LINE	encode
CHIP_TF	285	EFO:0001187 TF ChIP-seq ELF4 genetically modified (insertion) using CRISPR targeting H. sapiens ELF4	TF ChIP-seq	HepG2	child	CELL_LINE	encode
CHIP_TF	286	EFO:0001187 TF ChIP-seq ELK1 genetically modified (insertion) using CRISPR targeting H. sapiens ELK1	TF ChIP-seq	HepG2	child	CELL_LINE	encode
CHIP_TF	287	EFO:0001187 TF ChIP-seq EP300	TF ChIP-seq	HepG2	child	CELL_LINE	encode
CHIP_TF	288	EFO:0001187 TF ChIP-seq EP300 genetically modified (insertion) using CRISPR targeting H. sapiens EP300	TF ChIP-seq	HepG2	child	CELL_LINE	encode
CHIP_TF	289	EFO:0001187 TF ChIP-seq ERF genetically modified (insertion) using CRISPR targeting H. sapiens ERF	TF ChIP-seq	HepG2	child	CELL_LINE	encode
CHIP_TF	290	EFO:0001187 TF ChIP-seq ESRRA genetically modified (insertion) using CRISPR targeting H. sapiens ESRRA	TF ChIP-seq	HepG2	child	CELL_LINE	encode
CHIP_TF	291	EFO:0001187 TF ChIP-seq ETS1	TF ChIP-seq	HepG2	child	CELL_LINE	encode
CHIP_TF	292	EFO:0001187 TF ChIP-seq ETV4	TF ChIP-seq	HepG2	child	CELL_LINE	encode
CHIP_TF	293	EFO:0001187 TF ChIP-seq ETV4 genetically modified (insertion) using CRISPR targeting H. sapiens ETV4	TF ChIP-seq	HepG2	child	CELL_LINE	encode
CHIP_TF	294	EFO:0001187 TF ChIP-seq ETV5 genetically modified (insertion) using CRISPR targeting H. sapiens ETV5	TF ChIP-seq	HepG2	child	CELL_LINE	encode
CHIP_TF	295	EFO:0001187 TF ChIP-seq ETV6 genetically modified (insertion) using CRISPR targeting H. sapiens ETV6	TF ChIP-seq	HepG2	child	CELL_LINE	encode
CHIP_TF	296	EFO:0001187 TF ChIP-seq EZH2	TF ChIP-seq	HepG2	child	CELL_LINE	encode
CHIP_TF	297	EFO:0001187 TF ChIP-seq FBXL19 genetically modified (insertion) using CRISPR targeting H. sapiens FBXL19	TF ChIP-seq	HepG2	child	CELL_LINE	encode
CHIP_TF	298	EFO:0001187 TF ChIP-seq FOSL1 genetically modified (insertion) using CRISPR targeting H. sapiens FOSL1	TF ChIP-seq	HepG2	child	CELL_LINE	encode
CHIP_TF	299	EFO:0001187 TF ChIP-seq FOSL2	TF ChIP-seq	HepG2	child	CELL_LINE	encode
CHIP_TF	300	EFO:0001187 TF ChIP-seq FOSL2 genetically modified (insertion) using CRISPR targeting H. sapiens FOSL2	TF ChIP-seq	HepG2	child	CELL_LINE	encode
CHIP_TF	301	EFO:0001187 TF ChIP-seq FOXA1	TF ChIP-seq	HepG2	child	CELL_LINE	encode
CHIP_TF	302	EFO:0001187 TF ChIP-seq FOXA1 genetically modified (insertion) using CRISPR targeting H. sapiens FOXA1	TF ChIP-seq	HepG2	child	CELL_LINE	encode
CHIP_TF	303	EFO:0001187 TF ChIP-seq FOXA2	TF ChIP-seq	HepG2	child	CELL_LINE	encode
CHIP_TF	304	EFO:0001187 TF ChIP-seq FOXA2 genetically modified (insertion) using CRISPR targeting H. sapiens FOXA2	TF ChIP-seq	HepG2	child	CELL_LINE	encode
CHIP_TF	305	EFO:0001187 TF ChIP-seq FOXA3 genetically modified (insertion) using CRISPR targeting H. sapiens FOXA3	TF ChIP-seq	HepG2	child	CELL_LINE	encode
CHIP_TF	306	EFO:0001187 TF ChIP-seq FOXC1 genetically modified (insertion) using CRISPR targeting H. sapiens FOXC1	TF ChIP-seq	HepG2	child	CELL_LINE	encode
CHIP_TF	307	EFO:0001187 TF ChIP-seq FOXJ3 genetically modified (insertion) using CRISPR targeting H. sapiens FOXJ3	TF ChIP-seq	HepG2	child	CELL_LINE	encode
CHIP_TF	308	EFO:0001187 TF ChIP-seq FOXK1 genetically modified (insertion) using CRISPR targeting H. sapiens FOXK1	TF ChIP-seq	HepG2	child	CELL_LINE	encode
CHIP_TF	309	EFO:0001187 TF ChIP-seq FOXO1 genetically modified (insertion) using CRISPR targeting H. sapiens FOXO1	TF ChIP-seq	HepG2	child	CELL_LINE	encode
CHIP_TF	310	EFO:0001187 TF ChIP-seq FOXO4 genetically modified (insertion) using CRISPR targeting H. sapiens FOXO4	TF ChIP-seq	HepG2	child	CELL_LINE	encode
CHIP_TF	311	EFO:0001187 TF ChIP-seq FOXP1 genetically modified (insertion) using CRISPR targeting H. sapiens FOXP1	TF ChIP-seq	HepG2	child	CELL_LINE	encode
CHIP_TF	312	EFO:0001187 TF ChIP-seq FOXP4 genetically modified (insertion) using CRISPR targeting H. sapiens FOXP4	TF ChIP-seq	HepG2	child	CELL_LINE	encode
CHIP_TF	313	EFO:0001187 TF ChIP-seq FOXQ1 genetically modified (insertion) using CRISPR targeting H. sapiens FOXQ1	TF ChIP-seq	HepG2	child	CELL_LINE	encode
CHIP_TF	314	EFO:0001187 TF ChIP-seq FUS	TF ChIP-seq	HepG2	child	CELL_LINE	encode
CHIP_TF	315	EFO:0001187 TF ChIP-seq GABPA	TF ChIP-seq	HepG2	child	CELL_LINE	encode
CHIP_TF	316	EFO:0001187 TF ChIP-seq GABPA genetically modified (insertion) using CRISPR targeting H. sapiens GABPA	TF ChIP-seq	HepG2	child	CELL_LINE	encode
CHIP_TF	317	EFO:0001187 TF ChIP-seq GABPB1 genetically modified (insertion) using CRISPR targeting H. sapiens GABPB1	TF ChIP-seq	HepG2	child	CELL_LINE	encode
CHIP_TF	318	EFO:0001187 TF ChIP-seq GATA2 genetically modified (insertion) using CRISPR targeting H. sapiens GATA2	TF ChIP-seq	HepG2	child	CELL_LINE	encode
CHIP_TF	319	EFO:0001187 TF ChIP-seq GATA4	TF ChIP-seq	HepG2	child	CELL_LINE	encode
CHIP_TF	320	EFO:0001187 TF ChIP-seq GATAD1 genetically modified (insertion) using CRISPR targeting H. sapiens GATAD1	TF ChIP-seq	HepG2	child	CELL_LINE	encode
CHIP_TF	321	EFO:0001187 TF ChIP-seq GATAD2A genetically modified (insertion) using CRISPR targeting H. sapiens GATAD2A	TF ChIP-seq	HepG2	child	CELL_LINE	encode
CHIP_TF	322	EFO:0001187 TF ChIP-seq GATAD2B genetically modified (insertion) using CRISPR targeting H. sapiens GATAD2B	TF ChIP-seq	HepG2	child	CELL_LINE	encode
CHIP_TF	323	EFO:0001187 TF ChIP-seq GFI1 genetically modified (insertion) using CRISPR targeting H. sapiens GFI1	TF ChIP-seq	HepG2	child	CELL_LINE	encode
CHIP_TF	324	EFO:0001187 TF ChIP-seq GLI4 genetically modified (insertion) using CRISPR targeting H. sapiens GLI4	TF ChIP-seq	HepG2	child	CELL_LINE	encode
CHIP_TF	325	EFO:0001187 TF ChIP-seq GLYR1 genetically modified (insertion) using CRISPR targeting H. sapiens GLYR1	TF ChIP-seq	HepG2	child	CELL_LINE	encode
CHIP_TF	326	EFO:0001187 TF ChIP-seq GMEB1 genetically modified (insertion) using CRISPR targeting H. sapiens GMEB1	TF ChIP-seq	HepG2	child	CELL_LINE	encode
CHIP_TF	327	EFO:0001187 TF ChIP-seq GMEB2 genetically modified (insertion) using CRISPR targeting H. sapiens GMEB2	TF ChIP-seq	HepG2	child	CELL_LINE	encode
CHIP_TF	328	EFO:0001187 TF ChIP-seq GPBP1L1 genetically modified (insertion) using CRISPR targeting H. sapiens GPBP1L1	TF ChIP-seq	HepG2	child	CELL_LINE	encode
CHIP_TF	329	EFO:0001187 TF ChIP-seq GZF1 genetically modified (insertion) using CRISPR targeting H. sapiens GZF1	TF ChIP-seq	HepG2	child	CELL_LINE	encode
CHIP_TF	330	EFO:0001187 TF ChIP-seq HBP1 genetically modified (insertion) using CRISPR targeting H. sapiens HBP1	TF ChIP-seq	HepG2	child	CELL_LINE	encode
CHIP_TF	331	EFO:0001187 TF ChIP-seq HCFC1	TF ChIP-seq	HepG2	child	CELL_LINE	encode
CHIP_TF	332	EFO:0001187 TF ChIP-seq HDAC1	TF ChIP-seq	HepG2	child	CELL_LINE	encode
CHIP_TF	333	EFO:0001187 TF ChIP-seq HDAC1 genetically modified (insertion) using CRISPR targeting H. sapiens HDAC1	TF ChIP-seq	HepG2	child	CELL_LINE	encode
CHIP_TF	334	EFO:0001187 TF ChIP-seq HDAC2	TF ChIP-seq	HepG2	child	CELL_LINE	encode
CHIP_TF	335	EFO:0001187 TF ChIP-seq HDAC2 genetically modified (insertion) using CRISPR targeting H. sapiens HDAC2	TF ChIP-seq	HepG2	child	CELL_LINE	encode
CHIP_TF	336	EFO:0001187 TF ChIP-seq HES4 genetically modified (insertion) using CRISPR targeting H. sapiens HES4	TF ChIP-seq	HepG2	child	CELL_LINE	encode
CHIP_TF	337	EFO:0001187 TF ChIP-seq HHEX genetically modified (insertion) using CRISPR targeting H. sapiens HHEX	TF ChIP-seq	HepG2	child	CELL_LINE	encode
CHIP_TF	338	EFO:0001187 TF ChIP-seq HIC2 genetically modified (insertion) using CRISPR targeting H. sapiens HIC2	TF ChIP-seq	HepG2	child	CELL_LINE	encode
CHIP_TF	339	EFO:0001187 TF ChIP-seq HINFP genetically modified (insertion) using CRISPR targeting H. sapiens HINFP	TF ChIP-seq	HepG2	child	CELL_LINE	encode
CHIP_TF	340	EFO:0001187 TF ChIP-seq HIVEP1 genetically modified (insertion) using CRISPR targeting H. sapiens HIVEP1	TF ChIP-seq	HepG2	child	CELL_LINE	encode
CHIP_TF	341	EFO:0001187 TF ChIP-seq HLF genetically modified (insertion) using CRISPR targeting H. sapiens HLF	TF ChIP-seq	HepG2	child	CELL_LINE	encode
CHIP_TF	342	EFO:0001187 TF ChIP-seq HMG20A genetically modified (insertion) using CRISPR targeting H. sapiens HMG20A	TF ChIP-seq	HepG2	child	CELL_LINE	encode
CHIP_TF	343	EFO:0001187 TF ChIP-seq HMG20B genetically modified (insertion) using CRISPR targeting H. sapiens HMG20B	TF ChIP-seq	HepG2	child	CELL_LINE	encode
CHIP_TF	344	EFO:0001187 TF ChIP-seq HMGA1 genetically modified (insertion) using CRISPR targeting H. sapiens HMGA1	TF ChIP-seq	HepG2	child	CELL_LINE	encode
CHIP_TF	345	EFO:0001187 TF ChIP-seq HMGXB3 genetically modified (insertion) using CRISPR targeting H. sapiens HMGXB3	TF ChIP-seq	HepG2	child	CELL_LINE	encode
CHIP_TF	346	EFO:0001187 TF ChIP-seq HMGXB4 genetically modified (insertion) using CRISPR targeting H. sapiens HMGXB4	TF ChIP-seq	HepG2	child	CELL_LINE	encode
CHIP_TF	347	EFO:0001187 TF ChIP-seq HNF1A	TF ChIP-seq	HepG2	child	CELL_LINE	encode
CHIP_TF	348	EFO:0001187 TF ChIP-seq HNF1A genetically modified (insertion) using CRISPR targeting H. sapiens HNF1A	TF ChIP-seq	HepG2	child	CELL_LINE	encode
CHIP_TF	349	EFO:0001187 TF ChIP-seq HNF1B genetically modified (insertion) using CRISPR targeting H. sapiens HNF1B	TF ChIP-seq	HepG2	child	CELL_LINE	encode
CHIP_TF	350	EFO:0001187 TF ChIP-seq HNF4A	TF ChIP-seq	HepG2	child	CELL_LINE	encode
CHIP_TF	351	EFO:0001187 TF ChIP-seq HNF4A genetically modified (insertion) using CRISPR targeting H. sapiens HNF4A	TF ChIP-seq	HepG2	child	CELL_LINE	encode
CHIP_TF	352	EFO:0001187 TF ChIP-seq HNF4G	TF ChIP-seq	HepG2	child	CELL_LINE	encode
CHIP_TF	353	EFO:0001187 TF ChIP-seq HNF4G genetically modified (insertion) using CRISPR targeting H. sapiens HNF4G	TF ChIP-seq	HepG2	child	CELL_LINE	encode
CHIP_TF	354	EFO:0001187 TF ChIP-seq HNRNPL	TF ChIP-seq	HepG2	child	CELL_LINE	encode
CHIP_TF	355	EFO:0001187 TF ChIP-seq HOMEZ genetically modified (insertion) using CRISPR targeting H. sapiens HOMEZ	TF ChIP-seq	HepG2	child	CELL_LINE	encode
CHIP_TF	356	EFO:0001187 TF ChIP-seq HOXA10 genetically modified (insertion) using CRISPR targeting H. sapiens HOXA10	TF ChIP-seq	HepG2	child	CELL_LINE	encode
CHIP_TF	357	EFO:0001187 TF ChIP-seq HOXA3 genetically modified (insertion) using CRISPR targeting H. sapiens HOXA3	TF ChIP-seq	HepG2	child	CELL_LINE	encode
CHIP_TF	358	EFO:0001187 TF ChIP-seq HOXA5 genetically modified (insertion) using CRISPR targeting H. sapiens HOXA5	TF ChIP-seq	HepG2	child	CELL_LINE	encode
CHIP_TF	359	EFO:0001187 TF ChIP-seq HOXA9 genetically modified (insertion) using CRISPR targeting H. sapiens HOXA9	TF ChIP-seq	HepG2	child	CELL_LINE	encode
CHIP_TF	360	EFO:0001187 TF ChIP-seq HOXD1 genetically modified (insertion) using CRISPR targeting H. sapiens HOXD1	TF ChIP-seq	HepG2	child	CELL_LINE	encode
CHIP_TF	361	EFO:0001187 TF ChIP-seq IKZF5 genetically modified (insertion) using CRISPR targeting H. sapiens IKZF5	TF ChIP-seq	HepG2	child	CELL_LINE	encode
CHIP_TF	362	EFO:0001187 TF ChIP-seq IRF2 genetically modified (insertion) using CRISPR targeting H. sapiens IRF2	TF ChIP-seq	HepG2	child	CELL_LINE	encode
CHIP_TF	363	EFO:0001187 TF ChIP-seq IRF5 genetically modified (insertion) using CRISPR targeting H. sapiens IRF5	TF ChIP-seq	HepG2	child	CELL_LINE	encode
CHIP_TF	364	EFO:0001187 TF ChIP-seq IRF9 genetically modified (insertion) using CRISPR targeting H. sapiens IRF9	TF ChIP-seq	HepG2	child	CELL_LINE	encode
CHIP_TF	365	EFO:0001187 TF ChIP-seq IRX3 genetically modified (insertion) using CRISPR targeting H. sapiens IRX3	TF ChIP-seq	HepG2	child	CELL_LINE	encode
CHIP_TF	366	EFO:0001187 TF ChIP-seq ISL2 genetically modified (insertion) using CRISPR targeting H. sapiens ISL2	TF ChIP-seq	HepG2	child	CELL_LINE	encode
CHIP_TF	367	EFO:0001187 TF ChIP-seq JRK genetically modified (insertion) using CRISPR targeting H. sapiens JRK	TF ChIP-seq	HepG2	child	CELL_LINE	encode
CHIP_TF	368	EFO:0001187 TF ChIP-seq JUN	TF ChIP-seq	HepG2	child	CELL_LINE	encode
CHIP_TF	369	EFO:0001187 TF ChIP-seq JUN genetically modified (insertion) using CRISPR targeting H. sapiens JUN	TF ChIP-seq	HepG2	child	CELL_LINE	encode
CHIP_TF	370	EFO:0001187 TF ChIP-seq JUNB genetically modified (insertion) using CRISPR targeting H. sapiens JUNB	TF ChIP-seq	HepG2	child	CELL_LINE	encode
CHIP_TF	371	EFO:0001187 TF ChIP-seq JUND	TF ChIP-seq	HepG2	child	CELL_LINE	encode
CHIP_TF	372	EFO:0001187 TF ChIP-seq JUND genetically modified (insertion) using CRISPR targeting H. sapiens JUND	TF ChIP-seq	HepG2	child	CELL_LINE	encode
CHIP_TF	373	EFO:0001187 TF ChIP-seq KAT7 genetically modified (insertion) using CRISPR targeting H. sapiens KAT7	TF ChIP-seq	HepG2	child	CELL_LINE	encode
CHIP_TF	374	EFO:0001187 TF ChIP-seq KAT8 genetically modified (insertion) using CRISPR targeting H. sapiens KAT8	TF ChIP-seq	HepG2	child	CELL_LINE	encode
CHIP_TF	375	EFO:0001187 TF ChIP-seq KDM1A	TF ChIP-seq	HepG2	child	CELL_LINE	encode
CHIP_TF	376	EFO:0001187 TF ChIP-seq KDM1A genetically modified (insertion) using CRISPR targeting H. sapiens KDM1A	TF ChIP-seq	HepG2	child	CELL_LINE	encode
CHIP_TF	377	EFO:0001187 TF ChIP-seq KDM2A genetically modified (insertion) using CRISPR targeting H. sapiens KDM2A	TF ChIP-seq	HepG2	child	CELL_LINE	encode
CHIP_TF	378	EFO:0001187 TF ChIP-seq KDM3A genetically modified (insertion) using CRISPR targeting H. sapiens KDM3A	TF ChIP-seq	HepG2	child	CELL_LINE	encode
CHIP_TF	379	EFO:0001187 TF ChIP-seq KDM4B genetically modified (insertion) using CRISPR targeting H. sapiens KDM4B	TF ChIP-seq	HepG2	child	CELL_LINE	encode
CHIP_TF	380	EFO:0001187 TF ChIP-seq KDM5A	TF ChIP-seq	HepG2	child	CELL_LINE	encode
CHIP_TF	381	EFO:0001187 TF ChIP-seq KDM5B genetically modified (insertion) using CRISPR targeting H. sapiens KDM5B	TF ChIP-seq	HepG2	child	CELL_LINE	encode
CHIP_TF	382	EFO:0001187 TF ChIP-seq KDM6A genetically modified (insertion) using CRISPR targeting H. sapiens KDM6A	TF ChIP-seq	HepG2	child	CELL_LINE	encode
CHIP_TF	383	EFO:0001187 TF ChIP-seq KLF11 genetically modified (insertion) using CRISPR targeting H. sapiens KLF11	TF ChIP-seq	HepG2	child	CELL_LINE	encode
CHIP_TF	384	EFO:0001187 TF ChIP-seq KLF12 genetically modified (insertion) using CRISPR targeting H. sapiens KLF12	TF ChIP-seq	HepG2	child	CELL_LINE	encode
CHIP_TF	385	EFO:0001187 TF ChIP-seq KLF16 genetically modified (insertion) using CRISPR targeting H. sapiens KLF16	TF ChIP-seq	HepG2	child	CELL_LINE	encode
CHIP_TF	386	EFO:0001187 TF ChIP-seq KLF6 genetically modified (insertion) using CRISPR targeting H. sapiens KLF6	TF ChIP-seq	HepG2	child	CELL_LINE	encode
CHIP_TF	387	EFO:0001187 TF ChIP-seq KLF9 genetically modified (insertion) using CRISPR targeting H. sapiens KLF9	TF ChIP-seq	HepG2	child	CELL_LINE	encode
CHIP_TF	388	EFO:0001187 TF ChIP-seq KMT2A genetically modified (insertion) using CRISPR targeting H. sapiens KMT2A	TF ChIP-seq	HepG2	child	CELL_LINE	encode
CHIP_TF	389	EFO:0001187 TF ChIP-seq KMT2B genetically modified (insertion) using CRISPR targeting H. sapiens KMT2B	TF ChIP-seq	HepG2	child	CELL_LINE	encode
CHIP_TF	390	EFO:0001187 TF ChIP-seq LBX2 genetically modified (insertion) using CRISPR targeting H. sapiens LBX2	TF ChIP-seq	HepG2	child	CELL_LINE	encode
CHIP_TF	391	EFO:0001187 TF ChIP-seq LCOR genetically modified (insertion) using CRISPR targeting H. sapiens LCOR	TF ChIP-seq	HepG2	child	CELL_LINE	encode
CHIP_TF	392	EFO:0001187 TF ChIP-seq LCORL genetically modified (insertion) using CRISPR targeting H. sapiens LCORL	TF ChIP-seq	HepG2	child	CELL_LINE	encode
CHIP_TF	393	EFO:0001187 TF ChIP-seq LIN54 genetically modified (insertion) using CRISPR targeting H. sapiens LIN54	TF ChIP-seq	HepG2	child	CELL_LINE	encode
CHIP_TF	394	EFO:0001187 TF ChIP-seq MAFF	TF ChIP-seq	HepG2	child	CELL_LINE	encode
CHIP_TF	395	EFO:0001187 TF ChIP-seq MAFK	TF ChIP-seq	HepG2	child	CELL_LINE	encode
CHIP_TF	396	EFO:0001187 TF ChIP-seq MAX	TF ChIP-seq	HepG2	child	CELL_LINE	encode
CHIP_TF	397	EFO:0001187 TF ChIP-seq MAX genetically modified (insertion) using CRISPR targeting H. sapiens MAX	TF ChIP-seq	HepG2	child	CELL_LINE	encode
CHIP_TF	398	EFO:0001187 TF ChIP-seq MAZ	TF ChIP-seq	HepG2	child	CELL_LINE	encode
CHIP_TF	399	EFO:0001187 TF ChIP-seq MAZ genetically modified (insertion) using CRISPR targeting H. sapiens MAZ	TF ChIP-seq	HepG2	child	CELL_LINE	encode
CHIP_TF	400	EFO:0001187 TF ChIP-seq MBD1 genetically modified (insertion) using CRISPR targeting H. sapiens MBD1	TF ChIP-seq	HepG2	child	CELL_LINE	encode
CHIP_TF	401	EFO:0001187 TF ChIP-seq MED1 genetically modified (insertion) using CRISPR targeting H. sapiens MED1	TF ChIP-seq	HepG2	child	CELL_LINE	encode
CHIP_TF	402	EFO:0001187 TF ChIP-seq MED13 genetically modified (insertion) using CRISPR targeting H. sapiens MED13	TF ChIP-seq	HepG2	child	CELL_LINE	encode
CHIP_TF	403	EFO:0001187 TF ChIP-seq MEF2A genetically modified (insertion) using CRISPR targeting H. sapiens MEF2A	TF ChIP-seq	HepG2	child	CELL_LINE	encode
CHIP_TF	404	EFO:0001187 TF ChIP-seq MEF2D genetically modified (insertion) using CRISPR targeting H. sapiens MEF2D	TF ChIP-seq	HepG2	child	CELL_LINE	encode
CHIP_TF	405	EFO:0001187 TF ChIP-seq MEIS1 genetically modified (insertion) using CRISPR targeting H. sapiens MEIS1	TF ChIP-seq	HepG2	child	CELL_LINE	encode
CHIP_TF	406	EFO:0001187 TF ChIP-seq MEIS2 genetically modified (insertion) using CRISPR targeting H. sapiens MEIS2	TF ChIP-seq	HepG2	child	CELL_LINE	encode
CHIP_TF	407	EFO:0001187 TF ChIP-seq MGA genetically modified (insertion) using CRISPR targeting H. sapiens MGA	TF ChIP-seq	HepG2	child	CELL_LINE	encode
CHIP_TF	408	EFO:0001187 TF ChIP-seq MIER2 genetically modified (insertion) using CRISPR targeting H. sapiens MIER2	TF ChIP-seq	HepG2	child	CELL_LINE	encode
CHIP_TF	409	EFO:0001187 TF ChIP-seq MIER3 genetically modified (insertion) using CRISPR targeting H. sapiens MIER3	TF ChIP-seq	HepG2	child	CELL_LINE	encode
CHIP_TF	410	EFO:0001187 TF ChIP-seq MIXL1 genetically modified (insertion) using CRISPR targeting H. sapiens MIXL1	TF ChIP-seq	HepG2	child	CELL_LINE	encode
CHIP_TF	411	EFO:0001187 TF ChIP-seq MLX genetically modified (insertion) using CRISPR targeting H. sapiens MLX	TF ChIP-seq	HepG2	child	CELL_LINE	encode
CHIP_TF	412	EFO:0001187 TF ChIP-seq MNT	TF ChIP-seq	HepG2	child	CELL_LINE	encode
CHIP_TF	413	EFO:0001187 TF ChIP-seq MNX1 genetically modified (insertion) using CRISPR targeting H. sapiens MNX1	TF ChIP-seq	HepG2	child	CELL_LINE	encode
CHIP_TF	414	EFO:0001187 TF ChIP-seq MTA1 genetically modified (insertion) using CRISPR targeting H. sapiens MTA1	TF ChIP-seq	HepG2	child	CELL_LINE	encode
CHIP_TF	415	EFO:0001187 TF ChIP-seq MTERF2 genetically modified (insertion) using CRISPR targeting MTERF2	TF ChIP-seq	HepG2	child	CELL_LINE	encode
CHIP_TF	416	EFO:0001187 TF ChIP-seq MTERF4 genetically modified (insertion) using CRISPR targeting H. sapiens MTERF4	TF ChIP-seq	HepG2	child	CELL_LINE	encode
CHIP_TF	417	EFO:0001187 TF ChIP-seq MTF2 genetically modified (insertion) using CRISPR targeting H. sapiens MTF2	TF ChIP-seq	HepG2	child	CELL_LINE	encode
CHIP_TF	418	EFO:0001187 TF ChIP-seq MXD1 genetically modified (insertion) using CRISPR targeting H. sapiens MXD1	TF ChIP-seq	HepG2	child	CELL_LINE	encode
CHIP_TF	419	EFO:0001187 TF ChIP-seq MXD3 genetically modified (insertion) using CRISPR targeting H. sapiens MXD3	TF ChIP-seq	HepG2	child	CELL_LINE	encode
CHIP_TF	420	EFO:0001187 TF ChIP-seq MXD4 genetically modified (insertion) using CRISPR targeting H. sapiens MXD4	TF ChIP-seq	HepG2	child	CELL_LINE	encode
CHIP_TF	421	EFO:0001187 TF ChIP-seq MXI1	TF ChIP-seq	HepG2	child	CELL_LINE	encode
CHIP_TF	422	EFO:0001187 TF ChIP-seq MYBL2	TF ChIP-seq	HepG2	child	CELL_LINE	encode
CHIP_TF	423	EFO:0001187 TF ChIP-seq MYBL2 genetically modified (insertion) using CRISPR targeting H. sapiens MYBL2	TF ChIP-seq	HepG2	child	CELL_LINE	encode
CHIP_TF	424	EFO:0001187 TF ChIP-seq MYC genetically modified (insertion) using CRISPR targeting H. sapiens MYC	TF ChIP-seq	HepG2	child	CELL_LINE	encode
CHIP_TF	425	EFO:0001187 TF ChIP-seq MYPOP genetically modified (insertion) using CRISPR targeting H. sapiens MYPOP	TF ChIP-seq	HepG2	child	CELL_LINE	encode
CHIP_TF	426	EFO:0001187 TF ChIP-seq NACC2 genetically modified (insertion) using CRISPR targeting H. sapiens NACC2	TF ChIP-seq	HepG2	child	CELL_LINE	encode
CHIP_TF	427	EFO:0001187 TF ChIP-seq NAIF1 genetically modified (insertion) using CRISPR targeting H. sapiens NAIF1	TF ChIP-seq	HepG2	child	CELL_LINE	encode
CHIP_TF	428	EFO:0001187 TF ChIP-seq NCOA1 genetically modified (insertion) using CRISPR targeting H. sapiens NCOA1	TF ChIP-seq	HepG2	child	CELL_LINE	encode
CHIP_TF	429	EFO:0001187 TF ChIP-seq NCOA2 genetically modified (insertion) using CRISPR targeting H. sapiens NCOA2	TF ChIP-seq	HepG2	child	CELL_LINE	encode
CHIP_TF	430	EFO:0001187 TF ChIP-seq NCOR1	TF ChIP-seq	HepG2	child	CELL_LINE	encode
CHIP_TF	431	EFO:0001187 TF ChIP-seq NFAT5 genetically modified (insertion) using CRISPR targeting H. sapiens NFAT5	TF ChIP-seq	HepG2	child	CELL_LINE	encode
CHIP_TF	432	EFO:0001187 TF ChIP-seq NFE2L2	TF ChIP-seq	HepG2	child	CELL_LINE	encode
CHIP_TF	433	EFO:0001187 TF ChIP-seq NFIA genetically modified (insertion) using CRISPR targeting H. sapiens NFIA	TF ChIP-seq	HepG2	child	CELL_LINE	encode
CHIP_TF	434	EFO:0001187 TF ChIP-seq NFIC	TF ChIP-seq	HepG2	child	CELL_LINE	encode
CHIP_TF	435	EFO:0001187 TF ChIP-seq NFIL3 genetically modified (insertion) using CRISPR targeting H. sapiens NFIL3	TF ChIP-seq	HepG2	child	CELL_LINE	encode
CHIP_TF	436	EFO:0001187 TF ChIP-seq NFKB2 genetically modified (insertion) using CRISPR targeting H. sapiens NFKB2	TF ChIP-seq	HepG2	child	CELL_LINE	encode
CHIP_TF	437	EFO:0001187 TF ChIP-seq NFKBIZ genetically modified (insertion) using CRISPR targeting H. sapiens NFKBIZ	TF ChIP-seq	HepG2	child	CELL_LINE	encode
CHIP_TF	438	EFO:0001187 TF ChIP-seq NFYA genetically modified (insertion) using CRISPR targeting H. sapiens NFYA	TF ChIP-seq	HepG2	child	CELL_LINE	encode
CHIP_TF	439	EFO:0001187 TF ChIP-seq NFYB genetically modified (insertion) using CRISPR targeting H. sapiens NFYB	TF ChIP-seq	HepG2	child	CELL_LINE	encode
CHIP_TF	440	EFO:0001187 TF ChIP-seq NFYC genetically modified (insertion) using CRISPR targeting H. sapiens NFYC	TF ChIP-seq	HepG2	child	CELL_LINE	encode
CHIP_TF	441	EFO:0001187 TF ChIP-seq NKX3-1 genetically modified (insertion) using CRISPR targeting H. sapiens NKX3-1	TF ChIP-seq	HepG2	child	CELL_LINE	encode
CHIP_TF	442	EFO:0001187 TF ChIP-seq NONO	TF ChIP-seq	HepG2	child	CELL_LINE	encode
CHIP_TF	443	EFO:0001187 TF ChIP-seq NONO genetically modified (insertion) using CRISPR targeting H. sapiens NONO	TF ChIP-seq	HepG2	child	CELL_LINE	encode
CHIP_TF	444	EFO:0001187 TF ChIP-seq NR0B2 genetically modified (insertion) using CRISPR targeting H. sapiens NR0B2	TF ChIP-seq	HepG2	child	CELL_LINE	encode
CHIP_TF	445	EFO:0001187 TF ChIP-seq NR2C2	TF ChIP-seq	HepG2	child	CELL_LINE	encode
CHIP_TF	446	EFO:0001187 TF ChIP-seq NR2C2 genetically modified (insertion) using CRISPR targeting H. sapiens NR2C2	TF ChIP-seq	HepG2	child	CELL_LINE	encode
CHIP_TF	447	EFO:0001187 TF ChIP-seq NR2F1 genetically modified (insertion) using CRISPR targeting H. sapiens NR2F1	TF ChIP-seq	HepG2	child	CELL_LINE	encode
CHIP_TF	448	EFO:0001187 TF ChIP-seq NR2F2	TF ChIP-seq	HepG2	child	CELL_LINE	encode
CHIP_TF	449	EFO:0001187 TF ChIP-seq NR2F6	TF ChIP-seq	HepG2	child	CELL_LINE	encode
CHIP_TF	450	EFO:0001187 TF ChIP-seq NR2F6 genetically modified (insertion) using CRISPR targeting H. sapiens NR2F6	TF ChIP-seq	HepG2	child	CELL_LINE	encode
CHIP_TF	451	EFO:0001187 TF ChIP-seq NR5A1 genetically modified (insertion) using CRISPR targeting H. sapiens NR5A1	TF ChIP-seq	HepG2	child	CELL_LINE	encode
CHIP_TF	452	EFO:0001187 TF ChIP-seq NRF1	TF ChIP-seq	HepG2	child	CELL_LINE	encode
CHIP_TF	453	EFO:0001187 TF ChIP-seq NRF1 genetically modified (insertion) using CRISPR targeting H. sapiens NRF1	TF ChIP-seq	HepG2	child	CELL_LINE	encode
CHIP_TF	454	EFO:0001187 TF ChIP-seq NRL genetically modified (insertion) using CRISPR targeting H. sapiens NRL	TF ChIP-seq	HepG2	child	CELL_LINE	encode
CHIP_TF	455	EFO:0001187 TF ChIP-seq ONECUT1 genetically modified (insertion) using CRISPR targeting H. sapiens ONECUT1	TF ChIP-seq	HepG2	child	CELL_LINE	encode
CHIP_TF	456	EFO:0001187 TF ChIP-seq ONECUT2 genetically modified (insertion) using CRISPR targeting H. sapiens ONECUT2	TF ChIP-seq	HepG2	child	CELL_LINE	encode
CHIP_TF	457	EFO:0001187 TF ChIP-seq PATZ1 genetically modified (insertion) using CRISPR targeting H. sapiens PATZ1	TF ChIP-seq	HepG2	child	CELL_LINE	encode
CHIP_TF	458	EFO:0001187 TF ChIP-seq PAX8 genetically modified (insertion) using CRISPR targeting H. sapiens PAX8	TF ChIP-seq	HepG2	child	CELL_LINE	encode
CHIP_TF	459	EFO:0001187 TF ChIP-seq PAXIP1 genetically modified (insertion) using CRISPR targeting H. sapiens PAXIP1	TF ChIP-seq	HepG2	child	CELL_LINE	encode
CHIP_TF	460	EFO:0001187 TF ChIP-seq PBX2 genetically modified (insertion) using CRISPR targeting H. sapiens PBX2	TF ChIP-seq	HepG2	child	CELL_LINE	encode
CHIP_TF	461	EFO:0001187 TF ChIP-seq PCBP1	TF ChIP-seq	HepG2	child	CELL_LINE	encode
CHIP_TF	462	EFO:0001187 TF ChIP-seq PHF20 genetically modified (insertion) using CRISPR targeting H. sapiens PHF20	TF ChIP-seq	HepG2	child	CELL_LINE	encode
CHIP_TF	463	EFO:0001187 TF ChIP-seq PHF21A genetically modified (insertion) using CRISPR targeting H. sapiens PHF21A	TF ChIP-seq	HepG2	child	CELL_LINE	encode
CHIP_TF	464	EFO:0001187 TF ChIP-seq PHF5A genetically modified (insertion) using CRISPR targeting H. sapiens PHF5A	TF ChIP-seq	HepG2	child	CELL_LINE	encode
CHIP_TF	465	EFO:0001187 TF ChIP-seq PHF8 genetically modified (insertion) using CRISPR targeting H. sapiens PHF8	TF ChIP-seq	HepG2	child	CELL_LINE	encode
CHIP_TF	466	EFO:0001187 TF ChIP-seq PITX1 genetically modified (insertion) using CRISPR targeting H. sapiens PITX1	TF ChIP-seq	HepG2	child	CELL_LINE	encode
CHIP_TF	467	EFO:0001187 TF ChIP-seq POGK genetically modified (insertion) using CRISPR targeting H. sapiens POGK	TF ChIP-seq	HepG2	child	CELL_LINE	encode
CHIP_TF	468	EFO:0001187 TF ChIP-seq POGZ genetically modified (insertion) using CRISPR targeting H. sapiens POGZ	TF ChIP-seq	HepG2	child	CELL_LINE	encode
CHIP_TF	469	EFO:0001187 TF ChIP-seq POLR2A	TF ChIP-seq	HepG2	child	CELL_LINE	encode
CHIP_TF	470	EFO:0001187 TF ChIP-seq POLR2AphosphoS2	TF ChIP-seq	HepG2	child	CELL_LINE	encode
CHIP_TF	471	EFO:0001187 TF ChIP-seq POLR2AphosphoS5	TF ChIP-seq	HepG2	child	CELL_LINE	encode
CHIP_TF	472	EFO:0001187 TF ChIP-seq POLR2G	TF ChIP-seq	HepG2	child	CELL_LINE	encode
CHIP_TF	473	EFO:0001187 TF ChIP-seq POU2F1 genetically modified (insertion) using CRISPR targeting H. sapiens POU2F1	TF ChIP-seq	HepG2	child	CELL_LINE	encode
CHIP_TF	474	EFO:0001187 TF ChIP-seq PPARG genetically modified (insertion) using CRISPR targeting H. sapiens PPARG	TF ChIP-seq	HepG2	child	CELL_LINE	encode
CHIP_TF	475	EFO:0001187 TF ChIP-seq PRDM10 genetically modified (insertion) using CRISPR targeting H. sapiens PRDM10	TF ChIP-seq	HepG2	child	CELL_LINE	encode
CHIP_TF	476	EFO:0001187 TF ChIP-seq PRDM15 genetically modified (insertion) using CRISPR targeting H. sapiens PRDM15	TF ChIP-seq	HepG2	child	CELL_LINE	encode
CHIP_TF	477	EFO:0001187 TF ChIP-seq PRMT3 genetically modified (insertion) using CRISPR targeting H. sapiens PRMT3	TF ChIP-seq	HepG2	child	CELL_LINE	encode
CHIP_TF	478	EFO:0001187 TF ChIP-seq PROX1 genetically modified (insertion) using CRISPR targeting H. sapiens PROX1	TF ChIP-seq	HepG2	child	CELL_LINE	encode
CHIP_TF	479	EFO:0001187 TF ChIP-seq RAD21	TF ChIP-seq	HepG2	child	CELL_LINE	encode
CHIP_TF	480	EFO:0001187 TF ChIP-seq RAD21 genetically modified (insertion) using CRISPR targeting H. sapiens RAD21	TF ChIP-seq	HepG2	child	CELL_LINE	encode
CHIP_TF	481	EFO:0001187 TF ChIP-seq RAD51	TF ChIP-seq	HepG2	child	CELL_LINE	encode
CHIP_TF	482	EFO:0001187 TF ChIP-seq RARA genetically modified (insertion) using CRISPR targeting H. sapiens RARA	TF ChIP-seq	HepG2	child	CELL_LINE	encode
CHIP_TF	483	EFO:0001187 TF ChIP-seq RBFOX2	TF ChIP-seq	HepG2	child	CELL_LINE	encode
CHIP_TF	484	EFO:0001187 TF ChIP-seq RBM22	TF ChIP-seq	HepG2	child	CELL_LINE	encode
CHIP_TF	485	EFO:0001187 TF ChIP-seq RBPJ genetically modified (insertion) using CRISPR targeting H. sapiens RBPJ	TF ChIP-seq	HepG2	child	CELL_LINE	encode
CHIP_TF	486	EFO:0001187 TF ChIP-seq RCOR2 genetically modified (insertion) using CRISPR targeting H. sapiens RCOR2	TF ChIP-seq	HepG2	child	CELL_LINE	encode
CHIP_TF	487	EFO:0001187 TF ChIP-seq REL genetically modified (insertion) using CRISPR targeting H. sapiens REL	TF ChIP-seq	HepG2	child	CELL_LINE	encode
CHIP_TF	488	EFO:0001187 TF ChIP-seq REPIN1 genetically modified (insertion) using CRISPR targeting H. sapiens REPIN1	TF ChIP-seq	HepG2	child	CELL_LINE	encode
CHIP_TF	489	EFO:0001187 TF ChIP-seq RERE genetically modified (insertion) using CRISPR targeting H. sapiens RERE	TF ChIP-seq	HepG2	child	CELL_LINE	encode
CHIP_TF	490	EFO:0001187 TF ChIP-seq REST	TF ChIP-seq	HepG2	child	CELL_LINE	encode
CHIP_TF	491	EFO:0001187 TF ChIP-seq RFX1	TF ChIP-seq	HepG2	child	CELL_LINE	encode
CHIP_TF	492	EFO:0001187 TF ChIP-seq RFX3 genetically modified (insertion) using CRISPR targeting H. sapiens RFX3	TF ChIP-seq	HepG2	child	CELL_LINE	encode
CHIP_TF	493	EFO:0001187 TF ChIP-seq RFX5	TF ChIP-seq	HepG2	child	CELL_LINE	encode
CHIP_TF	494	EFO:0001187 TF ChIP-seq RFXANK genetically modified (insertion) using CRISPR targeting H. sapiens RFXANK	TF ChIP-seq	HepG2	child	CELL_LINE	encode
CHIP_TF	495	EFO:0001187 TF ChIP-seq RFXAP genetically modified (insertion) using CRISPR targeting H. sapiens RFXAP	TF ChIP-seq	HepG2	child	CELL_LINE	encode
CHIP_TF	496	EFO:0001187 TF ChIP-seq RNF2	TF ChIP-seq	HepG2	child	CELL_LINE	encode
CHIP_TF	497	EFO:0001187 TF ChIP-seq RREB1 genetically modified (insertion) using CRISPR targeting H. sapiens RREB1	TF ChIP-seq	HepG2	child	CELL_LINE	encode
CHIP_TF	498	EFO:0001187 TF ChIP-seq RXRA	TF ChIP-seq	HepG2	child	CELL_LINE	encode
CHIP_TF	499	EFO:0001187 TF ChIP-seq RXRA genetically modified (insertion) using CRISPR targeting H. sapiens RXRA	TF ChIP-seq	HepG2	child	CELL_LINE	encode
CHIP_TF	500	EFO:0001187 TF ChIP-seq RXRB genetically modified (insertion) using CRISPR targeting H. sapiens RXRB	TF ChIP-seq	HepG2	child	CELL_LINE	encode
CHIP_TF	501	EFO:0001187 TF ChIP-seq SAFB2 genetically modified (insertion) using CRISPR targeting H. sapiens SAFB2	TF ChIP-seq	HepG2	child	CELL_LINE	encode
CHIP_TF	502	EFO:0001187 TF ChIP-seq SALL1 genetically modified (insertion) using CRISPR targeting H. sapiens SALL1	TF ChIP-seq	HepG2	child	CELL_LINE	encode
CHIP_TF	503	EFO:0001187 TF ChIP-seq SALL2 genetically modified (insertion) using CRISPR targeting H. sapiens SALL2	TF ChIP-seq	HepG2	child	CELL_LINE	encode
CHIP_TF	504	EFO:0001187 TF ChIP-seq SAP130 genetically modified (insertion) using CRISPR targeting H. sapiens SAP130	TF ChIP-seq	HepG2	child	CELL_LINE	encode
CHIP_TF	505	EFO:0001187 TF ChIP-seq SFPQ genetically modified (insertion) using CRISPR targeting H. sapiens SFPQ	TF ChIP-seq	HepG2	child	CELL_LINE	encode
CHIP_TF	506	EFO:0001187 TF ChIP-seq SIN3A	TF ChIP-seq	HepG2	child	CELL_LINE	encode
CHIP_TF	507	EFO:0001187 TF ChIP-seq SIX1 genetically modified (insertion) using CRISPR targeting H. sapiens SIX1	TF ChIP-seq	HepG2	child	CELL_LINE	encode
CHIP_TF	508	EFO:0001187 TF ChIP-seq SIX4 genetically modified (insertion) using CRISPR targeting H. sapiens SIX4	TF ChIP-seq	HepG2	child	CELL_LINE	encode
CHIP_TF	509	EFO:0001187 TF ChIP-seq SKI	TF ChIP-seq	HepG2	child	CELL_LINE	encode
CHIP_TF	510	EFO:0001187 TF ChIP-seq SKIL genetically modified (insertion) using CRISPR targeting H. sapiens SKIL	TF ChIP-seq	HepG2	child	CELL_LINE	encode
CHIP_TF	511	EFO:0001187 TF ChIP-seq SMAD1 genetically modified (insertion) using CRISPR targeting H. sapiens SMAD1	TF ChIP-seq	HepG2	child	CELL_LINE	encode
CHIP_TF	512	EFO:0001187 TF ChIP-seq SMAD3 genetically modified (insertion) using CRISPR targeting H. sapiens SMAD3	TF ChIP-seq	HepG2	child	CELL_LINE	encode
CHIP_TF	513	EFO:0001187 TF ChIP-seq SMAD4 genetically modified (insertion) using CRISPR targeting H. sapiens SMAD4	TF ChIP-seq	HepG2	child	CELL_LINE	encode
CHIP_TF	514	EFO:0001187 TF ChIP-seq SMAD7 genetically modified (insertion) using CRISPR targeting H. sapiens SMAD7	TF ChIP-seq	HepG2	child	CELL_LINE	encode
CHIP_TF	515	EFO:0001187 TF ChIP-seq SMC3	TF ChIP-seq	HepG2	child	CELL_LINE	encode
CHIP_TF	516	EFO:0001187 TF ChIP-seq SMYD3 genetically modified (insertion) using CRISPR targeting H. sapiens SMYD3	TF ChIP-seq	HepG2	child	CELL_LINE	encode
CHIP_TF	517	EFO:0001187 TF ChIP-seq SNAI1 genetically modified (insertion) using CRISPR targeting H. sapiens SNAI1	TF ChIP-seq	HepG2	child	CELL_LINE	encode
CHIP_TF	518	EFO:0001187 TF ChIP-seq SNAPC2 genetically modified (insertion) using CRISPR targeting H. sapiens SNAPC2	TF ChIP-seq	HepG2	child	CELL_LINE	encode
CHIP_TF	519	EFO:0001187 TF ChIP-seq SNAPC4 genetically modified (insertion) using CRISPR targeting H. sapiens SNAPC4	TF ChIP-seq	HepG2	child	CELL_LINE	encode
CHIP_TF	520	EFO:0001187 TF ChIP-seq SOX13	TF ChIP-seq	HepG2	child	CELL_LINE	encode
CHIP_TF	521	EFO:0001187 TF ChIP-seq SOX13 genetically modified (insertion) using CRISPR targeting H. sapiens SOX13	TF ChIP-seq	HepG2	child	CELL_LINE	encode
CHIP_TF	522	EFO:0001187 TF ChIP-seq SOX5 genetically modified (insertion) using CRISPR targeting H. sapiens SOX5	TF ChIP-seq	HepG2	child	CELL_LINE	encode
CHIP_TF	523	EFO:0001187 TF ChIP-seq SOX6 genetically modified (insertion) using CRISPR targeting H. sapiens SOX6	TF ChIP-seq	HepG2	child	CELL_LINE	encode
CHIP_TF	524	EFO:0001187 TF ChIP-seq SP1 genetically modified (insertion) using CRISPR targeting H. sapiens SP1	TF ChIP-seq	HepG2	child	CELL_LINE	encode
CHIP_TF	525	EFO:0001187 TF ChIP-seq SP2 genetically modified (insertion) using CRISPR targeting H. sapiens SP2	TF ChIP-seq	HepG2	child	CELL_LINE	encode
CHIP_TF	526	EFO:0001187 TF ChIP-seq SP4 genetically modified (insertion) using CRISPR targeting H. sapiens SP4	TF ChIP-seq	HepG2	child	CELL_LINE	encode
CHIP_TF	527	EFO:0001187 TF ChIP-seq SP5 genetically modified (insertion) using CRISPR targeting H. sapiens SP5	TF ChIP-seq	HepG2	child	CELL_LINE	encode
CHIP_TF	528	EFO:0001187 TF ChIP-seq SPEN genetically modified (insertion) using CRISPR targeting H. sapiens SPEN	TF ChIP-seq	HepG2	child	CELL_LINE	encode
CHIP_TF	529	EFO:0001187 TF ChIP-seq SRF	TF ChIP-seq	HepG2	child	CELL_LINE	encode
CHIP_TF	530	EFO:0001187 TF ChIP-seq SRF genetically modified (insertion) using CRISPR targeting H. sapiens SRF	TF ChIP-seq	HepG2	child	CELL_LINE	encode
CHIP_TF	531	EFO:0001187 TF ChIP-seq SRSF1	TF ChIP-seq	HepG2	child	CELL_LINE	encode
CHIP_TF	532	EFO:0001187 TF ChIP-seq SRY genetically modified (insertion) using CRISPR targeting H. sapiens SRY	TF ChIP-seq	HepG2	child	CELL_LINE	encode
CHIP_TF	533	EFO:0001187 TF ChIP-seq SSRP1 genetically modified (insertion) using CRISPR targeting H. sapiens SSRP1	TF ChIP-seq	HepG2	child	CELL_LINE	encode
CHIP_TF	534	EFO:0001187 TF ChIP-seq STAG1 genetically modified (insertion) using CRISPR targeting H. sapiens STAG1	TF ChIP-seq	HepG2	child	CELL_LINE	encode
CHIP_TF	535	EFO:0001187 TF ChIP-seq STAT6 genetically modified (insertion) using CRISPR targeting H. sapiens STAT6	TF ChIP-seq	HepG2	child	CELL_LINE	encode
CHIP_TF	536	EFO:0001187 TF ChIP-seq SYNCRIP	TF ChIP-seq	HepG2	child	CELL_LINE	encode
CHIP_TF	537	EFO:0001187 TF ChIP-seq TAF1	TF ChIP-seq	HepG2	child	CELL_LINE	encode
CHIP_TF	538	EFO:0001187 TF ChIP-seq TAF1 genetically modified (insertion) using CRISPR targeting H. sapiens TAF1	TF ChIP-seq	HepG2	child	CELL_LINE	encode
CHIP_TF	539	EFO:0001187 TF ChIP-seq TARDBP genetically modified (insertion) using CRISPR targeting H. sapiens TARDBP	TF ChIP-seq	HepG2	child	CELL_LINE	encode
CHIP_TF	540	EFO:0001187 TF ChIP-seq TBL1XR1	TF ChIP-seq	HepG2	child	CELL_LINE	encode
CHIP_TF	541	EFO:0001187 TF ChIP-seq TBP	TF ChIP-seq	HepG2	child	CELL_LINE	encode
CHIP_TF	542	EFO:0001187 TF ChIP-seq TBX2 genetically modified (insertion) using CRISPR targeting H. sapiens TBX2	TF ChIP-seq	HepG2	child	CELL_LINE	encode
CHIP_TF	543	EFO:0001187 TF ChIP-seq TBX3	TF ChIP-seq	HepG2	child	CELL_LINE	encode
CHIP_TF	544	EFO:0001187 TF ChIP-seq TCF12	TF ChIP-seq	HepG2	child	CELL_LINE	encode
CHIP_TF	545	EFO:0001187 TF ChIP-seq TCF12 genetically modified (insertion) using CRISPR targeting H. sapiens TCF12	TF ChIP-seq	HepG2	child	CELL_LINE	encode
CHIP_TF	546	EFO:0001187 TF ChIP-seq TCF7	TF ChIP-seq	HepG2	child	CELL_LINE	encode
CHIP_TF	547	EFO:0001187 TF ChIP-seq TCF7L2 genetically modified (insertion) using CRISPR targeting H. sapiens TCF7L2	TF ChIP-seq	HepG2	child	CELL_LINE	encode
CHIP_TF	548	EFO:0001187 TF ChIP-seq TEAD1 genetically modified (insertion) using CRISPR targeting H. sapiens TEAD1	TF ChIP-seq	HepG2	child	CELL_LINE	encode
CHIP_TF	549	EFO:0001187 TF ChIP-seq TEAD4 genetically modified (insertion) using CRISPR targeting H. sapiens TEAD4	TF ChIP-seq	HepG2	child	CELL_LINE	encode
CHIP_TF	550	EFO:0001187 TF ChIP-seq TFAP4	TF ChIP-seq	HepG2	child	CELL_LINE	encode
CHIP_TF	551	EFO:0001187 TF ChIP-seq TFAP4 genetically modified (insertion) using CRISPR targeting H. sapiens TFAP4	TF ChIP-seq	HepG2	child	CELL_LINE	encode
CHIP_TF	552	EFO:0001187 TF ChIP-seq TFDP1 genetically modified (insertion) using CRISPR targeting H. sapiens TFDP1	TF ChIP-seq	HepG2	child	CELL_LINE	encode
CHIP_TF	553	EFO:0001187 TF ChIP-seq TFDP2 genetically modified (insertion) using CRISPR targeting H. sapiens TFDP2	TF ChIP-seq	HepG2	child	CELL_LINE	encode
CHIP_TF	554	EFO:0001187 TF ChIP-seq TFE3 genetically modified (insertion) using CRISPR targeting H. sapiens TFE3	TF ChIP-seq	HepG2	child	CELL_LINE	encode
CHIP_TF	555	EFO:0001187 TF ChIP-seq TGIF2 genetically modified (insertion) using CRISPR targeting H. sapiens TGIF2	TF ChIP-seq	HepG2	child	CELL_LINE	encode
CHIP_TF	556	EFO:0001187 TF ChIP-seq THAP11 genetically modified (insertion) using CRISPR targeting H. sapiens THAP11	TF ChIP-seq	HepG2	child	CELL_LINE	encode
CHIP_TF	557	EFO:0001187 TF ChIP-seq THAP4 genetically modified (insertion) using CRISPR targeting H. sapiens THAP4	TF ChIP-seq	HepG2	child	CELL_LINE	encode
CHIP_TF	558	EFO:0001187 TF ChIP-seq THAP7 genetically modified (insertion) using CRISPR targeting H. sapiens THAP7	TF ChIP-seq	HepG2	child	CELL_LINE	encode
CHIP_TF	559	EFO:0001187 TF ChIP-seq THAP9 genetically modified (insertion) using CRISPR targeting H. sapiens THAP9	TF ChIP-seq	HepG2	child	CELL_LINE	encode
CHIP_TF	560	EFO:0001187 TF ChIP-seq THRA genetically modified (insertion) using CRISPR targeting H. sapiens THRA	TF ChIP-seq	HepG2	child	CELL_LINE	encode
CHIP_TF	561	EFO:0001187 TF ChIP-seq THRB genetically modified (insertion) using CRISPR targeting H. sapiens THRB	TF ChIP-seq	HepG2	child	CELL_LINE	encode
CHIP_TF	562	EFO:0001187 TF ChIP-seq TIGD6 genetically modified (insertion) using CRISPR targeting H. sapiens TIGD6	TF ChIP-seq	HepG2	child	CELL_LINE	encode
CHIP_TF	563	EFO:0001187 TF ChIP-seq TMF1 genetically modified (insertion) using CRISPR targeting H. sapiens TMF1	TF ChIP-seq	HepG2	child	CELL_LINE	encode
CHIP_TF	564	EFO:0001187 TF ChIP-seq TOPORS genetically modified (insertion) using CRISPR targeting H. sapiens TOPORS	TF ChIP-seq	HepG2	child	CELL_LINE	encode
CHIP_TF	565	EFO:0001187 TF ChIP-seq TSC22D2 genetically modified (insertion) using CRISPR targeting H. sapiens TSC22D2	TF ChIP-seq	HepG2	child	CELL_LINE	encode
CHIP_TF	566	EFO:0001187 TF ChIP-seq U2AF1	TF ChIP-seq	HepG2	child	CELL_LINE	encode
CHIP_TF	567	EFO:0001187 TF ChIP-seq UBTF genetically modified (insertion) using CRISPR targeting H. sapiens UBTF	TF ChIP-seq	HepG2	child	CELL_LINE	encode
CHIP_TF	568	EFO:0001187 TF ChIP-seq USF1	TF ChIP-seq	HepG2	child	CELL_LINE	encode
CHIP_TF	569	EFO:0001187 TF ChIP-seq USF1 genetically modified (insertion) using CRISPR targeting H. sapiens USF1	TF ChIP-seq	HepG2	child	CELL_LINE	encode
CHIP_TF	570	EFO:0001187 TF ChIP-seq USF2	TF ChIP-seq	HepG2	child	CELL_LINE	encode
CHIP_TF	571	EFO:0001187 TF ChIP-seq USF2 genetically modified (insertion) using CRISPR targeting H. sapiens USF2	TF ChIP-seq	HepG2	child	CELL_LINE	encode
CHIP_TF	572	EFO:0001187 TF ChIP-seq WIZ genetically modified (insertion) using CRISPR targeting H. sapiens WIZ	TF ChIP-seq	HepG2	child	CELL_LINE	encode
CHIP_TF	573	EFO:0001187 TF ChIP-seq XRCC5	TF ChIP-seq	HepG2	child	CELL_LINE	encode
CHIP_TF	574	EFO:0001187 TF ChIP-seq YEATS2 genetically modified (insertion) using CRISPR targeting H. sapiens YEATS2	TF ChIP-seq	HepG2	child	CELL_LINE	encode
CHIP_TF	575	EFO:0001187 TF ChIP-seq YEATS4 genetically modified (insertion) using CRISPR targeting H. sapiens YEATS4	TF ChIP-seq	HepG2	child	CELL_LINE	encode
CHIP_TF	576	EFO:0001187 TF ChIP-seq ZBED4 genetically modified (insertion) using CRISPR targeting H. sapiens ZBED4	TF ChIP-seq	HepG2	child	CELL_LINE	encode
CHIP_TF	577	EFO:0001187 TF ChIP-seq ZBTB10 genetically modified (insertion) using CRISPR targeting H. sapiens ZBTB10	TF ChIP-seq	HepG2	child	CELL_LINE	encode
CHIP_TF	578	EFO:0001187 TF ChIP-seq ZBTB14 genetically modified (insertion) using CRISPR targeting H. sapiens ZBTB14	TF ChIP-seq	HepG2	child	CELL_LINE	encode
CHIP_TF	579	EFO:0001187 TF ChIP-seq ZBTB2 genetically modified (insertion) using CRISPR targeting H. sapiens ZBTB2	TF ChIP-seq	HepG2	child	CELL_LINE	encode
CHIP_TF	580	EFO:0001187 TF ChIP-seq ZBTB20 genetically modified (insertion) using CRISPR targeting H. sapiens ZBTB20	TF ChIP-seq	HepG2	child	CELL_LINE	encode
CHIP_TF	581	EFO:0001187 TF ChIP-seq ZBTB21 genetically modified (insertion) using CRISPR targeting H. sapiens ZBTB21	TF ChIP-seq	HepG2	child	CELL_LINE	encode
CHIP_TF	582	EFO:0001187 TF ChIP-seq ZBTB25 genetically modified (insertion) using CRISPR targeting H. sapiens ZBTB25	TF ChIP-seq	HepG2	child	CELL_LINE	encode
CHIP_TF	583	EFO:0001187 TF ChIP-seq ZBTB26 genetically modified (insertion) using CRISPR targeting H. sapiens ZBTB26	TF ChIP-seq	HepG2	child	CELL_LINE	encode
CHIP_TF	584	EFO:0001187 TF ChIP-seq ZBTB3 genetically modified (insertion) using CRISPR targeting H. sapiens ZBTB3	TF ChIP-seq	HepG2	child	CELL_LINE	encode
CHIP_TF	585	EFO:0001187 TF ChIP-seq ZBTB33 genetically modified (insertion) using CRISPR targeting H. sapiens ZBTB33	TF ChIP-seq	HepG2	child	CELL_LINE	encode
CHIP_TF	586	EFO:0001187 TF ChIP-seq ZBTB34 genetically modified (insertion) using CRISPR targeting H. sapiens ZBTB34	TF ChIP-seq	HepG2	child	CELL_LINE	encode
CHIP_TF	587	EFO:0001187 TF ChIP-seq ZBTB37 genetically modified (insertion) using CRISPR targeting H. sapiens ZBTB37	TF ChIP-seq	HepG2	child	CELL_LINE	encode
CHIP_TF	588	EFO:0001187 TF ChIP-seq ZBTB38 genetically modified (insertion) using CRISPR targeting H. sapiens ZBTB38	TF ChIP-seq	HepG2	child	CELL_LINE	encode
CHIP_TF	589	EFO:0001187 TF ChIP-seq ZBTB39 genetically modified (insertion) using CRISPR targeting H. sapiens ZBTB39	TF ChIP-seq	HepG2	child	CELL_LINE	encode
CHIP_TF	590	EFO:0001187 TF ChIP-seq ZBTB4 genetically modified (insertion) using CRISPR targeting H. sapiens ZBTB4	TF ChIP-seq	HepG2	child	CELL_LINE	encode
CHIP_TF	591	EFO:0001187 TF ChIP-seq ZBTB40	TF ChIP-seq	HepG2	child	CELL_LINE	encode
CHIP_TF	592	EFO:0001187 TF ChIP-seq ZBTB40 genetically modified (insertion) using CRISPR targeting H. sapiens ZBTB40	TF ChIP-seq	HepG2	child	CELL_LINE	encode
CHIP_TF	593	EFO:0001187 TF ChIP-seq ZBTB42 genetically modified (insertion) using CRISPR targeting H. sapiens ZBTB42	TF ChIP-seq	HepG2	child	CELL_LINE	encode
CHIP_TF	594	EFO:0001187 TF ChIP-seq ZBTB43 genetically modified (insertion) using CRISPR targeting H. sapiens ZBTB43	TF ChIP-seq	HepG2	child	CELL_LINE	encode
CHIP_TF	595	EFO:0001187 TF ChIP-seq ZBTB7A genetically modified (insertion) using CRISPR targeting H. sapiens ZBTB7A	TF ChIP-seq	HepG2	child	CELL_LINE	encode
CHIP_TF	596	EFO:0001187 TF ChIP-seq ZBTB7B genetically modified (insertion) using CRISPR targeting H. sapiens ZBTB7B	TF ChIP-seq	HepG2	child	CELL_LINE	encode
CHIP_TF	597	EFO:0001187 TF ChIP-seq ZC3H13 genetically modified (insertion) using CRISPR targeting H. sapiens ZC3H13	TF ChIP-seq	HepG2	child	CELL_LINE	encode
CHIP_TF	598	EFO:0001187 TF ChIP-seq ZC3H4 genetically modified (insertion) using CRISPR targeting H. sapiens ZC3H4	TF ChIP-seq	HepG2	child	CELL_LINE	encode
CHIP_TF	599	EFO:0001187 TF ChIP-seq ZC3H8 genetically modified (insertion) using CRISPR targeting H. sapiens ZC3H8	TF ChIP-seq	HepG2	child	CELL_LINE	encode
CHIP_TF	600	EFO:0001187 TF ChIP-seq ZFHX3 genetically modified (insertion) using CRISPR targeting H. sapiens ZFHX3	TF ChIP-seq	HepG2	child	CELL_LINE	encode
CHIP_TF	601	EFO:0001187 TF ChIP-seq ZFP1 genetically modified (insertion) using CRISPR targeting H. sapiens ZFP1	TF ChIP-seq	HepG2	child	CELL_LINE	encode
CHIP_TF	602	EFO:0001187 TF ChIP-seq ZFP36L1 genetically modified (insertion) using CRISPR targeting H. sapiens ZFP36L1	TF ChIP-seq	HepG2	child	CELL_LINE	encode
CHIP_TF	603	EFO:0001187 TF ChIP-seq ZFP37 genetically modified (insertion) using CRISPR targeting H. sapiens ZFP37	TF ChIP-seq	HepG2	child	CELL_LINE	encode
CHIP_TF	604	EFO:0001187 TF ChIP-seq ZFP64 genetically modified (insertion) using CRISPR targeting H. sapiens ZFP64	TF ChIP-seq	HepG2	child	CELL_LINE	encode
CHIP_TF	605	EFO:0001187 TF ChIP-seq ZFP82 genetically modified (insertion) using CRISPR targeting H. sapiens ZFP82	TF ChIP-seq	HepG2	child	CELL_LINE	encode
CHIP_TF	606	EFO:0001187 TF ChIP-seq ZFP90 genetically modified (insertion) using CRISPR targeting H. sapiens ZFP90	TF ChIP-seq	HepG2	child	CELL_LINE	encode
CHIP_TF	607	EFO:0001187 TF ChIP-seq ZFP91 genetically modified (insertion) using CRISPR targeting H. sapiens ZFP91	TF ChIP-seq	HepG2	child	CELL_LINE	encode
CHIP_TF	608	EFO:0001187 TF ChIP-seq ZFX genetically modified (insertion) using CRISPR targeting H. sapiens ZFX	TF ChIP-seq	HepG2	child	CELL_LINE	encode
CHIP_TF	609	EFO:0001187 TF ChIP-seq ZFY genetically modified (insertion) using CRISPR targeting H. sapiens ZFY	TF ChIP-seq	HepG2	child	CELL_LINE	encode
CHIP_TF	610	EFO:0001187 TF ChIP-seq ZGPAT genetically modified (insertion) using CRISPR targeting H. sapiens ZGPAT	TF ChIP-seq	HepG2	child	CELL_LINE	encode
CHIP_TF	611	EFO:0001187 TF ChIP-seq ZHX1 genetically modified (insertion) using CRISPR targeting H. sapiens ZHX1	TF ChIP-seq	HepG2	child	CELL_LINE	encode
CHIP_TF	612	EFO:0001187 TF ChIP-seq ZHX2	TF ChIP-seq	HepG2	child	CELL_LINE	encode
CHIP_TF	613	EFO:0001187 TF ChIP-seq ZIK1 genetically modified (insertion) using CRISPR targeting H. sapiens ZIK1	TF ChIP-seq	HepG2	child	CELL_LINE	encode
CHIP_TF	614	EFO:0001187 TF ChIP-seq ZKSCAN1	TF ChIP-seq	HepG2	child	CELL_LINE	encode
CHIP_TF	615	EFO:0001187 TF ChIP-seq ZKSCAN8 genetically modified (insertion) using CRISPR targeting H. sapiens ZKSCAN8	TF ChIP-seq	HepG2	child	CELL_LINE	encode
CHIP_TF	616	EFO:0001187 TF ChIP-seq ZMAT3 genetically modified (insertion) using CRISPR targeting H. sapiens ZMAT3	TF ChIP-seq	HepG2	child	CELL_LINE	encode
CHIP_TF	617	EFO:0001187 TF ChIP-seq ZMYM2 genetically modified (insertion) using CRISPR targeting H. sapiens ZMYM2	TF ChIP-seq	HepG2	child	CELL_LINE	encode
CHIP_TF	618	EFO:0001187 TF ChIP-seq ZMYM3	TF ChIP-seq	HepG2	child	CELL_LINE	encode
CHIP_TF	619	EFO:0001187 TF ChIP-seq ZMYM3 genetically modified (insertion) using CRISPR targeting H. sapiens ZMYM3	TF ChIP-seq	HepG2	child	CELL_LINE	encode
CHIP_TF	620	EFO:0001187 TF ChIP-seq ZMYM4 genetically modified (insertion) using CRISPR targeting H. sapiens ZMYM4	TF ChIP-seq	HepG2	child	CELL_LINE	encode
CHIP_TF	621	EFO:0001187 TF ChIP-seq ZNF12 genetically modified (insertion) using CRISPR targeting H. sapiens ZNF12	TF ChIP-seq	HepG2	child	CELL_LINE	encode
CHIP_TF	622	EFO:0001187 TF ChIP-seq ZNF121 genetically modified (insertion) using CRISPR targeting H. sapiens ZNF121	TF ChIP-seq	HepG2	child	CELL_LINE	encode
CHIP_TF	623	EFO:0001187 TF ChIP-seq ZNF124 genetically modified (insertion) using CRISPR targeting H. sapiens ZNF124	TF ChIP-seq	HepG2	child	CELL_LINE	encode
CHIP_TF	624	EFO:0001187 TF ChIP-seq ZNF136 genetically modified (insertion) using CRISPR targeting H. sapiens ZNF136	TF ChIP-seq	HepG2	child	CELL_LINE	encode
CHIP_TF	625	EFO:0001187 TF ChIP-seq ZNF138 genetically modified (insertion) using CRISPR targeting H. sapiens ZNF138	TF ChIP-seq	HepG2	child	CELL_LINE	encode
CHIP_TF	626	EFO:0001187 TF ChIP-seq ZNF142 genetically modified (insertion) using CRISPR targeting H. sapiens ZNF142	TF ChIP-seq	HepG2	child	CELL_LINE	encode
CHIP_TF	627	EFO:0001187 TF ChIP-seq ZNF143 genetically modified (insertion) using CRISPR targeting H. sapiens ZNF143	TF ChIP-seq	HepG2	child	CELL_LINE	encode
CHIP_TF	628	EFO:0001187 TF ChIP-seq ZNF146 genetically modified (insertion) using CRISPR targeting H. sapiens ZNF146	TF ChIP-seq	HepG2	child	CELL_LINE	encode
CHIP_TF	629	EFO:0001187 TF ChIP-seq ZNF160 genetically modified (insertion) using CRISPR targeting H. sapiens ZNF160	TF ChIP-seq	HepG2	child	CELL_LINE	encode
CHIP_TF	630	EFO:0001187 TF ChIP-seq ZNF181 genetically modified (insertion) using CRISPR targeting H. sapiens ZNF181	TF ChIP-seq	HepG2	child	CELL_LINE	encode
CHIP_TF	631	EFO:0001187 TF ChIP-seq ZNF205 genetically modified (insertion) using CRISPR targeting H. sapiens ZNF205	TF ChIP-seq	HepG2	child	CELL_LINE	encode
CHIP_TF	632	EFO:0001187 TF ChIP-seq ZNF217 genetically modified (insertion) using CRISPR targeting H. sapiens ZNF217	TF ChIP-seq	HepG2	child	CELL_LINE	encode
CHIP_TF	633	EFO:0001187 TF ChIP-seq ZNF219 genetically modified (insertion) using CRISPR targeting H. sapiens ZNF219	TF ChIP-seq	HepG2	child	CELL_LINE	encode
CHIP_TF	634	EFO:0001187 TF ChIP-seq ZNF221 genetically modified (insertion) using CRISPR targeting H. sapiens ZNF221	TF ChIP-seq	HepG2	child	CELL_LINE	encode
CHIP_TF	635	EFO:0001187 TF ChIP-seq ZNF224 genetically modified (insertion) using CRISPR targeting H. sapiens ZNF224	TF ChIP-seq	HepG2	child	CELL_LINE	encode
CHIP_TF	636	EFO:0001187 TF ChIP-seq ZNF225 genetically modified (insertion) using CRISPR targeting H. sapiens ZNF225	TF ChIP-seq	HepG2	child	CELL_LINE	encode
CHIP_TF	637	EFO:0001187 TF ChIP-seq ZNF230 genetically modified (insertion) using CRISPR targeting H. sapiens ZNF230	TF ChIP-seq	HepG2	child	CELL_LINE	encode
CHIP_TF	638	EFO:0001187 TF ChIP-seq ZNF232 genetically modified (insertion) using CRISPR targeting H. sapiens ZNF232	TF ChIP-seq	HepG2	child	CELL_LINE	encode
CHIP_TF	639	EFO:0001187 TF ChIP-seq ZNF235 genetically modified (insertion) using CRISPR targeting H. sapiens ZNF235	TF ChIP-seq	HepG2	child	CELL_LINE	encode
CHIP_TF	640	EFO:0001187 TF ChIP-seq ZNF24	TF ChIP-seq	HepG2	child	CELL_LINE	encode
CHIP_TF	641	EFO:0001187 TF ChIP-seq ZNF263 genetically modified (insertion) using CRISPR targeting H. sapiens ZNF263	TF ChIP-seq	HepG2	child	CELL_LINE	encode
CHIP_TF	642	EFO:0001187 TF ChIP-seq ZNF264 genetically modified (insertion) using CRISPR targeting H. sapiens ZNF264	TF ChIP-seq	HepG2	child	CELL_LINE	encode
CHIP_TF	643	EFO:0001187 TF ChIP-seq ZNF274 genetically modified (insertion) using CRISPR targeting H. sapiens ZNF274	TF ChIP-seq	HepG2	child	CELL_LINE	encode
CHIP_TF	644	EFO:0001187 TF ChIP-seq ZNF275 genetically modified (insertion) using CRISPR targeting H. sapiens ZNF275	TF ChIP-seq	HepG2	child	CELL_LINE	encode
CHIP_TF	645	EFO:0001187 TF ChIP-seq ZNF276 genetically modified (insertion) using CRISPR targeting H. sapiens ZNF276	TF ChIP-seq	HepG2	child	CELL_LINE	encode
CHIP_TF	646	EFO:0001187 TF ChIP-seq ZNF280B genetically modified (insertion) using CRISPR targeting H. sapiens ZNF280B	TF ChIP-seq	HepG2	child	CELL_LINE	encode
CHIP_TF	647	EFO:0001187 TF ChIP-seq ZNF280D genetically modified (insertion) using CRISPR targeting H. sapiens ZNF280D	TF ChIP-seq	HepG2	child	CELL_LINE	encode
CHIP_TF	648	EFO:0001187 TF ChIP-seq ZNF281 genetically modified (insertion) using CRISPR targeting H. sapiens ZNF281	TF ChIP-seq	HepG2	child	CELL_LINE	encode
CHIP_TF	649	EFO:0001187 TF ChIP-seq ZNF292 genetically modified (insertion) using CRISPR targeting H. sapiens ZNF292	TF ChIP-seq	HepG2	child	CELL_LINE	encode
CHIP_TF	650	EFO:0001187 TF ChIP-seq ZNF3 genetically modified (insertion) using CRISPR targeting H. sapiens ZNF3	TF ChIP-seq	HepG2	child	CELL_LINE	encode
CHIP_TF	651	EFO:0001187 TF ChIP-seq ZNF317 genetically modified (insertion) using CRISPR targeting H. sapiens ZNF317	TF ChIP-seq	HepG2	child	CELL_LINE	encode
CHIP_TF	652	EFO:0001187 TF ChIP-seq ZNF318 genetically modified (insertion) using CRISPR targeting H. sapiens ZNF318	TF ChIP-seq	HepG2	child	CELL_LINE	encode
CHIP_TF	653	EFO:0001187 TF ChIP-seq ZNF329 genetically modified (insertion) using CRISPR targeting H. sapiens ZNF329	TF ChIP-seq	HepG2	child	CELL_LINE	encode
CHIP_TF	654	EFO:0001187 TF ChIP-seq ZNF331 genetically modified (insertion) using CRISPR targeting H. sapiens ZNF331	TF ChIP-seq	HepG2	child	CELL_LINE	encode
CHIP_TF	655	EFO:0001187 TF ChIP-seq ZNF333 genetically modified (insertion) using CRISPR targeting H. sapiens ZNF333	TF ChIP-seq	HepG2	child	CELL_LINE	encode
CHIP_TF	656	EFO:0001187 TF ChIP-seq ZNF335 genetically modified (insertion) using CRISPR targeting H. sapiens ZNF335	TF ChIP-seq	HepG2	child	CELL_LINE	encode
CHIP_TF	657	EFO:0001187 TF ChIP-seq ZNF337 genetically modified (insertion) using CRISPR targeting H. sapiens ZNF337	TF ChIP-seq	HepG2	child	CELL_LINE	encode
CHIP_TF	658	EFO:0001187 TF ChIP-seq ZNF33B genetically modified (insertion) using CRISPR targeting H. sapiens ZNF33B	TF ChIP-seq	HepG2	child	CELL_LINE	encode
CHIP_TF	659	EFO:0001187 TF ChIP-seq ZNF34 genetically modified (insertion) using CRISPR targeting H. sapiens ZNF34	TF ChIP-seq	HepG2	child	CELL_LINE	encode
CHIP_TF	660	EFO:0001187 TF ChIP-seq ZNF343 genetically modified (insertion) using CRISPR targeting H. sapiens ZNF343	TF ChIP-seq	HepG2	child	CELL_LINE	encode
CHIP_TF	661	EFO:0001187 TF ChIP-seq ZNF350 genetically modified (insertion) using CRISPR targeting H. sapiens ZNF350	TF ChIP-seq	HepG2	child	CELL_LINE	encode
CHIP_TF	662	EFO:0001187 TF ChIP-seq ZNF362 genetically modified (insertion) using CRISPR targeting H. sapiens ZNF362	TF ChIP-seq	HepG2	child	CELL_LINE	encode
CHIP_TF	663	EFO:0001187 TF ChIP-seq ZNF384	TF ChIP-seq	HepG2	child	CELL_LINE	encode
CHIP_TF	664	EFO:0001187 TF ChIP-seq ZNF414 genetically modified (insertion) using CRISPR targeting H. sapiens ZNF414	TF ChIP-seq	HepG2	child	CELL_LINE	encode
CHIP_TF	665	EFO:0001187 TF ChIP-seq ZNF430 genetically modified (insertion) using CRISPR targeting H. sapiens ZNF430	TF ChIP-seq	HepG2	child	CELL_LINE	encode
CHIP_TF	666	EFO:0001187 TF ChIP-seq ZNF431 genetically modified (insertion) using CRISPR targeting H. sapiens ZNF431	TF ChIP-seq	HepG2	child	CELL_LINE	encode
CHIP_TF	667	EFO:0001187 TF ChIP-seq ZNF44 genetically modified (insertion) using CRISPR targeting H. sapiens ZNF44	TF ChIP-seq	HepG2	child	CELL_LINE	encode
CHIP_TF	668	EFO:0001187 TF ChIP-seq ZNF441 genetically modified (insertion) using CRISPR targeting H. sapiens ZNF441	TF ChIP-seq	HepG2	child	CELL_LINE	encode
CHIP_TF	669	EFO:0001187 TF ChIP-seq ZNF446 genetically modified (insertion) using CRISPR targeting H. sapiens ZNF446	TF ChIP-seq	HepG2	child	CELL_LINE	encode
CHIP_TF	670	EFO:0001187 TF ChIP-seq ZNF451 genetically modified (insertion) using CRISPR targeting H. sapiens ZNF451	TF ChIP-seq	HepG2	child	CELL_LINE	encode
CHIP_TF	671	EFO:0001187 TF ChIP-seq ZNF460 genetically modified (insertion) using CRISPR targeting H. sapiens ZNF460	TF ChIP-seq	HepG2	child	CELL_LINE	encode
CHIP_TF	672	EFO:0001187 TF ChIP-seq ZNF48 genetically modified (insertion) using CRISPR targeting H. sapiens ZNF48	TF ChIP-seq	HepG2	child	CELL_LINE	encode
CHIP_TF	673	EFO:0001187 TF ChIP-seq ZNF483 genetically modified (insertion) using CRISPR targeting H. sapiens ZNF483	TF ChIP-seq	HepG2	child	CELL_LINE	encode
CHIP_TF	674	EFO:0001187 TF ChIP-seq ZNF485 genetically modified (insertion) using CRISPR targeting H. sapiens ZNF485	TF ChIP-seq	HepG2	child	CELL_LINE	encode
CHIP_TF	675	EFO:0001187 TF ChIP-seq ZNF501 genetically modified (insertion) using CRISPR targeting H. sapiens ZNF501	TF ChIP-seq	HepG2	child	CELL_LINE	encode
CHIP_TF	676	EFO:0001187 TF ChIP-seq ZNF503 genetically modified (insertion) using CRISPR targeting H. sapiens ZNF503	TF ChIP-seq	HepG2	child	CELL_LINE	encode
CHIP_TF	677	EFO:0001187 TF ChIP-seq ZNF510 genetically modified (insertion) using CRISPR targeting H. sapiens ZNF510	TF ChIP-seq	HepG2	child	CELL_LINE	encode
CHIP_TF	678	EFO:0001187 TF ChIP-seq ZNF511 genetically modified (insertion) using CRISPR targeting H. sapiens ZNF511	TF ChIP-seq	HepG2	child	CELL_LINE	encode
CHIP_TF	679	EFO:0001187 TF ChIP-seq ZNF512B genetically modified (insertion) using CRISPR targeting H. sapiens ZNF512B	TF ChIP-seq	HepG2	child	CELL_LINE	encode
CHIP_TF	680	EFO:0001187 TF ChIP-seq ZNF526 genetically modified (insertion) using CRISPR targeting H. sapiens ZNF526	TF ChIP-seq	HepG2	child	CELL_LINE	encode
CHIP_TF	681	EFO:0001187 TF ChIP-seq ZNF527 genetically modified (insertion) using CRISPR targeting H. sapiens ZNF527	TF ChIP-seq	HepG2	child	CELL_LINE	encode
CHIP_TF	682	EFO:0001187 TF ChIP-seq ZNF543 genetically modified (insertion) using CRISPR targeting H. sapiens ZNF543	TF ChIP-seq	HepG2	child	CELL_LINE	encode
CHIP_TF	683	EFO:0001187 TF ChIP-seq ZNF546 genetically modified (insertion) using CRISPR targeting H. sapiens ZNF546	TF ChIP-seq	HepG2	child	CELL_LINE	encode
CHIP_TF	684	EFO:0001187 TF ChIP-seq ZNF547 genetically modified (insertion) using CRISPR targeting H. sapiens ZNF547	TF ChIP-seq	HepG2	child	CELL_LINE	encode
CHIP_TF	685	EFO:0001187 TF ChIP-seq ZNF548 genetically modified (insertion) using CRISPR targeting H. sapiens ZNF548	TF ChIP-seq	HepG2	child	CELL_LINE	encode
CHIP_TF	686	EFO:0001187 TF ChIP-seq ZNF552 genetically modified (insertion) using CRISPR targeting H. sapiens ZNF552	TF ChIP-seq	HepG2	child	CELL_LINE	encode
CHIP_TF	687	EFO:0001187 TF ChIP-seq ZNF556 genetically modified (insertion) using CRISPR targeting H. sapiens ZNF556	TF ChIP-seq	HepG2	child	CELL_LINE	encode
CHIP_TF	688	EFO:0001187 TF ChIP-seq ZNF558 genetically modified (insertion) using CRISPR targeting H. sapiens ZNF558	TF ChIP-seq	HepG2	child	CELL_LINE	encode
CHIP_TF	689	EFO:0001187 TF ChIP-seq ZNF563 genetically modified (insertion) using CRISPR targeting H. sapiens ZNF563	TF ChIP-seq	HepG2	child	CELL_LINE	encode
CHIP_TF	690	EFO:0001187 TF ChIP-seq ZNF564 genetically modified (insertion) using CRISPR targeting H. sapiens ZNF564	TF ChIP-seq	HepG2	child	CELL_LINE	encode
CHIP_TF	691	EFO:0001187 TF ChIP-seq ZNF567 genetically modified (insertion) using CRISPR targeting H. sapiens ZNF567	TF ChIP-seq	HepG2	child	CELL_LINE	encode
CHIP_TF	692	EFO:0001187 TF ChIP-seq ZNF572 genetically modified (insertion) using CRISPR targeting H. sapiens ZNF572	TF ChIP-seq	HepG2	child	CELL_LINE	encode
CHIP_TF	693	EFO:0001187 TF ChIP-seq ZNF574 genetically modified (insertion) using CRISPR targeting H. sapiens ZNF574	TF ChIP-seq	HepG2	child	CELL_LINE	encode
CHIP_TF	694	EFO:0001187 TF ChIP-seq ZNF580 genetically modified (insertion) using CRISPR targeting H. sapiens ZNF580	TF ChIP-seq	HepG2	child	CELL_LINE	encode
CHIP_TF	695	EFO:0001187 TF ChIP-seq ZNF589 genetically modified (insertion) using CRISPR targeting H. sapiens ZNF589	TF ChIP-seq	HepG2	child	CELL_LINE	encode
CHIP_TF	696	EFO:0001187 TF ChIP-seq ZNF598 genetically modified (insertion) using CRISPR targeting H. sapiens ZNF598	TF ChIP-seq	HepG2	child	CELL_LINE	encode
CHIP_TF	697	EFO:0001187 TF ChIP-seq ZNF605 genetically modified (insertion) using CRISPR targeting H. sapiens ZNF605	TF ChIP-seq	HepG2	child	CELL_LINE	encode
CHIP_TF	698	EFO:0001187 TF ChIP-seq ZNF607 genetically modified (insertion) using CRISPR targeting H. sapiens ZNF607	TF ChIP-seq	HepG2	child	CELL_LINE	encode
CHIP_TF	699	EFO:0001187 TF ChIP-seq ZNF608 genetically modified (insertion) using CRISPR targeting H. sapiens ZNF608	TF ChIP-seq	HepG2	child	CELL_LINE	encode
CHIP_TF	700	EFO:0001187 TF ChIP-seq ZNF609 genetically modified (insertion) using CRISPR targeting H. sapiens ZNF609	TF ChIP-seq	HepG2	child	CELL_LINE	encode
CHIP_TF	701	EFO:0001187 TF ChIP-seq ZNF614 genetically modified (insertion) using CRISPR targeting H. sapiens ZNF614	TF ChIP-seq	HepG2	child	CELL_LINE	encode
CHIP_TF	702	EFO:0001187 TF ChIP-seq ZNF616 genetically modified (insertion) using CRISPR targeting H. sapiens ZNF616	TF ChIP-seq	HepG2	child	CELL_LINE	encode
CHIP_TF	703	EFO:0001187 TF ChIP-seq ZNF619 genetically modified (insertion) using CRISPR targeting H. sapiens ZNF619	TF ChIP-seq	HepG2	child	CELL_LINE	encode
CHIP_TF	704	EFO:0001187 TF ChIP-seq ZNF629 genetically modified (insertion) using CRISPR targeting H. sapiens ZNF629	TF ChIP-seq	HepG2	child	CELL_LINE	encode
CHIP_TF	705	EFO:0001187 TF ChIP-seq ZNF639 genetically modified (insertion) using CRISPR targeting H. sapiens ZNF639	TF ChIP-seq	HepG2	child	CELL_LINE	encode
CHIP_TF	706	EFO:0001187 TF ChIP-seq ZNF644 genetically modified (insertion) using CRISPR targeting H. sapiens ZNF644	TF ChIP-seq	HepG2	child	CELL_LINE	encode
CHIP_TF	707	EFO:0001187 TF ChIP-seq ZNF646 genetically modified (insertion) using CRISPR targeting H. sapiens ZNF646	TF ChIP-seq	HepG2	child	CELL_LINE	encode
CHIP_TF	708	EFO:0001187 TF ChIP-seq ZNF652 genetically modified (insertion) using CRISPR targeting H. sapiens ZNF652	TF ChIP-seq	HepG2	child	CELL_LINE	encode
CHIP_TF	709	EFO:0001187 TF ChIP-seq ZNF670 genetically modified (insertion) using CRISPR targeting H. sapiens ZNF670	TF ChIP-seq	HepG2	child	CELL_LINE	encode
CHIP_TF	710	EFO:0001187 TF ChIP-seq ZNF687 genetically modified (insertion) using CRISPR targeting H. sapiens ZNF687	TF ChIP-seq	HepG2	child	CELL_LINE	encode
CHIP_TF	711	EFO:0001187 TF ChIP-seq ZNF691 genetically modified (insertion) using CRISPR targeting H. sapiens ZNF691	TF ChIP-seq	HepG2	child	CELL_LINE	encode
CHIP_TF	712	EFO:0001187 TF ChIP-seq ZNF697 genetically modified (insertion) using CRISPR targeting H. sapiens ZNF697	TF ChIP-seq	HepG2	child	CELL_LINE	encode
CHIP_TF	713	EFO:0001187 TF ChIP-seq ZNF703 genetically modified (insertion) using CRISPR targeting H. sapiens ZNF703	TF ChIP-seq	HepG2	child	CELL_LINE	encode
CHIP_TF	714	EFO:0001187 TF ChIP-seq ZNF704 genetically modified (insertion) using CRISPR targeting H. sapiens ZNF704	TF ChIP-seq	HepG2	child	CELL_LINE	encode
CHIP_TF	715	EFO:0001187 TF ChIP-seq ZNF709 genetically modified (insertion) using CRISPR targeting H. sapiens ZNF709	TF ChIP-seq	HepG2	child	CELL_LINE	encode
CHIP_TF	716	EFO:0001187 TF ChIP-seq ZNF710 genetically modified (insertion) using CRISPR targeting H. sapiens ZNF710	TF ChIP-seq	HepG2	child	CELL_LINE	encode
CHIP_TF	717	EFO:0001187 TF ChIP-seq ZNF724P genetically modified (insertion) using CRISPR targeting H. sapiens ZNF724	TF ChIP-seq	HepG2	child	CELL_LINE	encode
CHIP_TF	718	EFO:0001187 TF ChIP-seq ZNF740 genetically modified (insertion) using CRISPR targeting H. sapiens ZNF740	TF ChIP-seq	HepG2	child	CELL_LINE	encode
CHIP_TF	719	EFO:0001187 TF ChIP-seq ZNF746 genetically modified (insertion) using CRISPR targeting H. sapiens ZNF746	TF ChIP-seq	HepG2	child	CELL_LINE	encode
CHIP_TF	720	EFO:0001187 TF ChIP-seq ZNF747 genetically modified (insertion) using CRISPR targeting H. sapiens ZNF747	TF ChIP-seq	HepG2	child	CELL_LINE	encode
CHIP_TF	721	EFO:0001187 TF ChIP-seq ZNF749 genetically modified (insertion) using CRISPR targeting H. sapiens ZNF749	TF ChIP-seq	HepG2	child	CELL_LINE	encode
CHIP_TF	722	EFO:0001187 TF ChIP-seq ZNF761 genetically modified (insertion) using CRISPR targeting H. sapiens ZNF761	TF ChIP-seq	HepG2	child	CELL_LINE	encode
CHIP_TF	723	EFO:0001187 TF ChIP-seq ZNF766 genetically modified (insertion) using CRISPR targeting H. sapiens ZNF766	TF ChIP-seq	HepG2	child	CELL_LINE	encode
CHIP_TF	724	EFO:0001187 TF ChIP-seq ZNF768 genetically modified (insertion) using CRISPR targeting H. sapiens ZNF768	TF ChIP-seq	HepG2	child	CELL_LINE	encode
CHIP_TF	725	EFO:0001187 TF ChIP-seq ZNF770 genetically modified (insertion) using CRISPR targeting H. sapiens ZNF770	TF ChIP-seq	HepG2	child	CELL_LINE	encode
CHIP_TF	726	EFO:0001187 TF ChIP-seq ZNF772 genetically modified (insertion) using CRISPR targeting H. sapiens ZNF772	TF ChIP-seq	HepG2	child	CELL_LINE	encode
CHIP_TF	727	EFO:0001187 TF ChIP-seq ZNF776 genetically modified (insertion) using CRISPR targeting H. sapiens ZNF776	TF ChIP-seq	HepG2	child	CELL_LINE	encode
CHIP_TF	728	EFO:0001187 TF ChIP-seq ZNF777 genetically modified (insertion) using CRISPR targeting H. sapiens ZNF777	TF ChIP-seq	HepG2	child	CELL_LINE	encode
CHIP_TF	729	EFO:0001187 TF ChIP-seq ZNF780A genetically modified (insertion) using CRISPR targeting H. sapiens ZNF780A	TF ChIP-seq	HepG2	child	CELL_LINE	encode
CHIP_TF	730	EFO:0001187 TF ChIP-seq ZNF782 genetically modified (insertion) using CRISPR targeting H. sapiens ZNF782	TF ChIP-seq	HepG2	child	CELL_LINE	encode
CHIP_TF	731	EFO:0001187 TF ChIP-seq ZNF784 genetically modified (insertion) using CRISPR targeting H. sapiens ZNF784	TF ChIP-seq	HepG2	child	CELL_LINE	encode
CHIP_TF	732	EFO:0001187 TF ChIP-seq ZNF786 genetically modified (insertion) using CRISPR targeting H. sapiens ZNF786	TF ChIP-seq	HepG2	child	CELL_LINE	encode
CHIP_TF	733	EFO:0001187 TF ChIP-seq ZNF788 genetically modified (insertion) using CRISPR targeting H. sapiens ZNF788P	TF ChIP-seq	HepG2	child	CELL_LINE	encode
CHIP_TF	734	EFO:0001187 TF ChIP-seq ZNF790 genetically modified (insertion) using CRISPR targeting H. sapiens ZNF790	TF ChIP-seq	HepG2	child	CELL_LINE	encode
CHIP_TF	735	EFO:0001187 TF ChIP-seq ZNF792 genetically modified (insertion) using CRISPR targeting H. sapiens ZNF792	TF ChIP-seq	HepG2	child	CELL_LINE	encode
CHIP_TF	736	EFO:0001187 TF ChIP-seq ZNF800 genetically modified (insertion) using CRISPR targeting H. sapiens ZNF800	TF ChIP-seq	HepG2	child	CELL_LINE	encode
CHIP_TF	737	EFO:0001187 TF ChIP-seq ZNF816 genetically modified (insertion) using CRISPR targeting H. sapiens ZNF816	TF ChIP-seq	HepG2	child	CELL_LINE	encode
CHIP_TF	738	EFO:0001187 TF ChIP-seq ZNF827 genetically modified (insertion) using CRISPR targeting H. sapiens ZNF827	TF ChIP-seq	HepG2	child	CELL_LINE	encode
CHIP_TF	739	EFO:0001187 TF ChIP-seq ZNF83 genetically modified (insertion) using CRISPR targeting H. sapiens ZNF83	TF ChIP-seq	HepG2	child	CELL_LINE	encode
CHIP_TF	740	EFO:0001187 TF ChIP-seq ZNF839 genetically modified (insertion) using CRISPR targeting H. sapiens ZNF839	TF ChIP-seq	HepG2	child	CELL_LINE	encode
CHIP_TF	741	EFO:0001187 TF ChIP-seq ZNF865 genetically modified (insertion) using CRISPR targeting H. sapiens ZNF865	TF ChIP-seq	HepG2	child	CELL_LINE	encode
CHIP_TF	742	EFO:0001187 TF ChIP-seq ZNF878 genetically modified (insertion) using CRISPR targeting H. sapiens ZNF878	TF ChIP-seq	HepG2	child	CELL_LINE	encode
CHIP_TF	743	EFO:0001187 TF ChIP-seq ZNF879 genetically modified (insertion) using CRISPR targeting H. sapiens ZNF879	TF ChIP-seq	HepG2	child	CELL_LINE	encode
CHIP_TF	744	EFO:0001187 TF ChIP-seq ZNF891 genetically modified (insertion) using CRISPR targeting H. sapiens ZNF891	TF ChIP-seq	HepG2	child	CELL_LINE	encode
CHIP_TF	745	EFO:0001187 TF ChIP-seq ZSCAN20 genetically modified (insertion) using CRISPR targeting H. sapiens ZSCAN20	TF ChIP-seq	HepG2	child	CELL_LINE	encode
CHIP_TF	746	EFO:0001187 TF ChIP-seq ZSCAN21 genetically modified (insertion) using CRISPR targeting H. sapiens ZSCAN21	TF ChIP-seq	HepG2	child	CELL_LINE	encode
CHIP_TF	747	EFO:0001187 TF ChIP-seq ZSCAN22 genetically modified (insertion) using CRISPR targeting H. sapiens ZSCAN22	TF ChIP-seq	HepG2	child	CELL_LINE	encode
CHIP_TF	748	EFO:0001187 TF ChIP-seq ZSCAN25 genetically modified (insertion) using CRISPR targeting H. sapiens ZSCAN25	TF ChIP-seq	HepG2	child	CELL_LINE	encode
CHIP_TF	749	EFO:0001187 TF ChIP-seq ZSCAN29 genetically modified (insertion) using CRISPR targeting H. sapiens ZSCAN29	TF ChIP-seq	HepG2	child	CELL_LINE	encode
CHIP_TF	750	EFO:0001187 TF ChIP-seq ZSCAN31 genetically modified (insertion) using CRISPR targeting H. sapiens ZSCAN31	TF ChIP-seq	HepG2	child	CELL_LINE	encode
CHIP_TF	751	EFO:0001187 TF ChIP-seq ZSCAN5A genetically modified (insertion) using CRISPR targeting H. sapiens ZSCAN5A	TF ChIP-seq	HepG2	child	CELL_LINE	encode
CHIP_TF	752	EFO:0001187 TF ChIP-seq ZSCAN9 genetically modified (insertion) using CRISPR targeting H. sapiens ZSCAN9	TF ChIP-seq	HepG2	child	CELL_LINE	encode
CHIP_TF	753	EFO:0001187 TF ChIP-seq ZXDC genetically modified (insertion) using CRISPR targeting H. sapiens ZXDC	TF ChIP-seq	HepG2	child	CELL_LINE	encode
CHIP_TF	754	EFO:0001187 TF ChIP-seq ZZZ3 genetically modified (insertion) using CRISPR targeting H. sapiens ZZZ3	TF ChIP-seq	HepG2	child	CELL_LINE	encode
CHIP_TF	755	EFO:0001196 TF ChIP-seq BHLHE40	TF ChIP-seq	IMR-90	embryonic	CELL_LINE	encode
CHIP_TF	756	EFO:0001196 TF ChIP-seq CEBPB	TF ChIP-seq	IMR-90	embryonic	CELL_LINE	encode
CHIP_TF	757	EFO:0001196 TF ChIP-seq CTCF	TF ChIP-seq	IMR-90	embryonic	CELL_LINE	encode
CHIP_TF	758	EFO:0001196 TF ChIP-seq FOS	TF ChIP-seq	IMR-90	embryonic	CELL_LINE	encode
CHIP_TF	759	EFO:0001196 TF ChIP-seq MAFK	TF ChIP-seq	IMR-90	embryonic	CELL_LINE	encode
CHIP_TF	760	EFO:0001196 TF ChIP-seq MAZ	TF ChIP-seq	IMR-90	embryonic	CELL_LINE	encode
CHIP_TF	761	EFO:0001196 TF ChIP-seq MXI1	TF ChIP-seq	IMR-90	embryonic	CELL_LINE	encode
CHIP_TF	762	EFO:0001196 TF ChIP-seq NFE2L2	TF ChIP-seq	IMR-90	embryonic	CELL_LINE	encode
CHIP_TF	763	EFO:0001196 TF ChIP-seq POLR2A	TF ChIP-seq	IMR-90	embryonic	CELL_LINE	encode
CHIP_TF	764	EFO:0001196 TF ChIP-seq RAD21	TF ChIP-seq	IMR-90	embryonic	CELL_LINE	encode
CHIP_TF	765	EFO:0001196 TF ChIP-seq SMC3	TF ChIP-seq	IMR-90	embryonic	CELL_LINE	encode
CHIP_TF	766	EFO:0001196 TF ChIP-seq USF2	TF ChIP-seq	IMR-90	embryonic	CELL_LINE	encode
CHIP_TF	767	EFO:0001200 TF ChIP-seq CTCF	TF ChIP-seq	MCF 10A	adult	CELL_LINE	encode
CHIP_TF	768	EFO:0001203 TF ChIP-seq ATF7	TF ChIP-seq	MCF-7	adult	CELL_LINE	encode
CHIP_TF	769	EFO:0001203 TF ChIP-seq BMI1	TF ChIP-seq	MCF-7	adult	CELL_LINE	encode
CHIP_TF	770	EFO:0001203 TF ChIP-seq CEBPB	TF ChIP-seq	MCF-7	adult	CELL_LINE	encode
CHIP_TF	771	EFO:0001203 TF ChIP-seq CEBPG stably expressing C-terminal eGFP-tagged CEBPG	TF ChIP-seq	MCF-7	adult	CELL_LINE	encode
CHIP_TF	772	EFO:0001203 TF ChIP-seq CHD1	TF ChIP-seq	MCF-7	adult	CELL_LINE	encode
CHIP_TF	773	EFO:0001203 TF ChIP-seq CLOCK	TF ChIP-seq	MCF-7	adult	CELL_LINE	encode
CHIP_TF	774	EFO:0001203 TF ChIP-seq CREB1	TF ChIP-seq	MCF-7	adult	CELL_LINE	encode
CHIP_TF	775	EFO:0001203 TF ChIP-seq CTBP1	TF ChIP-seq	MCF-7	adult	CELL_LINE	encode
CHIP_TF	776	EFO:0001203 TF ChIP-seq CTCF	TF ChIP-seq	MCF-7	adult	CELL_LINE	encode
CHIP_TF	777	EFO:0001203 TF ChIP-seq CUX1	TF ChIP-seq	MCF-7	adult	CELL_LINE	encode
CHIP_TF	778	EFO:0001203 TF ChIP-seq DPF2	TF ChIP-seq	MCF-7	adult	CELL_LINE	encode
CHIP_TF	779	EFO:0001203 TF ChIP-seq E2F1 stably expressing N-terminal HA-tagged E2F1	TF ChIP-seq	MCF-7	adult	CELL_LINE	encode
CHIP_TF	780	EFO:0001203 TF ChIP-seq EGR1	TF ChIP-seq	MCF-7	adult	CELL_LINE	encode
CHIP_TF	781	EFO:0001203 TF ChIP-seq ELF1	TF ChIP-seq	MCF-7	adult	CELL_LINE	encode
CHIP_TF	782	EFO:0001203 TF ChIP-seq ELK1	TF ChIP-seq	MCF-7	adult	CELL_LINE	encode
CHIP_TF	783	EFO:0001203 TF ChIP-seq EP300	TF ChIP-seq	MCF-7	adult	CELL_LINE	encode
CHIP_TF	784	EFO:0001203 TF ChIP-seq ESR1 genetically modified (insertion) using CRISPR targeting H. sapiens ESR1	TF ChIP-seq	MCF-7	adult	CELL_LINE	encode
CHIP_TF	785	EFO:0001203 TF ChIP-seq FOS	TF ChIP-seq	MCF-7	adult	CELL_LINE	encode
CHIP_TF	786	EFO:0001203 TF ChIP-seq FOSL2	TF ChIP-seq	MCF-7	adult	CELL_LINE	encode
CHIP_TF	787	EFO:0001203 TF ChIP-seq FOSL2 stably expressing C-terminal eGFP-tagged FOSL2	TF ChIP-seq	MCF-7	adult	CELL_LINE	encode
CHIP_TF	788	EFO:0001203 TF ChIP-seq FOXA1	TF ChIP-seq	MCF-7	adult	CELL_LINE	encode
CHIP_TF	789	EFO:0001203 TF ChIP-seq FOXM1	TF ChIP-seq	MCF-7	adult	CELL_LINE	encode
CHIP_TF	790	EFO:0001203 TF ChIP-seq GABPA	TF ChIP-seq	MCF-7	adult	CELL_LINE	encode
CHIP_TF	791	EFO:0001203 TF ChIP-seq GATA3	TF ChIP-seq	MCF-7	adult	CELL_LINE	encode
CHIP_TF	792	EFO:0001203 TF ChIP-seq HCFC1	TF ChIP-seq	MCF-7	adult	CELL_LINE	encode
CHIP_TF	793	EFO:0001203 TF ChIP-seq HDAC2	TF ChIP-seq	MCF-7	adult	CELL_LINE	encode
CHIP_TF	794	EFO:0001203 TF ChIP-seq JUND	TF ChIP-seq	MCF-7	adult	CELL_LINE	encode
CHIP_TF	795	EFO:0001203 TF ChIP-seq KLF4 stably expressing C-terminal eGFP-tagged KLF4	TF ChIP-seq	MCF-7	adult	CELL_LINE	encode
CHIP_TF	796	EFO:0001203 TF ChIP-seq KLF9 stably expressing C-terminal eGFP-tagged KLF9	TF ChIP-seq	MCF-7	adult	CELL_LINE	encode
CHIP_TF	797	EFO:0001203 TF ChIP-seq MAFK	TF ChIP-seq	MCF-7	adult	CELL_LINE	encode
CHIP_TF	798	EFO:0001203 TF ChIP-seq MAX	TF ChIP-seq	MCF-7	adult	CELL_LINE	encode
CHIP_TF	799	EFO:0001203 TF ChIP-seq MAZ	TF ChIP-seq	MCF-7	adult	CELL_LINE	encode
CHIP_TF	800	EFO:0001203 TF ChIP-seq MBD2	TF ChIP-seq	MCF-7	adult	CELL_LINE	encode
CHIP_TF	801	EFO:0001203 TF ChIP-seq MNT	TF ChIP-seq	MCF-7	adult	CELL_LINE	encode
CHIP_TF	802	EFO:0001203 TF ChIP-seq MSX2 genetically modified (insertion) using CRISPR targeting H. sapiens MSX2	TF ChIP-seq	MCF-7	adult	CELL_LINE	encode
CHIP_TF	803	EFO:0001203 TF ChIP-seq MYC	TF ChIP-seq	MCF-7	adult	CELL_LINE	encode
CHIP_TF	804	EFO:0001203 TF ChIP-seq NCOA3	TF ChIP-seq	MCF-7	adult	CELL_LINE	encode
CHIP_TF	805	EFO:0001203 TF ChIP-seq NFIB	TF ChIP-seq	MCF-7	adult	CELL_LINE	encode
CHIP_TF	806	EFO:0001203 TF ChIP-seq NR2F2	TF ChIP-seq	MCF-7	adult	CELL_LINE	encode
CHIP_TF	807	EFO:0001203 TF ChIP-seq NRF1	TF ChIP-seq	MCF-7	adult	CELL_LINE	encode
CHIP_TF	808	EFO:0001203 TF ChIP-seq OVOL1 genetically modified (insertion) using CRISPR targeting H. sapiens OVOL1	TF ChIP-seq	MCF-7	adult	CELL_LINE	encode
CHIP_TF	809	EFO:0001203 TF ChIP-seq PKNOX1	TF ChIP-seq	MCF-7	adult	CELL_LINE	encode
CHIP_TF	810	EFO:0001203 TF ChIP-seq PML	TF ChIP-seq	MCF-7	adult	CELL_LINE	encode
CHIP_TF	811	EFO:0001203 TF ChIP-seq POLR2A	TF ChIP-seq	MCF-7	adult	CELL_LINE	encode
CHIP_TF	812	EFO:0001203 TF ChIP-seq RAD21	TF ChIP-seq	MCF-7	adult	CELL_LINE	encode
CHIP_TF	813	EFO:0001203 TF ChIP-seq RAD21 genetically modified (insertion) using CRISPR targeting H. sapiens RAD21	TF ChIP-seq	MCF-7	adult	CELL_LINE	encode
CHIP_TF	814	EFO:0001203 TF ChIP-seq RAD51	TF ChIP-seq	MCF-7	adult	CELL_LINE	encode
CHIP_TF	815	EFO:0001203 TF ChIP-seq REST	TF ChIP-seq	MCF-7	adult	CELL_LINE	encode
CHIP_TF	816	EFO:0001203 TF ChIP-seq RFX1	TF ChIP-seq	MCF-7	adult	CELL_LINE	encode
CHIP_TF	817	EFO:0001203 TF ChIP-seq RFX5	TF ChIP-seq	MCF-7	adult	CELL_LINE	encode
CHIP_TF	818	EFO:0001203 TF ChIP-seq SIN3A	TF ChIP-seq	MCF-7	adult	CELL_LINE	encode
CHIP_TF	819	EFO:0001203 TF ChIP-seq SMARCE1	TF ChIP-seq	MCF-7	adult	CELL_LINE	encode
CHIP_TF	820	EFO:0001203 TF ChIP-seq SPDEF genetically modified (insertion) using CRISPR targeting H. sapiens SPDEF	TF ChIP-seq	MCF-7	adult	CELL_LINE	encode
CHIP_TF	821	EFO:0001203 TF ChIP-seq SRF	TF ChIP-seq	MCF-7	adult	CELL_LINE	encode
CHIP_TF	822	EFO:0001203 TF ChIP-seq SUZ12	TF ChIP-seq	MCF-7	adult	CELL_LINE	encode
CHIP_TF	823	EFO:0001203 TF ChIP-seq TAF1	TF ChIP-seq	MCF-7	adult	CELL_LINE	encode
CHIP_TF	824	EFO:0001203 TF ChIP-seq TARDBP	TF ChIP-seq	MCF-7	adult	CELL_LINE	encode
CHIP_TF	825	EFO:0001203 TF ChIP-seq TCF12	TF ChIP-seq	MCF-7	adult	CELL_LINE	encode
CHIP_TF	826	EFO:0001203 TF ChIP-seq TCF7L2	TF ChIP-seq	MCF-7	adult	CELL_LINE	encode
CHIP_TF	827	EFO:0001203 TF ChIP-seq TEAD4	TF ChIP-seq	MCF-7	adult	CELL_LINE	encode
CHIP_TF	828	EFO:0001203 TF ChIP-seq TOE1	TF ChIP-seq	MCF-7	adult	CELL_LINE	encode
CHIP_TF	829	EFO:0001203 TF ChIP-seq TRIM22	TF ChIP-seq	MCF-7	adult	CELL_LINE	encode
CHIP_TF	830	EFO:0001203 TF ChIP-seq ZBTB40	TF ChIP-seq	MCF-7	adult	CELL_LINE	encode
CHIP_TF	831	EFO:0001203 TF ChIP-seq ZFX	TF ChIP-seq	MCF-7	adult	CELL_LINE	encode
CHIP_TF	832	EFO:0001203 TF ChIP-seq ZHX2	TF ChIP-seq	MCF-7	adult	CELL_LINE	encode
CHIP_TF	833	EFO:0001203 TF ChIP-seq ZNF217	TF ChIP-seq	MCF-7	adult	CELL_LINE	encode
CHIP_TF	834	EFO:0001203 TF ChIP-seq ZNF24	TF ChIP-seq	MCF-7	adult	CELL_LINE	encode
CHIP_TF	835	EFO:0001203 TF ChIP-seq ZNF444	TF ChIP-seq	MCF-7	adult	CELL_LINE	encode
CHIP_TF	836	EFO:0001203 TF ChIP-seq ZNF574	TF ChIP-seq	MCF-7	adult	CELL_LINE	encode
CHIP_TF	837	EFO:0001203 TF ChIP-seq ZNF579	TF ChIP-seq	MCF-7	adult	CELL_LINE	encode
CHIP_TF	838	EFO:0001203 TF ChIP-seq ZNF687	TF ChIP-seq	MCF-7	adult	CELL_LINE	encode
CHIP_TF	839	EFO:0001247 TF ChIP-seq JUND	TF ChIP-seq	T47D	adult	CELL_LINE	encode
CHIP_TF	840	EFO:0001260 TF ChIP-seq CTCF	TF ChIP-seq	WI38	unknown	CELL_LINE	encode
CHIP_TF	841	EFO:0002067 TF ChIP-seq ADNP stably expressing C-terminal eGFP-tagged ADNP	TF ChIP-seq	K562	adult	CELL_LINE	encode
CHIP_TF	842	EFO:0002067 TF ChIP-seq AFF1	TF ChIP-seq	K562	adult	CELL_LINE	encode
CHIP_TF	843	EFO:0002067 TF ChIP-seq AFF4 genetically modified (insertion) using CRISPR targeting H. sapiens AFF4	TF ChIP-seq	K562	adult	CELL_LINE	encode
CHIP_TF	844	EFO:0002067 TF ChIP-seq AGO1	TF ChIP-seq	K562	adult	CELL_LINE	encode
CHIP_TF	845	EFO:0002067 TF ChIP-seq ARID1B	TF ChIP-seq	K562	adult	CELL_LINE	encode
CHIP_TF	846	EFO:0002067 TF ChIP-seq ARID3A	TF ChIP-seq	K562	adult	CELL_LINE	encode
CHIP_TF	847	EFO:0002067 TF ChIP-seq ARID4B genetically modified (insertion) using CRISPR targeting H. sapiens ARID4B	TF ChIP-seq	K562	adult	CELL_LINE	encode
CHIP_TF	848	EFO:0002067 TF ChIP-seq ARNT	TF ChIP-seq	K562	adult	CELL_LINE	encode
CHIP_TF	849	EFO:0002067 TF ChIP-seq ASH1L	TF ChIP-seq	K562	adult	CELL_LINE	encode
CHIP_TF	850	EFO:0002067 TF ChIP-seq ATF1	TF ChIP-seq	K562	adult	CELL_LINE	encode
CHIP_TF	851	EFO:0002067 TF ChIP-seq ATF1 genetically modified (insertion) using CRISPR targeting H. sapiens ATF1	TF ChIP-seq	K562	adult	CELL_LINE	encode
CHIP_TF	852	EFO:0002067 TF ChIP-seq ATF1 stably expressing C-terminal eGFP-tagged ATF1	TF ChIP-seq	K562	adult	CELL_LINE	encode
CHIP_TF	853	EFO:0002067 TF ChIP-seq ATF2	TF ChIP-seq	K562	adult	CELL_LINE	encode
CHIP_TF	854	EFO:0002067 TF ChIP-seq ATF3	TF ChIP-seq	K562	adult	CELL_LINE	encode
CHIP_TF	855	EFO:0002067 TF ChIP-seq ATF3 genetically modified (insertion) using CRISPR targeting H. sapiens ATF3	TF ChIP-seq	K562	adult	CELL_LINE	encode
CHIP_TF	856	EFO:0002067 TF ChIP-seq ATF3 stably expressing C-terminal eGFP-tagged ATF3	TF ChIP-seq	K562	adult	CELL_LINE	encode
CHIP_TF	857	EFO:0002067 TF ChIP-seq ATF4	TF ChIP-seq	K562	adult	CELL_LINE	encode
CHIP_TF	858	EFO:0002067 TF ChIP-seq ATF4 genetically modified (insertion) using CRISPR targeting H. sapiens ATF4	TF ChIP-seq	K562	adult	CELL_LINE	encode
CHIP_TF	859	EFO:0002067 TF ChIP-seq ATF7	TF ChIP-seq	K562	adult	CELL_LINE	encode
CHIP_TF	860	EFO:0002067 TF ChIP-seq BACH1 stably expressing N-terminal eGFP-tagged BACH1	TF ChIP-seq	K562	adult	CELL_LINE	encode
CHIP_TF	861	EFO:0002067 TF ChIP-seq BCLAF1	TF ChIP-seq	K562	adult	CELL_LINE	encode
CHIP_TF	862	EFO:0002067 TF ChIP-seq BCOR	TF ChIP-seq	K562	adult	CELL_LINE	encode
CHIP_TF	863	EFO:0002067 TF ChIP-seq BHLHE40	TF ChIP-seq	K562	adult	CELL_LINE	encode
CHIP_TF	864	EFO:0002067 TF ChIP-seq BRD4	TF ChIP-seq	K562	adult	CELL_LINE	encode
CHIP_TF	865	EFO:0002067 TF ChIP-seq BRD9	TF ChIP-seq	K562	adult	CELL_LINE	encode
CHIP_TF	866	EFO:0002067 TF ChIP-seq BRF2	TF ChIP-seq	K562	adult	CELL_LINE	encode
CHIP_TF	867	EFO:0002067 TF ChIP-seq C11orf30	TF ChIP-seq	K562	adult	CELL_LINE	encode
CHIP_TF	868	EFO:0002067 TF ChIP-seq CBFA2T2	TF ChIP-seq	K562	adult	CELL_LINE	encode
CHIP_TF	869	EFO:0002067 TF ChIP-seq CBFA2T3	TF ChIP-seq	K562	adult	CELL_LINE	encode
CHIP_TF	870	EFO:0002067 TF ChIP-seq CBFB genetically modified (insertion) using CRISPR targeting H. sapiens CBFB	TF ChIP-seq	K562	adult	CELL_LINE	encode
CHIP_TF	871	EFO:0002067 TF ChIP-seq CBX1	TF ChIP-seq	K562	adult	CELL_LINE	encode
CHIP_TF	872	EFO:0002067 TF ChIP-seq CBX3	TF ChIP-seq	K562	adult	CELL_LINE	encode
CHIP_TF	873	EFO:0002067 TF ChIP-seq CC2D1A	TF ChIP-seq	K562	adult	CELL_LINE	encode
CHIP_TF	874	EFO:0002067 TF ChIP-seq CEBPB	TF ChIP-seq	K562	adult	CELL_LINE	encode
CHIP_TF	875	EFO:0002067 TF ChIP-seq CEBPB stably expressing C-terminal eGFP-tagged CEBPB	TF ChIP-seq	K562	adult	CELL_LINE	encode
CHIP_TF	876	EFO:0002067 TF ChIP-seq CEBPG genetically modified (insertion) using CRISPR targeting H. sapiens CEBPG	TF ChIP-seq	K562	adult	CELL_LINE	encode
CHIP_TF	877	EFO:0002067 TF ChIP-seq CEBPG stably expressing C-terminal eGFP-tagged CEBPG	TF ChIP-seq	K562	adult	CELL_LINE	encode
CHIP_TF	878	EFO:0002067 TF ChIP-seq CHAMP1	TF ChIP-seq	K562	adult	CELL_LINE	encode
CHIP_TF	879	EFO:0002067 TF ChIP-seq CHD1	TF ChIP-seq	K562	adult	CELL_LINE	encode
CHIP_TF	880	EFO:0002067 TF ChIP-seq CHD2	TF ChIP-seq	K562	adult	CELL_LINE	encode
CHIP_TF	881	EFO:0002067 TF ChIP-seq COPS2	TF ChIP-seq	K562	adult	CELL_LINE	encode
CHIP_TF	882	EFO:0002067 TF ChIP-seq CREB1	TF ChIP-seq	K562	adult	CELL_LINE	encode
CHIP_TF	883	EFO:0002067 TF ChIP-seq CREB1 genetically modified (insertion) using CRISPR targeting H. sapiens CREB1	TF ChIP-seq	K562	adult	CELL_LINE	encode
CHIP_TF	884	EFO:0002067 TF ChIP-seq CREB3 stably expressing C-terminal eGFP-tagged CREB3	TF ChIP-seq	K562	adult	CELL_LINE	encode
CHIP_TF	885	EFO:0002067 TF ChIP-seq CREB3L1	TF ChIP-seq	K562	adult	CELL_LINE	encode
CHIP_TF	886	EFO:0002067 TF ChIP-seq CREM	TF ChIP-seq	K562	adult	CELL_LINE	encode
CHIP_TF	887	EFO:0002067 TF ChIP-seq CTBP1	TF ChIP-seq	K562	adult	CELL_LINE	encode
CHIP_TF	888	EFO:0002067 TF ChIP-seq CTCF	TF ChIP-seq	K562	adult	CELL_LINE	encode
CHIP_TF	889	EFO:0002067 TF ChIP-seq CUX1 genetically modified (insertion) using CRISPR targeting H. sapiens CUX1	TF ChIP-seq	K562	adult	CELL_LINE	encode
CHIP_TF	890	EFO:0002067 TF ChIP-seq CXXC5 genetically modified (insertion) using CRISPR targeting H. sapiens CXXC5	TF ChIP-seq	K562	adult	CELL_LINE	encode
CHIP_TF	891	EFO:0002067 TF ChIP-seq DACH1	TF ChIP-seq	K562	adult	CELL_LINE	encode
CHIP_TF	892	EFO:0002067 TF ChIP-seq DDX20	TF ChIP-seq	K562	adult	CELL_LINE	encode
CHIP_TF	893	EFO:0002067 TF ChIP-seq DEAF1	TF ChIP-seq	K562	adult	CELL_LINE	encode
CHIP_TF	894	EFO:0002067 TF ChIP-seq DEAF1 genetically modified (insertion) using CRISPR targeting H. sapiens DEAF1	TF ChIP-seq	K562	adult	CELL_LINE	encode
CHIP_TF	895	EFO:0002067 TF ChIP-seq DIDO1 stably expressing C-terminal eGFP-tagged DIDO1	TF ChIP-seq	K562	adult	CELL_LINE	encode
CHIP_TF	896	EFO:0002067 TF ChIP-seq DMBX1 genetically modified (insertion) using CRISPR targeting H. sapiens DMBX1	TF ChIP-seq	K562	adult	CELL_LINE	encode
CHIP_TF	897	EFO:0002067 TF ChIP-seq DPF2	TF ChIP-seq	K562	adult	CELL_LINE	encode
CHIP_TF	898	EFO:0002067 TF ChIP-seq E2F1	TF ChIP-seq	K562	adult	CELL_LINE	encode
CHIP_TF	899	EFO:0002067 TF ChIP-seq E2F1 genetically modified (insertion) using CRISPR targeting H. sapiens E2F1	TF ChIP-seq	K562	adult	CELL_LINE	encode
CHIP_TF	900	EFO:0002067 TF ChIP-seq E2F5 genetically modified (insertion) using CRISPR targeting H. sapiens E2F5	TF ChIP-seq	K562	adult	CELL_LINE	encode
CHIP_TF	901	EFO:0002067 TF ChIP-seq E2F8	TF ChIP-seq	K562	adult	CELL_LINE	encode
CHIP_TF	902	EFO:0002067 TF ChIP-seq E4F1	TF ChIP-seq	K562	adult	CELL_LINE	encode
CHIP_TF	903	EFO:0002067 TF ChIP-seq EGR1	TF ChIP-seq	K562	adult	CELL_LINE	encode
CHIP_TF	904	EFO:0002067 TF ChIP-seq EHMT2	TF ChIP-seq	K562	adult	CELL_LINE	encode
CHIP_TF	905	EFO:0002067 TF ChIP-seq ELF1	TF ChIP-seq	K562	adult	CELL_LINE	encode
CHIP_TF	906	EFO:0002067 TF ChIP-seq ELF1 genetically modified (insertion) using CRISPR targeting H. sapiens ELF1	TF ChIP-seq	K562	adult	CELL_LINE	encode
CHIP_TF	907	EFO:0002067 TF ChIP-seq ELF1 stably expressing C-terminal eGFP-tagged ELF1	TF ChIP-seq	K562	adult	CELL_LINE	encode
CHIP_TF	908	EFO:0002067 TF ChIP-seq ELF4	TF ChIP-seq	K562	adult	CELL_LINE	encode
CHIP_TF	909	EFO:0002067 TF ChIP-seq ELF4 genetically modified (insertion) using CRISPR targeting H. sapiens ELF4	TF ChIP-seq	K562	adult	CELL_LINE	encode
CHIP_TF	910	EFO:0002067 TF ChIP-seq EP300	TF ChIP-seq	K562	adult	CELL_LINE	encode
CHIP_TF	911	EFO:0002067 TF ChIP-seq EP400	TF ChIP-seq	K562	adult	CELL_LINE	encode
CHIP_TF	912	EFO:0002067 TF ChIP-seq ESRRA	TF ChIP-seq	K562	adult	CELL_LINE	encode
CHIP_TF	913	EFO:0002067 TF ChIP-seq ETS1	TF ChIP-seq	K562	adult	CELL_LINE	encode
CHIP_TF	914	EFO:0002067 TF ChIP-seq ETV1 stably expressing C-terminal eGFP-tagged ETV1	TF ChIP-seq	K562	adult	CELL_LINE	encode
CHIP_TF	915	EFO:0002067 TF ChIP-seq ETV5 genetically modified (insertion) using CRISPR targeting H. sapiens ETV5	TF ChIP-seq	K562	adult	CELL_LINE	encode
CHIP_TF	916	EFO:0002067 TF ChIP-seq ETV6	TF ChIP-seq	K562	adult	CELL_LINE	encode
CHIP_TF	917	EFO:0002067 TF ChIP-seq FOSL1	TF ChIP-seq	K562	adult	CELL_LINE	encode
CHIP_TF	918	EFO:0002067 TF ChIP-seq FOSL1 stably expressing C-terminal eGFP-tagged FOSL1	TF ChIP-seq	K562	adult	CELL_LINE	encode
CHIP_TF	919	EFO:0002067 TF ChIP-seq FOXA3 genetically modified (insertion) using CRISPR targeting H. sapiens FOXA3	TF ChIP-seq	K562	adult	CELL_LINE	encode
CHIP_TF	920	EFO:0002067 TF ChIP-seq FOXJ2 stably expressing C-terminal eGFP-tagged FOXJ2	TF ChIP-seq	K562	adult	CELL_LINE	encode
CHIP_TF	921	EFO:0002067 TF ChIP-seq FOXK2	TF ChIP-seq	K562	adult	CELL_LINE	encode
CHIP_TF	922	EFO:0002067 TF ChIP-seq FOXM1	TF ChIP-seq	K562	adult	CELL_LINE	encode
CHIP_TF	923	EFO:0002067 TF ChIP-seq FOXM1 genetically modified (insertion) using CRISPR targeting H. sapiens FOXM1	TF ChIP-seq	K562	adult	CELL_LINE	encode
CHIP_TF	924	EFO:0002067 TF ChIP-seq FOXP1 genetically modified (insertion) using CRISPR targeting H. sapiens FOXP1	TF ChIP-seq	K562	adult	CELL_LINE	encode
CHIP_TF	925	EFO:0002067 TF ChIP-seq GABPA stably expressing C-terminal eGFP-tagged GABPA	TF ChIP-seq	K562	adult	CELL_LINE	encode
CHIP_TF	926	EFO:0002067 TF ChIP-seq GABPB1	TF ChIP-seq	K562	adult	CELL_LINE	encode
CHIP_TF	927	EFO:0002067 TF ChIP-seq GABPB1 genetically modified (insertion) using CRISPR targeting H. sapiens GABPB1	TF ChIP-seq	K562	adult	CELL_LINE	encode
CHIP_TF	928	EFO:0002067 TF ChIP-seq GATA1	TF ChIP-seq	K562	adult	CELL_LINE	encode
CHIP_TF	929	EFO:0002067 TF ChIP-seq GATA2	TF ChIP-seq	K562	adult	CELL_LINE	encode
CHIP_TF	930	EFO:0002067 TF ChIP-seq GATA2 genetically modified (insertion) using CRISPR targeting H. sapiens GATA2	TF ChIP-seq	K562	adult	CELL_LINE	encode
CHIP_TF	931	EFO:0002067 TF ChIP-seq GATAD2A	TF ChIP-seq	K562	adult	CELL_LINE	encode
CHIP_TF	932	EFO:0002067 TF ChIP-seq GATAD2B	TF ChIP-seq	K562	adult	CELL_LINE	encode
CHIP_TF	933	EFO:0002067 TF ChIP-seq GMEB1	TF ChIP-seq	K562	adult	CELL_LINE	encode
CHIP_TF	934	EFO:0002067 TF ChIP-seq GMEB1 genetically modified (insertion) using CRISPR targeting H. sapiens GMEB1	TF ChIP-seq	K562	adult	CELL_LINE	encode
CHIP_TF	935	EFO:0002067 TF ChIP-seq GTF2E2 stably expressing C-terminal eGFP-tagged GTF2E2	TF ChIP-seq	K562	adult	CELL_LINE	encode
CHIP_TF	936	EFO:0002067 TF ChIP-seq GTF2F1	TF ChIP-seq	K562	adult	CELL_LINE	encode
CHIP_TF	937	EFO:0002067 TF ChIP-seq GTF2I genetically modified (insertion) using CRISPR targeting H. sapiens GTF2I	TF ChIP-seq	K562	adult	CELL_LINE	encode
CHIP_TF	938	EFO:0002067 TF ChIP-seq HCFC1	TF ChIP-seq	K562	adult	CELL_LINE	encode
CHIP_TF	939	EFO:0002067 TF ChIP-seq HDAC1	TF ChIP-seq	K562	adult	CELL_LINE	encode
CHIP_TF	940	EFO:0002067 TF ChIP-seq HDAC2	TF ChIP-seq	K562	adult	CELL_LINE	encode
CHIP_TF	941	EFO:0002067 TF ChIP-seq HDAC3	TF ChIP-seq	K562	adult	CELL_LINE	encode
CHIP_TF	942	EFO:0002067 TF ChIP-seq HDGF	TF ChIP-seq	K562	adult	CELL_LINE	encode
CHIP_TF	943	EFO:0002067 TF ChIP-seq HES1	TF ChIP-seq	K562	adult	CELL_LINE	encode
CHIP_TF	944	EFO:0002067 TF ChIP-seq HINFP stably expressing C-terminal eGFP-tagged HINFP	TF ChIP-seq	K562	adult	CELL_LINE	encode
CHIP_TF	945	EFO:0002067 TF ChIP-seq HLTF	TF ChIP-seq	K562	adult	CELL_LINE	encode
CHIP_TF	946	EFO:0002067 TF ChIP-seq HMBOX1	TF ChIP-seq	K562	adult	CELL_LINE	encode
CHIP_TF	947	EFO:0002067 TF ChIP-seq HMG20A genetically modified (insertion) using CRISPR targeting H. sapiens HMG20A	TF ChIP-seq	K562	adult	CELL_LINE	encode
CHIP_TF	948	EFO:0002067 TF ChIP-seq HMGXB4 genetically modified (insertion) using CRISPR targeting H. sapiens HMGXB4	TF ChIP-seq	K562	adult	CELL_LINE	encode
CHIP_TF	949	EFO:0002067 TF ChIP-seq HNRNPL	TF ChIP-seq	K562	adult	CELL_LINE	encode
CHIP_TF	950	EFO:0002067 TF ChIP-seq ID3 stably expressing C-terminal eGFP-tagged ID3	TF ChIP-seq	K562	adult	CELL_LINE	encode
CHIP_TF	951	EFO:0002067 TF ChIP-seq IKZF1	TF ChIP-seq	K562	adult	CELL_LINE	encode
CHIP_TF	952	EFO:0002067 TF ChIP-seq IRF1 stably expressing C-terminal eGFP-tagged IRF1	TF ChIP-seq	K562	adult	CELL_LINE	encode
CHIP_TF	953	EFO:0002067 TF ChIP-seq IRF2	TF ChIP-seq	K562	adult	CELL_LINE	encode
CHIP_TF	954	EFO:0002067 TF ChIP-seq JUN	TF ChIP-seq	K562	adult	CELL_LINE	encode
CHIP_TF	955	EFO:0002067 TF ChIP-seq JUND	TF ChIP-seq	K562	adult	CELL_LINE	encode
CHIP_TF	956	EFO:0002067 TF ChIP-seq JUND stably expressing JUND	TF ChIP-seq	K562	adult	CELL_LINE	encode
CHIP_TF	957	EFO:0002067 TF ChIP-seq KAT7 genetically modified (insertion) using CRISPR targeting H. sapiens KAT7	TF ChIP-seq	K562	adult	CELL_LINE	encode
CHIP_TF	958	EFO:0002067 TF ChIP-seq KDM1A	TF ChIP-seq	K562	adult	CELL_LINE	encode
CHIP_TF	959	EFO:0002067 TF ChIP-seq KDM4B	TF ChIP-seq	K562	adult	CELL_LINE	encode
CHIP_TF	960	EFO:0002067 TF ChIP-seq KLF16	TF ChIP-seq	K562	adult	CELL_LINE	encode
CHIP_TF	961	EFO:0002067 TF ChIP-seq L3MBTL2	TF ChIP-seq	K562	adult	CELL_LINE	encode
CHIP_TF	962	EFO:0002067 TF ChIP-seq LCOR genetically modified (insertion) using CRISPR targeting H. sapiens LCOR	TF ChIP-seq	K562	adult	CELL_LINE	encode
CHIP_TF	963	EFO:0002067 TF ChIP-seq LEF1	TF ChIP-seq	K562	adult	CELL_LINE	encode
CHIP_TF	964	EFO:0002067 TF ChIP-seq MAFF	TF ChIP-seq	K562	adult	CELL_LINE	encode
CHIP_TF	965	EFO:0002067 TF ChIP-seq MAFG stably expressing C-terminal eGFP-tagged MAFG	TF ChIP-seq	K562	adult	CELL_LINE	encode
CHIP_TF	966	EFO:0002067 TF ChIP-seq MAFK	TF ChIP-seq	K562	adult	CELL_LINE	encode
CHIP_TF	967	EFO:0002067 TF ChIP-seq MAX	TF ChIP-seq	K562	adult	CELL_LINE	encode
CHIP_TF	968	EFO:0002067 TF ChIP-seq MAX genetically modified (insertion) using CRISPR targeting H. sapiens MAX	TF ChIP-seq	K562	adult	CELL_LINE	encode
CHIP_TF	969	EFO:0002067 TF ChIP-seq MAZ	TF ChIP-seq	K562	adult	CELL_LINE	encode
CHIP_TF	970	EFO:0002067 TF ChIP-seq MAZ genetically modified (insertion) using CRISPR targeting H. sapiens MAZ	TF ChIP-seq	K562	adult	CELL_LINE	encode
CHIP_TF	971	EFO:0002067 TF ChIP-seq MBD2	TF ChIP-seq	K562	adult	CELL_LINE	encode
CHIP_TF	972	EFO:0002067 TF ChIP-seq MCM5	TF ChIP-seq	K562	adult	CELL_LINE	encode
CHIP_TF	973	EFO:0002067 TF ChIP-seq MEF2A	TF ChIP-seq	K562	adult	CELL_LINE	encode
CHIP_TF	974	EFO:0002067 TF ChIP-seq MEF2D stably expressing C-terminal eGFP-tagged MEF2D	TF ChIP-seq	K562	adult	CELL_LINE	encode
CHIP_TF	975	EFO:0002067 TF ChIP-seq MEIS2	TF ChIP-seq	K562	adult	CELL_LINE	encode
CHIP_TF	976	EFO:0002067 TF ChIP-seq MGA	TF ChIP-seq	K562	adult	CELL_LINE	encode
CHIP_TF	977	EFO:0002067 TF ChIP-seq MIER1	TF ChIP-seq	K562	adult	CELL_LINE	encode
CHIP_TF	978	EFO:0002067 TF ChIP-seq MITF	TF ChIP-seq	K562	adult	CELL_LINE	encode
CHIP_TF	979	EFO:0002067 TF ChIP-seq MLLT1	TF ChIP-seq	K562	adult	CELL_LINE	encode
CHIP_TF	980	EFO:0002067 TF ChIP-seq MNT	TF ChIP-seq	K562	adult	CELL_LINE	encode
CHIP_TF	981	EFO:0002067 TF ChIP-seq MTA1	TF ChIP-seq	K562	adult	CELL_LINE	encode
CHIP_TF	982	EFO:0002067 TF ChIP-seq MTA2	TF ChIP-seq	K562	adult	CELL_LINE	encode
CHIP_TF	983	EFO:0002067 TF ChIP-seq MTA3	TF ChIP-seq	K562	adult	CELL_LINE	encode
CHIP_TF	984	EFO:0002067 TF ChIP-seq MXI1	TF ChIP-seq	K562	adult	CELL_LINE	encode
CHIP_TF	985	EFO:0002067 TF ChIP-seq MYC	TF ChIP-seq	K562	adult	CELL_LINE	encode
CHIP_TF	986	EFO:0002067 TF ChIP-seq MYC genetically modified (insertion) using CRISPR targeting H. sapiens MYC	TF ChIP-seq	K562	adult	CELL_LINE	encode
CHIP_TF	987	EFO:0002067 TF ChIP-seq MYNN	TF ChIP-seq	K562	adult	CELL_LINE	encode
CHIP_TF	988	EFO:0002067 TF ChIP-seq NBN	TF ChIP-seq	K562	adult	CELL_LINE	encode
CHIP_TF	989	EFO:0002067 TF ChIP-seq NCOA1	TF ChIP-seq	K562	adult	CELL_LINE	encode
CHIP_TF	990	EFO:0002067 TF ChIP-seq NCOR1	TF ChIP-seq	K562	adult	CELL_LINE	encode
CHIP_TF	991	EFO:0002067 TF ChIP-seq NEUROD1	TF ChIP-seq	K562	adult	CELL_LINE	encode
CHIP_TF	992	EFO:0002067 TF ChIP-seq NFATC3	TF ChIP-seq	K562	adult	CELL_LINE	encode
CHIP_TF	993	EFO:0002067 TF ChIP-seq NFE2	TF ChIP-seq	K562	adult	CELL_LINE	encode
CHIP_TF	994	EFO:0002067 TF ChIP-seq NFE2 stably expressing C-terminal eGFP-tagged NFE2	TF ChIP-seq	K562	adult	CELL_LINE	encode
CHIP_TF	995	EFO:0002067 TF ChIP-seq NFIC	TF ChIP-seq	K562	adult	CELL_LINE	encode
CHIP_TF	996	EFO:0002067 TF ChIP-seq NFRKB	TF ChIP-seq	K562	adult	CELL_LINE	encode
CHIP_TF	997	EFO:0002067 TF ChIP-seq NFYA genetically modified (insertion) using CRISPR targeting H. sapiens NFYA	TF ChIP-seq	K562	adult	CELL_LINE	encode
CHIP_TF	998	EFO:0002067 TF ChIP-seq NKRF	TF ChIP-seq	K562	adult	CELL_LINE	encode
CHIP_TF	999	EFO:0002067 TF ChIP-seq NONO	TF ChIP-seq	K562	adult	CELL_LINE	encode
CHIP_TF	1000	EFO:0002067 TF ChIP-seq NR0B1	TF ChIP-seq	K562	adult	CELL_LINE	encode
CHIP_TF	1001	EFO:0002067 TF ChIP-seq NR2C1	TF ChIP-seq	K562	adult	CELL_LINE	encode
CHIP_TF	1002	EFO:0002067 TF ChIP-seq NR2C1 stably expressing C-terminal eGFP-tagged NR2C1	TF ChIP-seq	K562	adult	CELL_LINE	encode
CHIP_TF	1003	EFO:0002067 TF ChIP-seq NR2C2 genetically modified (insertion) using CRISPR targeting H. sapiens NR2C2	TF ChIP-seq	K562	adult	CELL_LINE	encode
CHIP_TF	1004	EFO:0002067 TF ChIP-seq NR2C2 stably expressing C-terminal eGFP-tagged NR2C2	TF ChIP-seq	K562	adult	CELL_LINE	encode
CHIP_TF	1005	EFO:0002067 TF ChIP-seq NR2F1	TF ChIP-seq	K562	adult	CELL_LINE	encode
CHIP_TF	1006	EFO:0002067 TF ChIP-seq NR2F2	TF ChIP-seq	K562	adult	CELL_LINE	encode
CHIP_TF	1007	EFO:0002067 TF ChIP-seq NR2F6	TF ChIP-seq	K562	adult	CELL_LINE	encode
CHIP_TF	1008	EFO:0002067 TF ChIP-seq NR4A1 stably expressing C-terminal eGFP-tagged NR4A1	TF ChIP-seq	K562	adult	CELL_LINE	encode
CHIP_TF	1009	EFO:0002067 TF ChIP-seq NRF1	TF ChIP-seq	K562	adult	CELL_LINE	encode
CHIP_TF	1010	EFO:0002067 TF ChIP-seq PBX2 stably expressing C-terminal eGFP-tagged PBX2	TF ChIP-seq	K562	adult	CELL_LINE	encode
CHIP_TF	1011	EFO:0002067 TF ChIP-seq PHF20	TF ChIP-seq	K562	adult	CELL_LINE	encode
CHIP_TF	1012	EFO:0002067 TF ChIP-seq PHF8	TF ChIP-seq	K562	adult	CELL_LINE	encode
CHIP_TF	1013	EFO:0002067 TF ChIP-seq PKNOX1	TF ChIP-seq	K562	adult	CELL_LINE	encode
CHIP_TF	1014	EFO:0002067 TF ChIP-seq PML	TF ChIP-seq	K562	adult	CELL_LINE	encode
CHIP_TF	1015	EFO:0002067 TF ChIP-seq POLR2A	TF ChIP-seq	K562	adult	CELL_LINE	encode
CHIP_TF	1016	EFO:0002067 TF ChIP-seq POLR2AphosphoS2	TF ChIP-seq	K562	adult	CELL_LINE	encode
CHIP_TF	1017	EFO:0002067 TF ChIP-seq POLR2AphosphoS5	TF ChIP-seq	K562	adult	CELL_LINE	encode
CHIP_TF	1018	EFO:0002067 TF ChIP-seq POLR2B	TF ChIP-seq	K562	adult	CELL_LINE	encode
CHIP_TF	1019	EFO:0002067 TF ChIP-seq POLR2G	TF ChIP-seq	K562	adult	CELL_LINE	encode
CHIP_TF	1020	EFO:0002067 TF ChIP-seq POLR2H stably expressing C-terminal eGFP-tagged POLR2H	TF ChIP-seq	K562	adult	CELL_LINE	encode
CHIP_TF	1021	EFO:0002067 TF ChIP-seq PRDM10	TF ChIP-seq	K562	adult	CELL_LINE	encode
CHIP_TF	1022	EFO:0002067 TF ChIP-seq RAD21	TF ChIP-seq	K562	adult	CELL_LINE	encode
CHIP_TF	1023	EFO:0002067 TF ChIP-seq RAD21 genetically modified (insertion) using CRISPR targeting H. sapiens RAD21	TF ChIP-seq	K562	adult	CELL_LINE	encode
CHIP_TF	1024	EFO:0002067 TF ChIP-seq RAD51	TF ChIP-seq	K562	adult	CELL_LINE	encode
CHIP_TF	1025	EFO:0002067 TF ChIP-seq RB1	TF ChIP-seq	K562	adult	CELL_LINE	encode
CHIP_TF	1026	EFO:0002067 TF ChIP-seq RBFOX2	TF ChIP-seq	K562	adult	CELL_LINE	encode
CHIP_TF	1027	EFO:0002067 TF ChIP-seq RBM17	TF ChIP-seq	K562	adult	CELL_LINE	encode
CHIP_TF	1028	EFO:0002067 TF ChIP-seq RCOR1	TF ChIP-seq	K562	adult	CELL_LINE	encode
CHIP_TF	1029	EFO:0002067 TF ChIP-seq REST	TF ChIP-seq	K562	adult	CELL_LINE	encode
CHIP_TF	1030	EFO:0002067 TF ChIP-seq REST genetically modified (insertion) using CRISPR targeting H. sapiens REST	TF ChIP-seq	K562	adult	CELL_LINE	encode
CHIP_TF	1031	EFO:0002067 TF ChIP-seq RFX1	TF ChIP-seq	K562	adult	CELL_LINE	encode
CHIP_TF	1032	EFO:0002067 TF ChIP-seq RNF2	TF ChIP-seq	K562	adult	CELL_LINE	encode
CHIP_TF	1033	EFO:0002067 TF ChIP-seq SAFB	TF ChIP-seq	K562	adult	CELL_LINE	encode
CHIP_TF	1034	EFO:0002067 TF ChIP-seq SAFB2	TF ChIP-seq	K562	adult	CELL_LINE	encode
CHIP_TF	1035	EFO:0002067 TF ChIP-seq SIN3A	TF ChIP-seq	K562	adult	CELL_LINE	encode
CHIP_TF	1036	EFO:0002067 TF ChIP-seq SIN3B	TF ChIP-seq	K562	adult	CELL_LINE	encode
CHIP_TF	1037	EFO:0002067 TF ChIP-seq SIX5	TF ChIP-seq	K562	adult	CELL_LINE	encode
CHIP_TF	1038	EFO:0002067 TF ChIP-seq SKIL	TF ChIP-seq	K562	adult	CELL_LINE	encode
CHIP_TF	1039	EFO:0002067 TF ChIP-seq SMAD1	TF ChIP-seq	K562	adult	CELL_LINE	encode
CHIP_TF	1040	EFO:0002067 TF ChIP-seq SMAD2	TF ChIP-seq	K562	adult	CELL_LINE	encode
CHIP_TF	1041	EFO:0002067 TF ChIP-seq SMAD4 genetically modified (insertion) using CRISPR targeting H. sapiens SMAD4	TF ChIP-seq	K562	adult	CELL_LINE	encode
CHIP_TF	1042	EFO:0002067 TF ChIP-seq SMAD5	TF ChIP-seq	K562	adult	CELL_LINE	encode
CHIP_TF	1043	EFO:0002067 TF ChIP-seq SMARCA4	TF ChIP-seq	K562	adult	CELL_LINE	encode
CHIP_TF	1044	EFO:0002067 TF ChIP-seq SMARCA5	TF ChIP-seq	K562	adult	CELL_LINE	encode
CHIP_TF	1045	EFO:0002067 TF ChIP-seq SMARCC2	TF ChIP-seq	K562	adult	CELL_LINE	encode
CHIP_TF	1046	EFO:0002067 TF ChIP-seq SMARCE1	TF ChIP-seq	K562	adult	CELL_LINE	encode
CHIP_TF	1047	EFO:0002067 TF ChIP-seq SMC3	TF ChIP-seq	K562	adult	CELL_LINE	encode
CHIP_TF	1048	EFO:0002067 TF ChIP-seq SOX6	TF ChIP-seq	K562	adult	CELL_LINE	encode
CHIP_TF	1049	EFO:0002067 TF ChIP-seq SP1	TF ChIP-seq	K562	adult	CELL_LINE	encode
CHIP_TF	1050	EFO:0002067 TF ChIP-seq SP1 genetically modified (insertion) using CRISPR targeting H. sapiens SP1	TF ChIP-seq	K562	adult	CELL_LINE	encode
CHIP_TF	1051	EFO:0002067 TF ChIP-seq SPI1	TF ChIP-seq	K562	adult	CELL_LINE	encode
CHIP_TF	1052	EFO:0002067 TF ChIP-seq SRF genetically modified (insertion) using CRISPR targeting H. sapiens SRF	TF ChIP-seq	K562	adult	CELL_LINE	encode
CHIP_TF	1053	EFO:0002067 TF ChIP-seq SRSF9	TF ChIP-seq	K562	adult	CELL_LINE	encode
CHIP_TF	1054	EFO:0002067 TF ChIP-seq STAG1 genetically modified (insertion) using CRISPR targeting H. sapiens STAG1	TF ChIP-seq	K562	adult	CELL_LINE	encode
CHIP_TF	1055	EFO:0002067 TF ChIP-seq STAT5A	TF ChIP-seq	K562	adult	CELL_LINE	encode
CHIP_TF	1056	EFO:0002067 TF ChIP-seq SUPT5H	TF ChIP-seq	K562	adult	CELL_LINE	encode
CHIP_TF	1057	EFO:0002067 TF ChIP-seq TAF7	TF ChIP-seq	K562	adult	CELL_LINE	encode
CHIP_TF	1058	EFO:0002067 TF ChIP-seq TAF7 stably expressing C-terminal eGFP-tagged TAF7	TF ChIP-seq	K562	adult	CELL_LINE	encode
CHIP_TF	1059	EFO:0002067 TF ChIP-seq TAF9B	TF ChIP-seq	K562	adult	CELL_LINE	encode
CHIP_TF	1060	EFO:0002067 TF ChIP-seq TAL1	TF ChIP-seq	K562	adult	CELL_LINE	encode
CHIP_TF	1061	EFO:0002067 TF ChIP-seq TARDBP	TF ChIP-seq	K562	adult	CELL_LINE	encode
CHIP_TF	1062	EFO:0002067 TF ChIP-seq TBL1XR1	TF ChIP-seq	K562	adult	CELL_LINE	encode
CHIP_TF	1063	EFO:0002067 TF ChIP-seq TCF12	TF ChIP-seq	K562	adult	CELL_LINE	encode
CHIP_TF	1064	EFO:0002067 TF ChIP-seq TCF3 genetically modified (insertion) using CRISPR targeting H. sapiens TCF3	TF ChIP-seq	K562	adult	CELL_LINE	encode
CHIP_TF	1065	EFO:0002067 TF ChIP-seq TEAD1 genetically modified (insertion) using CRISPR targeting H. sapiens TEAD1	TF ChIP-seq	K562	adult	CELL_LINE	encode
CHIP_TF	1066	EFO:0002067 TF ChIP-seq TEAD4	TF ChIP-seq	K562	adult	CELL_LINE	encode
CHIP_TF	1067	EFO:0002067 TF ChIP-seq TFAP4 genetically modified (insertion) using CRISPR targeting H. sapiens TFAP4	TF ChIP-seq	K562	adult	CELL_LINE	encode
CHIP_TF	1068	EFO:0002067 TF ChIP-seq TFCP2 genetically modified (insertion) using CRISPR targeting H. sapiens TFCP2	TF ChIP-seq	K562	adult	CELL_LINE	encode
CHIP_TF	1069	EFO:0002067 TF ChIP-seq TFDP1 genetically modified (insertion) using CRISPR targeting H. sapiens TFDP1	TF ChIP-seq	K562	adult	CELL_LINE	encode
CHIP_TF	1070	EFO:0002067 TF ChIP-seq TFDP1 stably expressing C-terminal eGFP-tagged TFDP1	TF ChIP-seq	K562	adult	CELL_LINE	encode
CHIP_TF	1071	EFO:0002067 TF ChIP-seq TFE3 genetically modified (insertion) using CRISPR targeting H. sapiens TFE3	TF ChIP-seq	K562	adult	CELL_LINE	encode
CHIP_TF	1072	EFO:0002067 TF ChIP-seq THAP1	TF ChIP-seq	K562	adult	CELL_LINE	encode
CHIP_TF	1073	EFO:0002067 TF ChIP-seq THAP12 genetically modified (insertion) using CRISPR targeting H. sapiens THAP12	TF ChIP-seq	K562	adult	CELL_LINE	encode
CHIP_TF	1074	EFO:0002067 TF ChIP-seq TOE1	TF ChIP-seq	K562	adult	CELL_LINE	encode
CHIP_TF	1075	EFO:0002067 TF ChIP-seq TRIM24	TF ChIP-seq	K562	adult	CELL_LINE	encode
CHIP_TF	1076	EFO:0002067 TF ChIP-seq TRIM28	TF ChIP-seq	K562	adult	CELL_LINE	encode
CHIP_TF	1077	EFO:0002067 TF ChIP-seq U2AF2	TF ChIP-seq	K562	adult	CELL_LINE	encode
CHIP_TF	1078	EFO:0002067 TF ChIP-seq UBTF	TF ChIP-seq	K562	adult	CELL_LINE	encode
CHIP_TF	1079	EFO:0002067 TF ChIP-seq USF1 genetically modified (insertion) using CRISPR targeting H. sapiens USF1	TF ChIP-seq	K562	adult	CELL_LINE	encode
CHIP_TF	1080	EFO:0002067 TF ChIP-seq USF2 genetically modified (insertion) using CRISPR targeting H. sapiens USF2	TF ChIP-seq	K562	adult	CELL_LINE	encode
CHIP_TF	1081	EFO:0002067 TF ChIP-seq VEZF1 genetically modified (insertion) using CRISPR targeting H. sapiens VEZF1	TF ChIP-seq	K562	adult	CELL_LINE	encode
CHIP_TF	1082	EFO:0002067 TF ChIP-seq XRCC4	TF ChIP-seq	K562	adult	CELL_LINE	encode
CHIP_TF	1083	EFO:0002067 TF ChIP-seq XRCC5	TF ChIP-seq	K562	adult	CELL_LINE	encode
CHIP_TF	1084	EFO:0002067 TF ChIP-seq YY1	TF ChIP-seq	K562	adult	CELL_LINE	encode
CHIP_TF	1085	EFO:0002067 TF ChIP-seq ZBTB1 genetically modified (insertion) using CRISPR targeting H. sapiens ZBTB1	TF ChIP-seq	K562	adult	CELL_LINE	encode
CHIP_TF	1086	EFO:0002067 TF ChIP-seq ZBTB11	TF ChIP-seq	K562	adult	CELL_LINE	encode
CHIP_TF	1087	EFO:0002067 TF ChIP-seq ZBTB11 genetically modified (insertion) using CRISPR targeting H. sapiens ZBTB11	TF ChIP-seq	K562	adult	CELL_LINE	encode
CHIP_TF	1088	EFO:0002067 TF ChIP-seq ZBTB12 genetically modified (insertion) using CRISPR targeting H. sapiens ZBTB12	TF ChIP-seq	K562	adult	CELL_LINE	encode
CHIP_TF	1089	EFO:0002067 TF ChIP-seq ZBTB17 genetically modified (insertion) using CRISPR targeting H. sapiens ZBTB17	TF ChIP-seq	K562	adult	CELL_LINE	encode
CHIP_TF	1090	EFO:0002067 TF ChIP-seq ZBTB2	TF ChIP-seq	K562	adult	CELL_LINE	encode
CHIP_TF	1091	EFO:0002067 TF ChIP-seq ZBTB33	TF ChIP-seq	K562	adult	CELL_LINE	encode
CHIP_TF	1092	EFO:0002067 TF ChIP-seq ZBTB33 genetically modified (insertion) using CRISPR targeting H. sapiens ZBTB33	TF ChIP-seq	K562	adult	CELL_LINE	encode
CHIP_TF	1093	EFO:0002067 TF ChIP-seq ZBTB40	TF ChIP-seq	K562	adult	CELL_LINE	encode
CHIP_TF	1094	EFO:0002067 TF ChIP-seq ZBTB40 genetically modified (insertion) using CRISPR targeting H. sapiens ZBTB40	TF ChIP-seq	K562	adult	CELL_LINE	encode
CHIP_TF	1095	EFO:0002067 TF ChIP-seq ZBTB7A	TF ChIP-seq	K562	adult	CELL_LINE	encode
CHIP_TF	1096	EFO:0002067 TF ChIP-seq ZBTB9 genetically modified (insertion) using CRISPR targeting H. sapiens ZBTB9	TF ChIP-seq	K562	adult	CELL_LINE	encode
CHIP_TF	1097	EFO:0002067 TF ChIP-seq ZC3H8	TF ChIP-seq	K562	adult	CELL_LINE	encode
CHIP_TF	1098	EFO:0002067 TF ChIP-seq ZEB2	TF ChIP-seq	K562	adult	CELL_LINE	encode
CHIP_TF	1099	EFO:0002067 TF ChIP-seq ZFP36	TF ChIP-seq	K562	adult	CELL_LINE	encode
CHIP_TF	1100	EFO:0002067 TF ChIP-seq ZFP91	TF ChIP-seq	K562	adult	CELL_LINE	encode
CHIP_TF	1101	EFO:0002067 TF ChIP-seq ZFX genetically modified (insertion) using CRISPR targeting H. sapiens ZFX	TF ChIP-seq	K562	adult	CELL_LINE	encode
CHIP_TF	1102	EFO:0002067 TF ChIP-seq ZKSCAN1	TF ChIP-seq	K562	adult	CELL_LINE	encode
CHIP_TF	1103	EFO:0002067 TF ChIP-seq ZKSCAN8 genetically modified (insertion) using CRISPR targeting H. sapiens ZKSCAN8	TF ChIP-seq	K562	adult	CELL_LINE	encode
CHIP_TF	1104	EFO:0002067 TF ChIP-seq ZMIZ1	TF ChIP-seq	K562	adult	CELL_LINE	encode
CHIP_TF	1105	EFO:0002067 TF ChIP-seq ZMYM3	TF ChIP-seq	K562	adult	CELL_LINE	encode
CHIP_TF	1106	EFO:0002067 TF ChIP-seq ZNF12 genetically modified (insertion) using CRISPR targeting H. sapiens ZNF12	TF ChIP-seq	K562	adult	CELL_LINE	encode
CHIP_TF	1107	EFO:0002067 TF ChIP-seq ZNF121 genetically modified (insertion) using CRISPR targeting H. sapiens ZNF121	TF ChIP-seq	K562	adult	CELL_LINE	encode
CHIP_TF	1108	EFO:0002067 TF ChIP-seq ZNF134 genetically modified (insertion) using CRISPR targeting H. sapiens ZNF134	TF ChIP-seq	K562	adult	CELL_LINE	encode
CHIP_TF	1109	EFO:0002067 TF ChIP-seq ZNF143 genetically modified (insertion) using CRISPR targeting H. sapiens ZNF143	TF ChIP-seq	K562	adult	CELL_LINE	encode
CHIP_TF	1110	EFO:0002067 TF ChIP-seq ZNF146 genetically modified (insertion) using CRISPR targeting H. sapiens ZNF146	TF ChIP-seq	K562	adult	CELL_LINE	encode
CHIP_TF	1111	EFO:0002067 TF ChIP-seq ZNF148 stably expressing C-terminal eGFP-tagged ZNF148	TF ChIP-seq	K562	adult	CELL_LINE	encode
CHIP_TF	1112	EFO:0002067 TF ChIP-seq ZNF175 genetically modified (insertion) using CRISPR targeting H. sapiens ZNF175	TF ChIP-seq	K562	adult	CELL_LINE	encode
CHIP_TF	1113	EFO:0002067 TF ChIP-seq ZNF184	TF ChIP-seq	K562	adult	CELL_LINE	encode
CHIP_TF	1114	EFO:0002067 TF ChIP-seq ZNF197 genetically modified (insertion) using CRISPR targeting H. sapiens ZNF197	TF ChIP-seq	K562	adult	CELL_LINE	encode
CHIP_TF	1115	EFO:0002067 TF ChIP-seq ZNF239 genetically modified (insertion) using CRISPR targeting H. sapiens ZNF239	TF ChIP-seq	K562	adult	CELL_LINE	encode
CHIP_TF	1116	EFO:0002067 TF ChIP-seq ZNF24	TF ChIP-seq	K562	adult	CELL_LINE	encode
CHIP_TF	1117	EFO:0002067 TF ChIP-seq ZNF24 stably expressing C-terminal eGFP-tagged ZNF24	TF ChIP-seq	K562	adult	CELL_LINE	encode
CHIP_TF	1118	EFO:0002067 TF ChIP-seq ZNF263 genetically modified (insertion) using CRISPR targeting H. sapiens ZNF263	TF ChIP-seq	K562	adult	CELL_LINE	encode
CHIP_TF	1119	EFO:0002067 TF ChIP-seq ZNF274	TF ChIP-seq	K562	adult	CELL_LINE	encode
CHIP_TF	1120	EFO:0002067 TF ChIP-seq ZNF281 genetically modified (insertion) using CRISPR targeting H. sapiens ZNF281	TF ChIP-seq	K562	adult	CELL_LINE	encode
CHIP_TF	1121	EFO:0002067 TF ChIP-seq ZNF282	TF ChIP-seq	K562	adult	CELL_LINE	encode
CHIP_TF	1122	EFO:0002067 TF ChIP-seq ZNF316	TF ChIP-seq	K562	adult	CELL_LINE	encode
CHIP_TF	1123	EFO:0002067 TF ChIP-seq ZNF317 genetically modified (insertion) using CRISPR targeting H. sapiens ZNF317	TF ChIP-seq	K562	adult	CELL_LINE	encode
CHIP_TF	1124	EFO:0002067 TF ChIP-seq ZNF318	TF ChIP-seq	K562	adult	CELL_LINE	encode
CHIP_TF	1125	EFO:0002067 TF ChIP-seq ZNF319 genetically modified (insertion) using CRISPR targeting H. sapiens ZNF319	TF ChIP-seq	K562	adult	CELL_LINE	encode
CHIP_TF	1126	EFO:0002067 TF ChIP-seq ZNF384	TF ChIP-seq	K562	adult	CELL_LINE	encode
CHIP_TF	1127	EFO:0002067 TF ChIP-seq ZNF395 genetically modified (insertion) using CRISPR targeting H. sapiens ZNF395	TF ChIP-seq	K562	adult	CELL_LINE	encode
CHIP_TF	1128	EFO:0002067 TF ChIP-seq ZNF407	TF ChIP-seq	K562	adult	CELL_LINE	encode
CHIP_TF	1129	EFO:0002067 TF ChIP-seq ZNF431 genetically modified (insertion) using CRISPR targeting H. sapiens ZNF431	TF ChIP-seq	K562	adult	CELL_LINE	encode
CHIP_TF	1130	EFO:0002067 TF ChIP-seq ZNF507 genetically modified (insertion) using CRISPR targeting H. sapiens ZNF507	TF ChIP-seq	K562	adult	CELL_LINE	encode
CHIP_TF	1131	EFO:0002067 TF ChIP-seq ZNF507 stably expressing C-terminal eGFP-tagged ZNF507	TF ChIP-seq	K562	adult	CELL_LINE	encode
CHIP_TF	1132	EFO:0002067 TF ChIP-seq ZNF511 genetically modified (insertion) using CRISPR targeting H. sapiens ZNF511	TF ChIP-seq	K562	adult	CELL_LINE	encode
CHIP_TF	1133	EFO:0002067 TF ChIP-seq ZNF512 stably expressing C-terminal eGFP-tagged ZNF512	TF ChIP-seq	K562	adult	CELL_LINE	encode
CHIP_TF	1134	EFO:0002067 TF ChIP-seq ZNF584 genetically modified (insertion) using CRISPR targeting H. sapiens ZNF584	TF ChIP-seq	K562	adult	CELL_LINE	encode
CHIP_TF	1135	EFO:0002067 TF ChIP-seq ZNF589 genetically modified (insertion) using CRISPR targeting H. sapiens ZNF589	TF ChIP-seq	K562	adult	CELL_LINE	encode
CHIP_TF	1136	EFO:0002067 TF ChIP-seq ZNF592	TF ChIP-seq	K562	adult	CELL_LINE	encode
CHIP_TF	1137	EFO:0002067 TF ChIP-seq ZNF639	TF ChIP-seq	K562	adult	CELL_LINE	encode
CHIP_TF	1138	EFO:0002067 TF ChIP-seq ZNF639 genetically modified (insertion) using CRISPR targeting H. sapiens ZNF639	TF ChIP-seq	K562	adult	CELL_LINE	encode
CHIP_TF	1139	EFO:0002067 TF ChIP-seq ZNF644 stably expressing C-terminal eGFP-tagged ZNF644	TF ChIP-seq	K562	adult	CELL_LINE	encode
CHIP_TF	1140	EFO:0002067 TF ChIP-seq ZNF7 genetically modified (insertion) using CRISPR targeting H. sapiens ZNF7	TF ChIP-seq	K562	adult	CELL_LINE	encode
CHIP_TF	1141	EFO:0002067 TF ChIP-seq ZNF740 genetically modified (insertion) using CRISPR targeting H. sapiens ZNF740	TF ChIP-seq	K562	adult	CELL_LINE	encode
CHIP_TF	1142	EFO:0002067 TF ChIP-seq ZNF740 stably expressing C-terminal eGFP-tagged ZNF740	TF ChIP-seq	K562	adult	CELL_LINE	encode
CHIP_TF	1143	EFO:0002067 TF ChIP-seq ZNF766 genetically modified (insertion) using CRISPR targeting H. sapiens ZNF766	TF ChIP-seq	K562	adult	CELL_LINE	encode
CHIP_TF	1144	EFO:0002067 TF ChIP-seq ZNF778 genetically modified (insertion) using CRISPR targeting H. sapiens ZNF778	TF ChIP-seq	K562	adult	CELL_LINE	encode
CHIP_TF	1145	EFO:0002067 TF ChIP-seq ZNF83 stably expressing C-terminal eGFP-tagged ZNF83	TF ChIP-seq	K562	adult	CELL_LINE	encode
CHIP_TF	1146	EFO:0002067 TF ChIP-seq ZSCAN29	TF ChIP-seq	K562	adult	CELL_LINE	encode
CHIP_TF	1147	EFO:0002071 TF ChIP-seq CTCF	TF ChIP-seq	LNCAP	adult	CELL_LINE	encode
CHIP_TF	1148	EFO:0002074 TF ChIP-seq CTCF	TF ChIP-seq	PC-3	adult	CELL_LINE	encode
CHIP_TF	1149	EFO:0002095 TF ChIP-seq CTCF	TF ChIP-seq	22Rv1	unknown	CELL_LINE	encode
CHIP_TF	1150	EFO:0002106 TF ChIP-seq CTCF	TF ChIP-seq	A673	child	CELL_LINE	encode
CHIP_TF	1151	EFO:0002167 TF ChIP-seq CTCF	TF ChIP-seq	DOHH2	adult	CELL_LINE	encode
CHIP_TF	1152	EFO:0002323 TF ChIP-seq CTCF	TF ChIP-seq	RWPE1	adult	CELL_LINE	encode
CHIP_TF	1153	EFO:0002324 TF ChIP-seq POLR2A	TF ChIP-seq	Raji	child	CELL_LINE	encode
CHIP_TF	1154	EFO:0002713 TF ChIP-seq CTCF	TF ChIP-seq	Panc1	adult	CELL_LINE	encode
CHIP_TF	1155	EFO:0002713 TF ChIP-seq POLR2AphosphoS5	TF ChIP-seq	Panc1	adult	CELL_LINE	encode
CHIP_TF	1156	EFO:0002713 TF ChIP-seq REST	TF ChIP-seq	Panc1	adult	CELL_LINE	encode
CHIP_TF	1157	EFO:0002713 TF ChIP-seq SIN3A	TF ChIP-seq	Panc1	adult	CELL_LINE	encode
CHIP_TF	1158	EFO:0002713 TF ChIP-seq TCF7L2	TF ChIP-seq	Panc1	adult	CELL_LINE	encode
CHIP_TF	1159	EFO:0002717 TF ChIP-seq GATA2	TF ChIP-seq	SH-SY5Y	child	CELL_LINE	encode
CHIP_TF	1160	EFO:0002717 TF ChIP-seq GATA3	TF ChIP-seq	SH-SY5Y	child	CELL_LINE	encode
CHIP_TF	1161	EFO:0002779 TF ChIP-seq CTCF	TF ChIP-seq	BJ	newborn	CELL_LINE	encode
CHIP_TF	1162	EFO:0002782 TF ChIP-seq CTCF	TF ChIP-seq	H54	adult	CELL_LINE	encode
CHIP_TF	1163	EFO:0002782 TF ChIP-seq POLR2A	TF ChIP-seq	H54	adult	CELL_LINE	encode
CHIP_TF	1164	EFO:0002783 TF ChIP-seq CTCF	TF ChIP-seq	GM06990	unknown	CELL_LINE	encode
CHIP_TF	1165	EFO:0002784 TF ChIP-seq ARID3A	TF ChIP-seq	GM12878	adult	CELL_LINE	encode
CHIP_TF	1166	EFO:0002784 TF ChIP-seq ARNT	TF ChIP-seq	GM12878	adult	CELL_LINE	encode
CHIP_TF	1167	EFO:0002784 TF ChIP-seq ATF2	TF ChIP-seq	GM12878	adult	CELL_LINE	encode
CHIP_TF	1168	EFO:0002784 TF ChIP-seq ATF7	TF ChIP-seq	GM12878	adult	CELL_LINE	encode
CHIP_TF	1169	EFO:0002784 TF ChIP-seq BACH1	TF ChIP-seq	GM12878	adult	CELL_LINE	encode
CHIP_TF	1170	EFO:0002784 TF ChIP-seq BATF	TF ChIP-seq	GM12878	adult	CELL_LINE	encode
CHIP_TF	1171	EFO:0002784 TF ChIP-seq BCL11A	TF ChIP-seq	GM12878	adult	CELL_LINE	encode
CHIP_TF	1172	EFO:0002784 TF ChIP-seq BCLAF1	TF ChIP-seq	GM12878	adult	CELL_LINE	encode
CHIP_TF	1173	EFO:0002784 TF ChIP-seq BHLHE40	TF ChIP-seq	GM12878	adult	CELL_LINE	encode
CHIP_TF	1174	EFO:0002784 TF ChIP-seq BMI1	TF ChIP-seq	GM12878	adult	CELL_LINE	encode
CHIP_TF	1175	EFO:0002784 TF ChIP-seq CBFB	TF ChIP-seq	GM12878	adult	CELL_LINE	encode
CHIP_TF	1176	EFO:0002784 TF ChIP-seq CBX5	TF ChIP-seq	GM12878	adult	CELL_LINE	encode
CHIP_TF	1177	EFO:0002784 TF ChIP-seq CHD2	TF ChIP-seq	GM12878	adult	CELL_LINE	encode
CHIP_TF	1178	EFO:0002784 TF ChIP-seq CREB1	TF ChIP-seq	GM12878	adult	CELL_LINE	encode
CHIP_TF	1179	EFO:0002784 TF ChIP-seq CREM	TF ChIP-seq	GM12878	adult	CELL_LINE	encode
CHIP_TF	1180	EFO:0002784 TF ChIP-seq CTCF	TF ChIP-seq	GM12878	adult	CELL_LINE	encode
CHIP_TF	1181	EFO:0002784 TF ChIP-seq DPF2	TF ChIP-seq	GM12878	adult	CELL_LINE	encode
CHIP_TF	1182	EFO:0002784 TF ChIP-seq E4F1	TF ChIP-seq	GM12878	adult	CELL_LINE	encode
CHIP_TF	1183	EFO:0002784 TF ChIP-seq EBF1	TF ChIP-seq	GM12878	adult	CELL_LINE	encode
CHIP_TF	1184	EFO:0002784 TF ChIP-seq EED	TF ChIP-seq	GM12878	adult	CELL_LINE	encode
CHIP_TF	1185	EFO:0002784 TF ChIP-seq EGR1	TF ChIP-seq	GM12878	adult	CELL_LINE	encode
CHIP_TF	1186	EFO:0002784 TF ChIP-seq ELF1	TF ChIP-seq	GM12878	adult	CELL_LINE	encode
CHIP_TF	1187	EFO:0002784 TF ChIP-seq ELK1	TF ChIP-seq	GM12878	adult	CELL_LINE	encode
CHIP_TF	1188	EFO:0002784 TF ChIP-seq EP300	TF ChIP-seq	GM12878	adult	CELL_LINE	encode
CHIP_TF	1189	EFO:0002784 TF ChIP-seq ETS1	TF ChIP-seq	GM12878	adult	CELL_LINE	encode
CHIP_TF	1190	EFO:0002784 TF ChIP-seq ETV6	TF ChIP-seq	GM12878	adult	CELL_LINE	encode
CHIP_TF	1191	EFO:0002784 TF ChIP-seq FOXK2	TF ChIP-seq	GM12878	adult	CELL_LINE	encode
CHIP_TF	1192	EFO:0002784 TF ChIP-seq FOXM1	TF ChIP-seq	GM12878	adult	CELL_LINE	encode
CHIP_TF	1193	EFO:0002784 TF ChIP-seq GABPA	TF ChIP-seq	GM12878	adult	CELL_LINE	encode
CHIP_TF	1194	EFO:0002784 TF ChIP-seq GATAD2B	TF ChIP-seq	GM12878	adult	CELL_LINE	encode
CHIP_TF	1195	EFO:0002784 TF ChIP-seq HCFC1	TF ChIP-seq	GM12878	adult	CELL_LINE	encode
CHIP_TF	1196	EFO:0002784 TF ChIP-seq HDGF	TF ChIP-seq	GM12878	adult	CELL_LINE	encode
CHIP_TF	1197	EFO:0002784 TF ChIP-seq IKZF1	TF ChIP-seq	GM12878	adult	CELL_LINE	encode
CHIP_TF	1198	EFO:0002784 TF ChIP-seq IKZF2	TF ChIP-seq	GM12878	adult	CELL_LINE	encode
CHIP_TF	1199	EFO:0002784 TF ChIP-seq IRF4	TF ChIP-seq	GM12878	adult	CELL_LINE	encode
CHIP_TF	1200	EFO:0002784 TF ChIP-seq JUNB	TF ChIP-seq	GM12878	adult	CELL_LINE	encode
CHIP_TF	1201	EFO:0002784 TF ChIP-seq JUND	TF ChIP-seq	GM12878	adult	CELL_LINE	encode
CHIP_TF	1202	EFO:0002784 TF ChIP-seq KLF5	TF ChIP-seq	GM12878	adult	CELL_LINE	encode
CHIP_TF	1203	EFO:0002784 TF ChIP-seq LARP7	TF ChIP-seq	GM12878	adult	CELL_LINE	encode
CHIP_TF	1204	EFO:0002784 TF ChIP-seq MAFK	TF ChIP-seq	GM12878	adult	CELL_LINE	encode
CHIP_TF	1205	EFO:0002784 TF ChIP-seq MAX	TF ChIP-seq	GM12878	adult	CELL_LINE	encode
CHIP_TF	1206	EFO:0002784 TF ChIP-seq MAZ	TF ChIP-seq	GM12878	adult	CELL_LINE	encode
CHIP_TF	1207	EFO:0002784 TF ChIP-seq MAZ genetically modified (insertion) using CRISPR targeting H. sapiens MAZ	TF ChIP-seq	GM12878	adult	CELL_LINE	encode
CHIP_TF	1208	EFO:0002784 TF ChIP-seq MEF2A	TF ChIP-seq	GM12878	adult	CELL_LINE	encode
CHIP_TF	1209	EFO:0002784 TF ChIP-seq MLLT1	TF ChIP-seq	GM12878	adult	CELL_LINE	encode
CHIP_TF	1210	EFO:0002784 TF ChIP-seq MTA2	TF ChIP-seq	GM12878	adult	CELL_LINE	encode
CHIP_TF	1211	EFO:0002784 TF ChIP-seq MTA3	TF ChIP-seq	GM12878	adult	CELL_LINE	encode
CHIP_TF	1212	EFO:0002784 TF ChIP-seq MXI1	TF ChIP-seq	GM12878	adult	CELL_LINE	encode
CHIP_TF	1213	EFO:0002784 TF ChIP-seq NBN	TF ChIP-seq	GM12878	adult	CELL_LINE	encode
CHIP_TF	1214	EFO:0002784 TF ChIP-seq NFATC1	TF ChIP-seq	GM12878	adult	CELL_LINE	encode
CHIP_TF	1215	EFO:0002784 TF ChIP-seq NFIC	TF ChIP-seq	GM12878	adult	CELL_LINE	encode
CHIP_TF	1216	EFO:0002784 TF ChIP-seq NFYB	TF ChIP-seq	GM12878	adult	CELL_LINE	encode
CHIP_TF	1217	EFO:0002784 TF ChIP-seq NKRF	TF ChIP-seq	GM12878	adult	CELL_LINE	encode
CHIP_TF	1218	EFO:0002784 TF ChIP-seq NR2C1	TF ChIP-seq	GM12878	adult	CELL_LINE	encode
CHIP_TF	1219	EFO:0002784 TF ChIP-seq NR2F1	TF ChIP-seq	GM12878	adult	CELL_LINE	encode
CHIP_TF	1220	EFO:0002784 TF ChIP-seq NRF1	TF ChIP-seq	GM12878	adult	CELL_LINE	encode
CHIP_TF	1221	EFO:0002784 TF ChIP-seq PAX5	TF ChIP-seq	GM12878	adult	CELL_LINE	encode
CHIP_TF	1222	EFO:0002784 TF ChIP-seq PKNOX1	TF ChIP-seq	GM12878	adult	CELL_LINE	encode
CHIP_TF	1223	EFO:0002784 TF ChIP-seq PML	TF ChIP-seq	GM12878	adult	CELL_LINE	encode
CHIP_TF	1224	EFO:0002784 TF ChIP-seq POLR2A	TF ChIP-seq	GM12878	adult	CELL_LINE	encode
CHIP_TF	1225	EFO:0002784 TF ChIP-seq POLR2AphosphoS2	TF ChIP-seq	GM12878	adult	CELL_LINE	encode
CHIP_TF	1226	EFO:0002784 TF ChIP-seq POLR2AphosphoS5	TF ChIP-seq	GM12878	adult	CELL_LINE	encode
CHIP_TF	1227	EFO:0002784 TF ChIP-seq POU2F2	TF ChIP-seq	GM12878	adult	CELL_LINE	encode
CHIP_TF	1228	EFO:0002784 TF ChIP-seq RAD21	TF ChIP-seq	GM12878	adult	CELL_LINE	encode
CHIP_TF	1229	EFO:0002784 TF ChIP-seq RAD51	TF ChIP-seq	GM12878	adult	CELL_LINE	encode
CHIP_TF	1230	EFO:0002784 TF ChIP-seq RB1	TF ChIP-seq	GM12878	adult	CELL_LINE	encode
CHIP_TF	1231	EFO:0002784 TF ChIP-seq RELA	TF ChIP-seq	GM12878	adult	CELL_LINE	encode
CHIP_TF	1232	EFO:0002784 TF ChIP-seq RELB	TF ChIP-seq	GM12878	adult	CELL_LINE	encode
CHIP_TF	1233	EFO:0002784 TF ChIP-seq REST	TF ChIP-seq	GM12878	adult	CELL_LINE	encode
CHIP_TF	1234	EFO:0002784 TF ChIP-seq RFX5	TF ChIP-seq	GM12878	adult	CELL_LINE	encode
CHIP_TF	1235	EFO:0002784 TF ChIP-seq RUNX3	TF ChIP-seq	GM12878	adult	CELL_LINE	encode
CHIP_TF	1236	EFO:0002784 TF ChIP-seq SIN3A	TF ChIP-seq	GM12878	adult	CELL_LINE	encode
CHIP_TF	1237	EFO:0002784 TF ChIP-seq SMAD1	TF ChIP-seq	GM12878	adult	CELL_LINE	encode
CHIP_TF	1238	EFO:0002784 TF ChIP-seq SMAD5	TF ChIP-seq	GM12878	adult	CELL_LINE	encode
CHIP_TF	1239	EFO:0002784 TF ChIP-seq SMARCA5	TF ChIP-seq	GM12878	adult	CELL_LINE	encode
CHIP_TF	1240	EFO:0002784 TF ChIP-seq SMC3	TF ChIP-seq	GM12878	adult	CELL_LINE	encode
CHIP_TF	1241	EFO:0002784 TF ChIP-seq SP1	TF ChIP-seq	GM12878	adult	CELL_LINE	encode
CHIP_TF	1242	EFO:0002784 TF ChIP-seq SPI1	TF ChIP-seq	GM12878	adult	CELL_LINE	encode
CHIP_TF	1243	EFO:0002784 TF ChIP-seq SRF	TF ChIP-seq	GM12878	adult	CELL_LINE	encode
CHIP_TF	1244	EFO:0002784 TF ChIP-seq STAT5A	TF ChIP-seq	GM12878	adult	CELL_LINE	encode
CHIP_TF	1245	EFO:0002784 TF ChIP-seq SUPT20H	TF ChIP-seq	GM12878	adult	CELL_LINE	encode
CHIP_TF	1246	EFO:0002784 TF ChIP-seq TAF1	TF ChIP-seq	GM12878	adult	CELL_LINE	encode
CHIP_TF	1247	EFO:0002784 TF ChIP-seq TARDBP	TF ChIP-seq	GM12878	adult	CELL_LINE	encode
CHIP_TF	1248	EFO:0002784 TF ChIP-seq TBL1XR1	TF ChIP-seq	GM12878	adult	CELL_LINE	encode
CHIP_TF	1249	EFO:0002784 TF ChIP-seq TBP	TF ChIP-seq	GM12878	adult	CELL_LINE	encode
CHIP_TF	1250	EFO:0002784 TF ChIP-seq TBX21	TF ChIP-seq	GM12878	adult	CELL_LINE	encode
CHIP_TF	1251	EFO:0002784 TF ChIP-seq TCF12	TF ChIP-seq	GM12878	adult	CELL_LINE	encode
CHIP_TF	1252	EFO:0002784 TF ChIP-seq TCF3	TF ChIP-seq	GM12878	adult	CELL_LINE	encode
CHIP_TF	1253	EFO:0002784 TF ChIP-seq TCF7	TF ChIP-seq	GM12878	adult	CELL_LINE	encode
CHIP_TF	1254	EFO:0002784 TF ChIP-seq TRIM22	TF ChIP-seq	GM12878	adult	CELL_LINE	encode
CHIP_TF	1255	EFO:0002784 TF ChIP-seq USF2	TF ChIP-seq	GM12878	adult	CELL_LINE	encode
CHIP_TF	1256	EFO:0002784 TF ChIP-seq YY1	TF ChIP-seq	GM12878	adult	CELL_LINE	encode
CHIP_TF	1257	EFO:0002784 TF ChIP-seq ZBED1	TF ChIP-seq	GM12878	adult	CELL_LINE	encode
CHIP_TF	1258	EFO:0002784 TF ChIP-seq ZBTB11 genetically modified (insertion) using CRISPR targeting H. sapiens ZBTB11	TF ChIP-seq	GM12878	adult	CELL_LINE	encode
CHIP_TF	1259	EFO:0002784 TF ChIP-seq ZBTB40	TF ChIP-seq	GM12878	adult	CELL_LINE	encode
CHIP_TF	1260	EFO:0002784 TF ChIP-seq ZFP36	TF ChIP-seq	GM12878	adult	CELL_LINE	encode
CHIP_TF	1261	EFO:0002784 TF ChIP-seq ZNF207	TF ChIP-seq	GM12878	adult	CELL_LINE	encode
CHIP_TF	1262	EFO:0002784 TF ChIP-seq ZNF217	TF ChIP-seq	GM12878	adult	CELL_LINE	encode
CHIP_TF	1263	EFO:0002784 TF ChIP-seq ZNF24	TF ChIP-seq	GM12878	adult	CELL_LINE	encode
CHIP_TF	1264	EFO:0002784 TF ChIP-seq ZNF384	TF ChIP-seq	GM12878	adult	CELL_LINE	encode
CHIP_TF	1265	EFO:0002784 TF ChIP-seq ZNF687	TF ChIP-seq	GM12878	adult	CELL_LINE	encode
CHIP_TF	1266	EFO:0002785 TF ChIP-seq POLR2A	TF ChIP-seq	GM12891	unknown	CELL_LINE	encode
CHIP_TF	1267	EFO:0002785 TF ChIP-seq POLR2AphosphoS5	TF ChIP-seq	GM12891	unknown	CELL_LINE	encode
CHIP_TF	1268	EFO:0002785 TF ChIP-seq POU2F2	TF ChIP-seq	GM12891	unknown	CELL_LINE	encode
CHIP_TF	1269	EFO:0002785 TF ChIP-seq SPI1	TF ChIP-seq	GM12891	unknown	CELL_LINE	encode
CHIP_TF	1270	EFO:0002785 TF ChIP-seq TAF1	TF ChIP-seq	GM12891	unknown	CELL_LINE	encode
CHIP_TF	1271	EFO:0002785 TF ChIP-seq YY1	TF ChIP-seq	GM12891	unknown	CELL_LINE	encode
CHIP_TF	1272	EFO:0002786 TF ChIP-seq POLR2A	TF ChIP-seq	GM12892	unknown	CELL_LINE	encode
CHIP_TF	1273	EFO:0002786 TF ChIP-seq POLR2AphosphoS5	TF ChIP-seq	GM12892	unknown	CELL_LINE	encode
CHIP_TF	1274	EFO:0002786 TF ChIP-seq TAF1	TF ChIP-seq	GM12892	unknown	CELL_LINE	encode
CHIP_TF	1275	EFO:0002786 TF ChIP-seq YY1	TF ChIP-seq	GM12892	unknown	CELL_LINE	encode
CHIP_TF	1276	EFO:0002791 TF ChIP-seq BRCA1	TF ChIP-seq	HeLa-S3	adult	CELL_LINE	encode
CHIP_TF	1277	EFO:0002791 TF ChIP-seq BRF2	TF ChIP-seq	HeLa-S3	adult	CELL_LINE	encode
CHIP_TF	1278	EFO:0002791 TF ChIP-seq CEBPB	TF ChIP-seq	HeLa-S3	adult	CELL_LINE	encode
CHIP_TF	1279	EFO:0002791 TF ChIP-seq CHD2	TF ChIP-seq	HeLa-S3	adult	CELL_LINE	encode
CHIP_TF	1280	EFO:0002791 TF ChIP-seq CTCF	TF ChIP-seq	HeLa-S3	adult	CELL_LINE	encode
CHIP_TF	1281	EFO:0002791 TF ChIP-seq E2F1	TF ChIP-seq	HeLa-S3	adult	CELL_LINE	encode
CHIP_TF	1282	EFO:0002791 TF ChIP-seq E2F4	TF ChIP-seq	HeLa-S3	adult	CELL_LINE	encode
CHIP_TF	1283	EFO:0002791 TF ChIP-seq ELK1	TF ChIP-seq	HeLa-S3	adult	CELL_LINE	encode
CHIP_TF	1284	EFO:0002791 TF ChIP-seq ELK4	TF ChIP-seq	HeLa-S3	adult	CELL_LINE	encode
CHIP_TF	1285	EFO:0002791 TF ChIP-seq EP300	TF ChIP-seq	HeLa-S3	adult	CELL_LINE	encode
CHIP_TF	1286	EFO:0002791 TF ChIP-seq GABPA	TF ChIP-seq	HeLa-S3	adult	CELL_LINE	encode
CHIP_TF	1287	EFO:0002791 TF ChIP-seq GTF2F1	TF ChIP-seq	HeLa-S3	adult	CELL_LINE	encode
CHIP_TF	1288	EFO:0002791 TF ChIP-seq HCFC1	TF ChIP-seq	HeLa-S3	adult	CELL_LINE	encode
CHIP_TF	1289	EFO:0002791 TF ChIP-seq JUN	TF ChIP-seq	HeLa-S3	adult	CELL_LINE	encode
CHIP_TF	1290	EFO:0002791 TF ChIP-seq JUND	TF ChIP-seq	HeLa-S3	adult	CELL_LINE	encode
CHIP_TF	1291	EFO:0002791 TF ChIP-seq MAFF	TF ChIP-seq	HeLa-S3	adult	CELL_LINE	encode
CHIP_TF	1292	EFO:0002791 TF ChIP-seq MAFK	TF ChIP-seq	HeLa-S3	adult	CELL_LINE	encode
CHIP_TF	1293	EFO:0002791 TF ChIP-seq MAX	TF ChIP-seq	HeLa-S3	adult	CELL_LINE	encode
CHIP_TF	1294	EFO:0002791 TF ChIP-seq MAZ	TF ChIP-seq	HeLa-S3	adult	CELL_LINE	encode
CHIP_TF	1295	EFO:0002791 TF ChIP-seq MXI1	TF ChIP-seq	HeLa-S3	adult	CELL_LINE	encode
CHIP_TF	1296	EFO:0002791 TF ChIP-seq NFE2L2	TF ChIP-seq	HeLa-S3	adult	CELL_LINE	encode
CHIP_TF	1297	EFO:0002791 TF ChIP-seq NFYA	TF ChIP-seq	HeLa-S3	adult	CELL_LINE	encode
CHIP_TF	1298	EFO:0002791 TF ChIP-seq NFYB	TF ChIP-seq	HeLa-S3	adult	CELL_LINE	encode
CHIP_TF	1299	EFO:0002791 TF ChIP-seq NR2C2	TF ChIP-seq	HeLa-S3	adult	CELL_LINE	encode
CHIP_TF	1300	EFO:0002791 TF ChIP-seq POLR2A	TF ChIP-seq	HeLa-S3	adult	CELL_LINE	encode
CHIP_TF	1301	EFO:0002791 TF ChIP-seq POLR2AphosphoS2	TF ChIP-seq	HeLa-S3	adult	CELL_LINE	encode
CHIP_TF	1302	EFO:0002791 TF ChIP-seq POLR3A	TF ChIP-seq	HeLa-S3	adult	CELL_LINE	encode
CHIP_TF	1303	EFO:0002791 TF ChIP-seq PRDM1	TF ChIP-seq	HeLa-S3	adult	CELL_LINE	encode
CHIP_TF	1304	EFO:0002791 TF ChIP-seq RAD21	TF ChIP-seq	HeLa-S3	adult	CELL_LINE	encode
CHIP_TF	1305	EFO:0002791 TF ChIP-seq REST	TF ChIP-seq	HeLa-S3	adult	CELL_LINE	encode
CHIP_TF	1306	EFO:0002791 TF ChIP-seq RFX5	TF ChIP-seq	HeLa-S3	adult	CELL_LINE	encode
CHIP_TF	1307	EFO:0002791 TF ChIP-seq SMARCB1	TF ChIP-seq	HeLa-S3	adult	CELL_LINE	encode
CHIP_TF	1308	EFO:0002791 TF ChIP-seq SMARCC1	TF ChIP-seq	HeLa-S3	adult	CELL_LINE	encode
CHIP_TF	1309	EFO:0002791 TF ChIP-seq SMC3	TF ChIP-seq	HeLa-S3	adult	CELL_LINE	encode
CHIP_TF	1310	EFO:0002791 TF ChIP-seq STAT3	TF ChIP-seq	HeLa-S3	adult	CELL_LINE	encode
CHIP_TF	1311	EFO:0002791 TF ChIP-seq SUPT20H	TF ChIP-seq	HeLa-S3	adult	CELL_LINE	encode
CHIP_TF	1312	EFO:0002791 TF ChIP-seq TAF1	TF ChIP-seq	HeLa-S3	adult	CELL_LINE	encode
CHIP_TF	1313	EFO:0002791 TF ChIP-seq TBP	TF ChIP-seq	HeLa-S3	adult	CELL_LINE	encode
CHIP_TF	1314	EFO:0002791 TF ChIP-seq TCF7L2	TF ChIP-seq	HeLa-S3	adult	CELL_LINE	encode
CHIP_TF	1315	EFO:0002791 TF ChIP-seq USF2	TF ChIP-seq	HeLa-S3	adult	CELL_LINE	encode
CHIP_TF	1316	EFO:0002793 TF ChIP-seq CTCF	TF ChIP-seq	HL-60	adult	CELL_LINE	encode
CHIP_TF	1317	EFO:0002793 TF ChIP-seq GABPA	TF ChIP-seq	HL-60	adult	CELL_LINE	encode
CHIP_TF	1318	EFO:0002793 TF ChIP-seq POLR2AphosphoS5	TF ChIP-seq	HL-60	adult	CELL_LINE	encode
CHIP_TF	1319	EFO:0002793 TF ChIP-seq SPI1	TF ChIP-seq	HL-60	adult	CELL_LINE	encode
CHIP_TF	1320	EFO:0002798 TF ChIP-seq CTCF	TF ChIP-seq	NB4	adult	CELL_LINE	encode
CHIP_TF	1321	EFO:0002798 TF ChIP-seq MAX	TF ChIP-seq	NB4	adult	CELL_LINE	encode
CHIP_TF	1322	EFO:0002798 TF ChIP-seq MYC	TF ChIP-seq	NB4	adult	CELL_LINE	encode
CHIP_TF	1323	EFO:0002798 TF ChIP-seq POLR2A	TF ChIP-seq	NB4	adult	CELL_LINE	encode
CHIP_TF	1324	EFO:0002819 TF ChIP-seq CTCF	TF ChIP-seq	Calu3	adult	CELL_LINE	encode
CHIP_TF	1325	EFO:0002824 TF ChIP-seq CBX3	TF ChIP-seq	HCT116	adult	CELL_LINE	encode
CHIP_TF	1326	EFO:0002824 TF ChIP-seq CEBPB	TF ChIP-seq	HCT116	adult	CELL_LINE	encode
CHIP_TF	1327	EFO:0002824 TF ChIP-seq CTCF	TF ChIP-seq	HCT116	adult	CELL_LINE	encode
CHIP_TF	1328	EFO:0002824 TF ChIP-seq CTCF genetically modified (insertion) using CRISPR inserting O. sativa LOC4335696, genetically modified (insertion) using CRISPR targeting H. sapiens BRD4	TF ChIP-seq	HCT116	unknown	CELL_LINE	encode
CHIP_TF	1329	EFO:0002824 TF ChIP-seq CTCF genetically modified (insertion) using CRISPR inserting O. sativa LOC4335696, genetically modified (insertion) using CRISPR targeting H. sapiens CDK7	TF ChIP-seq	HCT116	unknown	CELL_LINE	encode
CHIP_TF	1330	EFO:0002824 TF ChIP-seq CTCF genetically modified (insertion) using CRISPR inserting O. sativa LOC4335696, genetically modified (insertion) using CRISPR targeting H. sapiens CTCF	TF ChIP-seq	HCT116	unknown	CELL_LINE	encode
CHIP_TF	1331	EFO:0002824 TF ChIP-seq CTCF genetically modified (insertion) using CRISPR inserting O. sativa LOC4335696, genetically modified (insertion) using CRISPR targeting H. sapiens MED14	TF ChIP-seq	HCT116	unknown	CELL_LINE	encode
CHIP_TF	1332	EFO:0002824 TF ChIP-seq CTCF genetically modified (insertion) using CRISPR inserting O. sativa LOC4335696, genetically modified (insertion) using CRISPR targeting H. sapiens POLR2A	TF ChIP-seq	HCT116	unknown	CELL_LINE	encode
CHIP_TF	1333	EFO:0002824 TF ChIP-seq CTCF genetically modified (insertion) using CRISPR inserting O. sativa LOC4335696, genetically modified (insertion) using CRISPR targeting H. sapiens RAD21	TF ChIP-seq	HCT116	unknown	CELL_LINE	encode
CHIP_TF	1334	EFO:0002824 TF ChIP-seq CTCF genetically modified (insertion) using CRISPR inserting O. sativa LOC4335696, genetically modified (insertion) using CRISPR targeting H. sapiens SMARCA5	TF ChIP-seq	HCT116	unknown	CELL_LINE	encode
CHIP_TF	1335	EFO:0002824 TF ChIP-seq CTCF genetically modified (insertion) using CRISPR inserting O. sativa LOC4335696, genetically modified (insertion) using CRISPR targeting H. sapiens SUPT16H	TF ChIP-seq	HCT116	unknown	CELL_LINE	encode
CHIP_TF	1336	EFO:0002824 TF ChIP-seq EGR1	TF ChIP-seq	HCT116	adult	CELL_LINE	encode
CHIP_TF	1337	EFO:0002824 TF ChIP-seq ELF1	TF ChIP-seq	HCT116	adult	CELL_LINE	encode
CHIP_TF	1338	EFO:0002824 TF ChIP-seq FOSL1	TF ChIP-seq	HCT116	adult	CELL_LINE	encode
CHIP_TF	1339	EFO:0002824 TF ChIP-seq JUND	TF ChIP-seq	HCT116	adult	CELL_LINE	encode
CHIP_TF	1340	EFO:0002824 TF ChIP-seq MAX	TF ChIP-seq	HCT116	adult	CELL_LINE	encode
CHIP_TF	1341	EFO:0002824 TF ChIP-seq POLR2AphosphoS5	TF ChIP-seq	HCT116	adult	CELL_LINE	encode
CHIP_TF	1342	EFO:0002824 TF ChIP-seq RAD21	TF ChIP-seq	HCT116	adult	CELL_LINE	encode
CHIP_TF	1343	EFO:0002824 TF ChIP-seq REST	TF ChIP-seq	HCT116	adult	CELL_LINE	encode
CHIP_TF	1344	EFO:0002824 TF ChIP-seq SIN3A	TF ChIP-seq	HCT116	adult	CELL_LINE	encode
CHIP_TF	1345	EFO:0002824 TF ChIP-seq SP1	TF ChIP-seq	HCT116	adult	CELL_LINE	encode
CHIP_TF	1346	EFO:0002824 TF ChIP-seq SRF	TF ChIP-seq	HCT116	adult	CELL_LINE	encode
CHIP_TF	1347	EFO:0002824 TF ChIP-seq TEAD4	TF ChIP-seq	HCT116	adult	CELL_LINE	encode
CHIP_TF	1348	EFO:0002824 TF ChIP-seq USF1	TF ChIP-seq	HCT116	adult	CELL_LINE	encode
CHIP_TF	1349	EFO:0002824 TF ChIP-seq ZFX	TF ChIP-seq	HCT116	adult	CELL_LINE	encode
CHIP_TF	1350	EFO:0002847 TF ChIP-seq CTCF	TF ChIP-seq	PC-9	unknown	CELL_LINE	encode
CHIP_TF	1351	EFO:0002860 TF ChIP-seq POLR2AphosphoS5	TF ChIP-seq	SK-N-MC	child	CELL_LINE	encode
CHIP_TF	1352	EFO:0003042 TF ChIP-seq ASH2L	TF ChIP-seq	H1	embryonic	CELL_LINE	encode
CHIP_TF	1353	EFO:0003042 TF ChIP-seq ATF2	TF ChIP-seq	H1	embryonic	CELL_LINE	encode
CHIP_TF	1354	EFO:0003042 TF ChIP-seq ATF3	TF ChIP-seq	H1	embryonic	CELL_LINE	encode
CHIP_TF	1355	EFO:0003042 TF ChIP-seq BACH1	TF ChIP-seq	H1	embryonic	CELL_LINE	encode
CHIP_TF	1356	EFO:0003042 TF ChIP-seq CEBPB	TF ChIP-seq	H1	embryonic	CELL_LINE	encode
CHIP_TF	1357	EFO:0003042 TF ChIP-seq CHD2	TF ChIP-seq	H1	embryonic	CELL_LINE	encode
CHIP_TF	1358	EFO:0003042 TF ChIP-seq CREB1	TF ChIP-seq	H1	embryonic	CELL_LINE	encode
CHIP_TF	1359	EFO:0003042 TF ChIP-seq CTBP2	TF ChIP-seq	H1	embryonic	CELL_LINE	encode
CHIP_TF	1360	EFO:0003042 TF ChIP-seq CTCF	TF ChIP-seq	H1	embryonic	CELL_LINE	encode
CHIP_TF	1361	EFO:0003042 TF ChIP-seq E2F6	TF ChIP-seq	H1	embryonic	CELL_LINE	encode
CHIP_TF	1362	EFO:0003042 TF ChIP-seq EGR1	TF ChIP-seq	H1	embryonic	CELL_LINE	encode
CHIP_TF	1363	EFO:0003042 TF ChIP-seq EP300	TF ChIP-seq	H1	embryonic	CELL_LINE	encode
CHIP_TF	1364	EFO:0003042 TF ChIP-seq GABPA	TF ChIP-seq	H1	embryonic	CELL_LINE	encode
CHIP_TF	1365	EFO:0003042 TF ChIP-seq HDAC2	TF ChIP-seq	H1	embryonic	CELL_LINE	encode
CHIP_TF	1366	EFO:0003042 TF ChIP-seq JUND	TF ChIP-seq	H1	embryonic	CELL_LINE	encode
CHIP_TF	1367	EFO:0003042 TF ChIP-seq KDM1A	TF ChIP-seq	H1	embryonic	CELL_LINE	encode
CHIP_TF	1368	EFO:0003042 TF ChIP-seq MAFK	TF ChIP-seq	H1	embryonic	CELL_LINE	encode
CHIP_TF	1369	EFO:0003042 TF ChIP-seq MAX	TF ChIP-seq	H1	embryonic	CELL_LINE	encode
CHIP_TF	1370	EFO:0003042 TF ChIP-seq MYC	TF ChIP-seq	H1	embryonic	CELL_LINE	encode
CHIP_TF	1371	EFO:0003042 TF ChIP-seq NRF1	TF ChIP-seq	H1	embryonic	CELL_LINE	encode
CHIP_TF	1372	EFO:0003042 TF ChIP-seq PHF8	TF ChIP-seq	H1	embryonic	CELL_LINE	encode
CHIP_TF	1373	EFO:0003042 TF ChIP-seq POLR2A	TF ChIP-seq	H1	embryonic	CELL_LINE	encode
CHIP_TF	1374	EFO:0003042 TF ChIP-seq POLR2AphosphoS5	TF ChIP-seq	H1	embryonic	CELL_LINE	encode
CHIP_TF	1375	EFO:0003042 TF ChIP-seq RAD21	TF ChIP-seq	H1	embryonic	CELL_LINE	encode
CHIP_TF	1376	EFO:0003042 TF ChIP-seq RBBP5	TF ChIP-seq	H1	embryonic	CELL_LINE	encode
CHIP_TF	1377	EFO:0003042 TF ChIP-seq REST	TF ChIP-seq	H1	embryonic	CELL_LINE	encode
CHIP_TF	1378	EFO:0003042 TF ChIP-seq SIN3A	TF ChIP-seq	H1	embryonic	CELL_LINE	encode
CHIP_TF	1379	EFO:0003042 TF ChIP-seq SIX5	TF ChIP-seq	H1	embryonic	CELL_LINE	encode
CHIP_TF	1380	EFO:0003042 TF ChIP-seq SP1	TF ChIP-seq	H1	embryonic	CELL_LINE	encode
CHIP_TF	1381	EFO:0003042 TF ChIP-seq SP4	TF ChIP-seq	H1	embryonic	CELL_LINE	encode
CHIP_TF	1382	EFO:0003042 TF ChIP-seq SRF	TF ChIP-seq	H1	embryonic	CELL_LINE	encode
CHIP_TF	1383	EFO:0003042 TF ChIP-seq SUZ12	TF ChIP-seq	H1	embryonic	CELL_LINE	encode
CHIP_TF	1384	EFO:0003042 TF ChIP-seq TAF1	TF ChIP-seq	H1	embryonic	CELL_LINE	encode
CHIP_TF	1385	EFO:0003042 TF ChIP-seq TBP	TF ChIP-seq	H1	embryonic	CELL_LINE	encode
CHIP_TF	1386	EFO:0003042 TF ChIP-seq TCF12	TF ChIP-seq	H1	embryonic	CELL_LINE	encode
CHIP_TF	1387	EFO:0003042 TF ChIP-seq TEAD4	TF ChIP-seq	H1	embryonic	CELL_LINE	encode
CHIP_TF	1388	EFO:0003042 TF ChIP-seq USF1	TF ChIP-seq	H1	embryonic	CELL_LINE	encode
CHIP_TF	1389	EFO:0003042 TF ChIP-seq USF2	TF ChIP-seq	H1	embryonic	CELL_LINE	encode
CHIP_TF	1390	EFO:0003042 TF ChIP-seq YY1	TF ChIP-seq	H1	embryonic	CELL_LINE	encode
CHIP_TF	1391	EFO:0003045 TF ChIP-seq CTCF	TF ChIP-seq	H9	embryonic	CELL_LINE	encode
CHIP_TF	1392	EFO:0003072 TF ChIP-seq CHD2	TF ChIP-seq	SK-N-SH	child	CELL_LINE	encode
CHIP_TF	1393	EFO:0003072 TF ChIP-seq CTCF	TF ChIP-seq	SK-N-SH	child	CELL_LINE	encode
CHIP_TF	1394	EFO:0003072 TF ChIP-seq ELF1	TF ChIP-seq	SK-N-SH	child	CELL_LINE	encode
CHIP_TF	1395	EFO:0003072 TF ChIP-seq EP300	TF ChIP-seq	SK-N-SH	child	CELL_LINE	encode
CHIP_TF	1396	EFO:0003072 TF ChIP-seq FOSL2	TF ChIP-seq	SK-N-SH	child	CELL_LINE	encode
CHIP_TF	1397	EFO:0003072 TF ChIP-seq FOXJ3 genetically modified (insertion) using CRISPR targeting H. sapiens FOXJ3	TF ChIP-seq	SK-N-SH	child	CELL_LINE	encode
CHIP_TF	1398	EFO:0003072 TF ChIP-seq FOXM1	TF ChIP-seq	SK-N-SH	child	CELL_LINE	encode
CHIP_TF	1399	EFO:0003072 TF ChIP-seq GABPA	TF ChIP-seq	SK-N-SH	child	CELL_LINE	encode
CHIP_TF	1400	EFO:0003072 TF ChIP-seq GATA2 genetically modified (insertion) using CRISPR targeting H. sapiens GATA2	TF ChIP-seq	SK-N-SH	child	CELL_LINE	encode
CHIP_TF	1401	EFO:0003072 TF ChIP-seq GATA3	TF ChIP-seq	SK-N-SH	child	CELL_LINE	encode
CHIP_TF	1402	EFO:0003072 TF ChIP-seq JUND	TF ChIP-seq	SK-N-SH	child	CELL_LINE	encode
CHIP_TF	1403	EFO:0003072 TF ChIP-seq MAX	TF ChIP-seq	SK-N-SH	child	CELL_LINE	encode
CHIP_TF	1404	EFO:0003072 TF ChIP-seq MEF2A	TF ChIP-seq	SK-N-SH	child	CELL_LINE	encode
CHIP_TF	1405	EFO:0003072 TF ChIP-seq MXI1	TF ChIP-seq	SK-N-SH	child	CELL_LINE	encode
CHIP_TF	1406	EFO:0003072 TF ChIP-seq NFIC	TF ChIP-seq	SK-N-SH	child	CELL_LINE	encode
CHIP_TF	1407	EFO:0003072 TF ChIP-seq NRF1	TF ChIP-seq	SK-N-SH	child	CELL_LINE	encode
CHIP_TF	1408	EFO:0003072 TF ChIP-seq PBX3	TF ChIP-seq	SK-N-SH	child	CELL_LINE	encode
CHIP_TF	1409	EFO:0003072 TF ChIP-seq POLR2AphosphoS5	TF ChIP-seq	SK-N-SH	child	CELL_LINE	encode
CHIP_TF	1410	EFO:0003072 TF ChIP-seq RAD21	TF ChIP-seq	SK-N-SH	child	CELL_LINE	encode
CHIP_TF	1411	EFO:0003072 TF ChIP-seq RCOR1	TF ChIP-seq	SK-N-SH	child	CELL_LINE	encode
CHIP_TF	1412	EFO:0003072 TF ChIP-seq REST	TF ChIP-seq	SK-N-SH	child	CELL_LINE	encode
CHIP_TF	1413	EFO:0003072 TF ChIP-seq RFX5	TF ChIP-seq	SK-N-SH	child	CELL_LINE	encode
CHIP_TF	1414	EFO:0003072 TF ChIP-seq RXRA	TF ChIP-seq	SK-N-SH	child	CELL_LINE	encode
CHIP_TF	1415	EFO:0003072 TF ChIP-seq SIN3A	TF ChIP-seq	SK-N-SH	child	CELL_LINE	encode
CHIP_TF	1416	EFO:0003072 TF ChIP-seq SMC3	TF ChIP-seq	SK-N-SH	child	CELL_LINE	encode
CHIP_TF	1417	EFO:0003072 TF ChIP-seq TAF1	TF ChIP-seq	SK-N-SH	child	CELL_LINE	encode
CHIP_TF	1418	EFO:0003072 TF ChIP-seq TCF12	TF ChIP-seq	SK-N-SH	child	CELL_LINE	encode
CHIP_TF	1419	EFO:0003072 TF ChIP-seq TEAD4	TF ChIP-seq	SK-N-SH	child	CELL_LINE	encode
CHIP_TF	1420	EFO:0003072 TF ChIP-seq USF1	TF ChIP-seq	SK-N-SH	child	CELL_LINE	encode
CHIP_TF	1421	EFO:0003072 TF ChIP-seq YY1	TF ChIP-seq	SK-N-SH	child	CELL_LINE	encode
CHIP_TF	1422	EFO:0003072 TF ChIP-seq ZBTB33	TF ChIP-seq	SK-N-SH	child	CELL_LINE	encode
CHIP_TF	1423	EFO:0005234 TF ChIP-seq POLR2AphosphoS5	TF ChIP-seq	PFSK-1	child	CELL_LINE	encode
CHIP_TF	1424	EFO:0005234 TF ChIP-seq REST	TF ChIP-seq	PFSK-1	child	CELL_LINE	encode
CHIP_TF	1425	EFO:0005234 TF ChIP-seq SIN3A	TF ChIP-seq	PFSK-1	child	CELL_LINE	encode
CHIP_TF	1426	EFO:0005234 TF ChIP-seq TAF1	TF ChIP-seq	PFSK-1	child	CELL_LINE	encode
CHIP_TF	1427	EFO:0005236 TF ChIP-seq YY1	TF ChIP-seq	NT2/D1	unknown	CELL_LINE	encode
CHIP_TF	1428	EFO:0005336 TF ChIP-seq POLR2A	TF ChIP-seq	GM10847	unknown	CELL_LINE	encode
CHIP_TF	1429	EFO:0005337 TF ChIP-seq CTCF	TF ChIP-seq	GM12864	unknown	CELL_LINE	encode
CHIP_TF	1430	EFO:0005347 TF ChIP-seq POLR2A	TF ChIP-seq	GM15510	unknown	CELL_LINE	encode
CHIP_TF	1431	EFO:0005348 TF ChIP-seq POLR2A	TF ChIP-seq	GM18526	unknown	CELL_LINE	encode
CHIP_TF	1432	EFO:0005349 TF ChIP-seq POLR2A	TF ChIP-seq	GM18951	unknown	CELL_LINE	encode
CHIP_TF	1433	EFO:0005350 TF ChIP-seq POLR2A	TF ChIP-seq	GM19099	unknown	CELL_LINE	encode
CHIP_TF	1434	EFO:0005351 TF ChIP-seq POLR2A	TF ChIP-seq	GM19193	unknown	CELL_LINE	encode
CHIP_TF	1435	EFO:0005694 TF ChIP-seq CTCF	TF ChIP-seq	KMS-11	adult	CELL_LINE	encode
CHIP_TF	1436	EFO:0005715 TF ChIP-seq CTCF	TF ChIP-seq	WERI-Rb-1	child	CELL_LINE	encode
CHIP_TF	1437	EFO:0005718 TF ChIP-seq CEBPB	TF ChIP-seq	Ishikawa	adult	CELL_LINE	encode
CHIP_TF	1438	EFO:0005718 TF ChIP-seq CREB1	TF ChIP-seq	Ishikawa	adult	CELL_LINE	encode
CHIP_TF	1439	EFO:0005718 TF ChIP-seq EGR1	TF ChIP-seq	Ishikawa	adult	CELL_LINE	encode
CHIP_TF	1440	EFO:0005718 TF ChIP-seq EP300	TF ChIP-seq	Ishikawa	adult	CELL_LINE	encode
CHIP_TF	1441	EFO:0005718 TF ChIP-seq FOXM1	TF ChIP-seq	Ishikawa	adult	CELL_LINE	encode
CHIP_TF	1442	EFO:0005718 TF ChIP-seq MAX	TF ChIP-seq	Ishikawa	adult	CELL_LINE	encode
CHIP_TF	1443	EFO:0005718 TF ChIP-seq NFIC	TF ChIP-seq	Ishikawa	adult	CELL_LINE	encode
CHIP_TF	1444	EFO:0005718 TF ChIP-seq RAD21	TF ChIP-seq	Ishikawa	adult	CELL_LINE	encode
CHIP_TF	1445	EFO:0005718 TF ChIP-seq REST	TF ChIP-seq	Ishikawa	adult	CELL_LINE	encode
CHIP_TF	1446	EFO:0005718 TF ChIP-seq SRF	TF ChIP-seq	Ishikawa	adult	CELL_LINE	encode
CHIP_TF	1447	EFO:0005718 TF ChIP-seq TAF1	TF ChIP-seq	Ishikawa	adult	CELL_LINE	encode
CHIP_TF	1448	EFO:0005718 TF ChIP-seq TCF12	TF ChIP-seq	Ishikawa	adult	CELL_LINE	encode
CHIP_TF	1449	EFO:0005718 TF ChIP-seq TEAD4	TF ChIP-seq	Ishikawa	adult	CELL_LINE	encode
CHIP_TF	1450	EFO:0005718 TF ChIP-seq USF1	TF ChIP-seq	Ishikawa	adult	CELL_LINE	encode
CHIP_TF	1451	EFO:0005718 TF ChIP-seq YY1	TF ChIP-seq	Ishikawa	adult	CELL_LINE	encode
CHIP_TF	1452	EFO:0005718 TF ChIP-seq ZBTB7A	TF ChIP-seq	Ishikawa	adult	CELL_LINE	encode
CHIP_TF	1453	EFO:0005723 TF ChIP-seq EZH2phosphoT487	TF ChIP-seq	GM23248	adult	CELL_LINE	encode
CHIP_TF	1454	EFO:0005724 TF ChIP-seq CTCF	TF ChIP-seq	MM.1S	adult	CELL_LINE	encode
CHIP_TF	1455	EFO:0005725 TF ChIP-seq CTCF	TF ChIP-seq	BE2C	child	CELL_LINE	encode
CHIP_TF	1456	EFO:0005726 TF ChIP-seq CTCF	TF ChIP-seq	LNCaP clone FGC	adult	CELL_LINE	encode
CHIP_TF	1457	EFO:0005907 TF ChIP-seq CTCF	TF ChIP-seq	OCI-LY1	adult	CELL_LINE	encode
CHIP_TF	1458	EFO:0005907 TF ChIP-seq EZH2	TF ChIP-seq	OCI-LY1	adult	CELL_LINE	encode
CHIP_TF	1459	EFO:0006270 TF ChIP-seq CTCF	TF ChIP-seq	AG04450	embryonic	CELL_LINE	encode
CHIP_TF	1460	EFO:0006365 TF ChIP-seq CTCF	TF ChIP-seq	C4-2B	adult	CELL_LINE	encode
CHIP_TF	1461	EFO:0006365 TF ChIP-seq ZFX	TF ChIP-seq	C4-2B	adult	CELL_LINE	encode
CHIP_TF	1462	EFO:0006710 TF ChIP-seq CTCF	TF ChIP-seq	OCI-LY3	adult	CELL_LINE	encode
CHIP_TF	1463	EFO:0006711 TF ChIP-seq CTCF	TF ChIP-seq	OCI-LY7	adult	CELL_LINE	encode
CHIP_TF	1464	EFO:0007074 TF ChIP-seq CTCF	TF ChIP-seq	DND-41	child	CELL_LINE	encode
CHIP_TF	1465	EFO:0007112 TF ChIP-seq CTCF	TF ChIP-seq	Loucy	adult	CELL_LINE	encode
CHIP_TF	1466	EFO:0007610 TF ChIP-seq CTCF	TF ChIP-seq	RWPE2	adult	CELL_LINE	encode
CHIP_TF	1467	EFO:0007752 TF ChIP-seq CTCF	TF ChIP-seq	VCaP	adult	CELL_LINE	encode
CHIP_TF	1468	EFO:0007950 TF ChIP-seq CREB1 genetically modified (insertion) using CRISPR targeting H. sapiens CREB1	TF ChIP-seq	GM23338	adult	CELL_LINE	encode
CHIP_TF	1469	EFO:0007950 TF ChIP-seq CTCF	TF ChIP-seq	GM23338	adult	CELL_LINE	encode
CHIP_TF	1470	EFO:0007950 TF ChIP-seq ETS1	TF ChIP-seq	GM23338	adult	CELL_LINE	encode
CHIP_TF	1471	EFO:0007950 TF ChIP-seq EZH2	TF ChIP-seq	GM23338	adult	CELL_LINE	encode
CHIP_TF	1472	EFO:0007950 TF ChIP-seq EZH2phosphoT487	TF ChIP-seq	GM23338	adult	CELL_LINE	encode
CHIP_TF	1473	EFO:0007950 TF ChIP-seq NANOG	TF ChIP-seq	GM23338	adult	CELL_LINE	encode
CHIP_TF	1474	EFO:0007950 TF ChIP-seq POLR2AphosphoS5	TF ChIP-seq	GM23338	adult	CELL_LINE	encode
CHIP_TF	1475	EFO:0007950 TF ChIP-seq POU5F1	TF ChIP-seq	GM23338	adult	CELL_LINE	encode
CHIP_TF	1476	EFO:0007950 TF ChIP-seq REST	TF ChIP-seq	GM23338	adult	CELL_LINE	encode
CHIP_TF	1477	EFO:0007950 TF ChIP-seq ZNF462 genetically modified (insertion) using CRISPR targeting H. sapiens ZNF462	TF ChIP-seq	GM23338	adult	CELL_LINE	encode
CHIP_TF	1478	EFO:0009318 TF ChIP-seq CTCF	TF ChIP-seq	HFFc6	newborn	CELL_LINE	encode
CHIP_TF	1479	EFO:0009747 TF ChIP-seq ARID4B genetically modified (insertion) using CRISPR targeting H. sapiens ARID4B	TF ChIP-seq	WTC11	adult	CELL_LINE	encode
CHIP_TF	1480	EFO:0009747 TF ChIP-seq CREM genetically modified (insertion) using CRISPR targeting H. sapiens CREM	TF ChIP-seq	WTC11	adult	CELL_LINE	encode
CHIP_TF	1481	EFO:0009747 TF ChIP-seq CTCF	TF ChIP-seq	WTC11	adult	CELL_LINE	encode
CHIP_TF	1482	EFO:0009747 TF ChIP-seq E2F5 genetically modified (insertion) using CRISPR targeting H. sapiens E2F5	TF ChIP-seq	WTC11	adult	CELL_LINE	encode
CHIP_TF	1483	EFO:0009747 TF ChIP-seq EGR1 genetically modified (insertion) using CRISPR targeting H. sapiens EGR1, genetically modified (insertion) using TALEN inserting M. musculus Neurog2	TF ChIP-seq	WTC11	unknown	CELL_LINE	encode
CHIP_TF	1484	EFO:0009747 TF ChIP-seq ETV6 genetically modified (insertion) using CRISPR targeting H. sapiens ETV6	TF ChIP-seq	WTC11	adult	CELL_LINE	encode
CHIP_TF	1485	EFO:0009747 TF ChIP-seq FOS genetically modified (insertion) using CRISPR targeting H. sapiens FOS, genetically modified (insertion) using TALEN inserting M. musculus Neurog2	TF ChIP-seq	WTC11	unknown	CELL_LINE	encode
CHIP_TF	1486	EFO:0009747 TF ChIP-seq FOXK1 genetically modified (insertion) using CRISPR targeting H. sapiens FOXK1	TF ChIP-seq	WTC11	adult	CELL_LINE	encode
CHIP_TF	1487	EFO:0009747 TF ChIP-seq FOXP1 genetically modified (insertion) using CRISPR targeting H. sapiens FOXP1	TF ChIP-seq	WTC11	adult	CELL_LINE	encode
CHIP_TF	1488	EFO:0009747 TF ChIP-seq FOXP4 genetically modified (insertion) using CRISPR targeting H. sapiens FOXP4	TF ChIP-seq	WTC11	adult	CELL_LINE	encode
CHIP_TF	1489	EFO:0009747 TF ChIP-seq GABPB1 genetically modified (insertion) using CRISPR targeting H. sapiens GABPB1	TF ChIP-seq	WTC11	adult	CELL_LINE	encode
CHIP_TF	1490	EFO:0009747 TF ChIP-seq GRHL2 genetically modified (insertion) using CRISPR targeting H. sapiens GRHL2	TF ChIP-seq	WTC11	adult	CELL_LINE	encode
CHIP_TF	1491	EFO:0009747 TF ChIP-seq HMGA2 genetically modified (insertion) using CRISPR targeting H. sapiens HMGA2	TF ChIP-seq	WTC11	adult	CELL_LINE	encode
CHIP_TF	1492	EFO:0009747 TF ChIP-seq HMGXB4 genetically modified (insertion) using CRISPR targeting H. sapiens HMGXB4	TF ChIP-seq	WTC11	adult	CELL_LINE	encode
CHIP_TF	1493	EFO:0009747 TF ChIP-seq MAX genetically modified (insertion) using CRISPR targeting H. sapiens MAX	TF ChIP-seq	WTC11	adult	CELL_LINE	encode
CHIP_TF	1494	EFO:0009747 TF ChIP-seq MYBL2 genetically modified (insertion) using CRISPR targeting H. sapiens MYBL2	TF ChIP-seq	WTC11	adult	CELL_LINE	encode
CHIP_TF	1495	EFO:0009747 TF ChIP-seq NFE2L1 genetically modified (insertion) using CRISPR targeting H. sapiens NFE2L1	TF ChIP-seq	WTC11	adult	CELL_LINE	encode
CHIP_TF	1496	EFO:0009747 TF ChIP-seq NFYB genetically modified (insertion) using CRISPR targeting H. sapiens NFYB	TF ChIP-seq	WTC11	adult	CELL_LINE	encode
CHIP_TF	1497	EFO:0009747 TF ChIP-seq PRDM15 genetically modified (insertion) using CRISPR targeting H. sapiens PRDM15	TF ChIP-seq	WTC11	adult	CELL_LINE	encode
CHIP_TF	1498	EFO:0009747 TF ChIP-seq SOX15 genetically modified (insertion) using CRISPR targeting H. sapiens SOX15	TF ChIP-seq	WTC11	adult	CELL_LINE	encode
CHIP_TF	1499	EFO:0009747 TF ChIP-seq SP1 genetically modified (insertion) using CRISPR targeting H. sapiens SP1	TF ChIP-seq	WTC11	adult	CELL_LINE	encode
CHIP_TF	1500	EFO:0009747 TF ChIP-seq TEAD1 genetically modified (insertion) using CRISPR targeting H. sapiens TEAD1	TF ChIP-seq	WTC11	adult	CELL_LINE	encode
CHIP_TF	1501	EFO:0009747 TF ChIP-seq TGIF2 genetically modified (insertion) using CRISPR targeting H. sapiens TGIF2	TF ChIP-seq	WTC11	adult	CELL_LINE	encode
CHIP_TF	1502	EFO:0009747 TF ChIP-seq TOX4 genetically modified (insertion) using CRISPR targeting H. sapiens TOX4, genetically modified (insertion) using TALEN inserting M. musculus Neurog2	TF ChIP-seq	WTC11	unknown	CELL_LINE	encode
CHIP_TF	1503	EFO:0009747 TF ChIP-seq TP53 genetically modified (insertion) using CRISPR targeting H. sapiens TP53	TF ChIP-seq	WTC11	adult	CELL_LINE	encode
CHIP_TF	1504	EFO:0009747 TF ChIP-seq USF1 genetically modified (insertion) using CRISPR targeting H. sapiens USF1	TF ChIP-seq	WTC11	adult	CELL_LINE	encode
CHIP_TF	1505	EFO:0009747 TF ChIP-seq USF2 genetically modified (insertion) using CRISPR targeting H. sapiens USF2	TF ChIP-seq	WTC11	adult	CELL_LINE	encode
CHIP_TF	1506	EFO:0009747 TF ChIP-seq ZBTB43 genetically modified (insertion) using CRISPR targeting H. sapiens ZBTB43	TF ChIP-seq	WTC11	adult	CELL_LINE	encode
CHIP_TF	1507	EFO:0009747 TF ChIP-seq ZNF121 genetically modified (insertion) using CRISPR targeting H. sapiens ZNF121	TF ChIP-seq	WTC11	adult	CELL_LINE	encode
CHIP_TF	1508	EFO:0009747 TF ChIP-seq ZNF143 genetically modified (insertion) using CRISPR targeting H. sapiens ZNF143	TF ChIP-seq	WTC11	adult	CELL_LINE	encode
CHIP_TF	1509	EFO:0009747 TF ChIP-seq ZNF184 genetically modified (insertion) using CRISPR targeting H. sapiens ZNF184	TF ChIP-seq	WTC11	adult	CELL_LINE	encode
CHIP_TF	1510	EFO:0009747 TF ChIP-seq ZNF232 genetically modified (insertion) using CRISPR targeting H. sapiens ZNF232	TF ChIP-seq	WTC11	adult	CELL_LINE	encode
CHIP_TF	1511	EFO:0009747 TF ChIP-seq ZNF263 genetically modified (insertion) using CRISPR targeting H. sapiens ZNF263	TF ChIP-seq	WTC11	adult	CELL_LINE	encode
CHIP_TF	1512	EFO:0009747 TF ChIP-seq ZNF423 genetically modified (insertion) using CRISPR targeting H. sapiens ZNF423	TF ChIP-seq	WTC11	adult	CELL_LINE	encode
CHIP_TF	1513	EFO:0030018 TF ChIP-seq Cebpa	TF ChIP-seq	BLaER1	unknown	CELL_LINE	encode
CHIP_TF	1514	NTR:0000493 TF ChIP-seq CTCF	TF ChIP-seq	left ventricle myocardium inferior	adult	TISSUE	encode
CHIP_TF	1515	NTR:0000512 TF ChIP-seq CTCF	TF ChIP-seq	nephron progenitor cell	embryonic	IN_VITRO_DIFFERENTIATED_CELLS	encode
CHIP_TF	1516	NTR:0001226 TF ChIP-seq CTCF	TF ChIP-seq	parathyroid adenoma	adult	TISSUE	encode
CHIP_TF	1517	UBERON:0000317 TF ChIP-seq CTCF	TF ChIP-seq	colonic mucosa	adult	TISSUE	encode
CHIP_TF	1518	UBERON:0000473 TF ChIP-seq CTCF	TF ChIP-seq	testis	adult	TISSUE	encode
CHIP_TF	1519	UBERON:0000945 TF ChIP-seq CTCF	TF ChIP-seq	stomach	adult	TISSUE	encode
CHIP_TF	1520	UBERON:0000945 TF ChIP-seq POLR2A	TF ChIP-seq	stomach	adult	TISSUE	encode
CHIP_TF	1521	UBERON:0000945 TF ChIP-seq POLR2AphosphoS5	TF ChIP-seq	stomach	adult	TISSUE	encode
CHIP_TF	1522	UBERON:0000955 TF ChIP-seq CTCF	TF ChIP-seq	brain	embryonic	ORGANOID	encode
CHIP_TF	1523	UBERON:0000992 TF ChIP-seq CTCF	TF ChIP-seq	ovary	adult	TISSUE	encode
CHIP_TF	1524	UBERON:0000992 TF ChIP-seq POLR2A	TF ChIP-seq	ovary	adult	TISSUE	encode
CHIP_TF	1525	UBERON:0000995 TF ChIP-seq CTCF	TF ChIP-seq	uterus	adult	TISSUE	encode
CHIP_TF	1526	UBERON:0000995 TF ChIP-seq POLR2A	TF ChIP-seq	uterus	adult	TISSUE	encode
CHIP_TF	1527	UBERON:0000996 TF ChIP-seq CTCF	TF ChIP-seq	vagina	adult	TISSUE	encode
CHIP_TF	1528	UBERON:0000996 TF ChIP-seq POLR2A	TF ChIP-seq	vagina	adult	TISSUE	encode
CHIP_TF	1529	UBERON:0000996 TF ChIP-seq POLR2AphosphoS5	TF ChIP-seq	vagina	adult	TISSUE	encode
CHIP_TF	1530	UBERON:0001114 TF ChIP-seq CTCF	TF ChIP-seq	right lobe of liver	adult	TISSUE	encode
CHIP_TF	1531	UBERON:0001114 TF ChIP-seq POLR2A	TF ChIP-seq	right lobe of liver	adult	TISSUE	encode
CHIP_TF	1532	UBERON:0001150 TF ChIP-seq CTCF	TF ChIP-seq	body of pancreas	adult	TISSUE	encode
CHIP_TF	1533	UBERON:0001150 TF ChIP-seq POLR2A	TF ChIP-seq	body of pancreas	adult	TISSUE	encode
CHIP_TF	1534	UBERON:0001157 TF ChIP-seq CTCF	TF ChIP-seq	transverse colon	adult	TISSUE	encode
CHIP_TF	1535	UBERON:0001157 TF ChIP-seq EP300	TF ChIP-seq	transverse colon	adult	TISSUE	encode
CHIP_TF	1536	UBERON:0001157 TF ChIP-seq POLR2A	TF ChIP-seq	transverse colon	adult	TISSUE	encode
CHIP_TF	1537	UBERON:0001157 TF ChIP-seq POLR2AphosphoS5	TF ChIP-seq	transverse colon	adult	TISSUE	encode
CHIP_TF	1538	UBERON:0001159 TF ChIP-seq CTCF	TF ChIP-seq	sigmoid colon	adult	TISSUE	encode
CHIP_TF	1539	UBERON:0001159 TF ChIP-seq EP300	TF ChIP-seq	sigmoid colon	adult	TISSUE	encode
CHIP_TF	1540	UBERON:0001159 TF ChIP-seq POLR2A	TF ChIP-seq	sigmoid colon	adult	TISSUE	encode
CHIP_TF	1541	UBERON:0001159 TF ChIP-seq POLR2AphosphoS5	TF ChIP-seq	sigmoid colon	adult	TISSUE	encode
CHIP_TF	1542	UBERON:0001211 TF ChIP-seq CTCF	TF ChIP-seq	Peyer\'s patch	adult	TISSUE	encode
CHIP_TF	1543	UBERON:0001211 TF ChIP-seq POLR2A	TF ChIP-seq	Peyer\'s patch	adult	TISSUE	encode
CHIP_TF	1544	UBERON:0001264 TF ChIP-seq CTCF	TF ChIP-seq	pancreas	adult	TISSUE	encode
CHIP_TF	1545	UBERON:0001285 TF ChIP-seq CTCF	TF ChIP-seq	nephron	embryonic	ORGANOID	encode
CHIP_TF	1546	UBERON:0001323 TF ChIP-seq CTCF	TF ChIP-seq	tibial nerve	adult	TISSUE	encode
CHIP_TF	1547	UBERON:0001323 TF ChIP-seq EP300	TF ChIP-seq	tibial nerve	adult	TISSUE	encode
CHIP_TF	1548	UBERON:0001323 TF ChIP-seq POLR2A	TF ChIP-seq	tibial nerve	adult	TISSUE	encode
CHIP_TF	1549	UBERON:0001496 TF ChIP-seq CTCF	TF ChIP-seq	ascending aorta	adult	TISSUE	encode
CHIP_TF	1550	UBERON:0001515 TF ChIP-seq CTCF	TF ChIP-seq	thoracic aorta	adult	TISSUE	encode
CHIP_TF	1551	UBERON:0001621 TF ChIP-seq CTCF	TF ChIP-seq	coronary artery	adult	TISSUE	encode
CHIP_TF	1552	UBERON:0001987 TF ChIP-seq CTCF	TF ChIP-seq	placenta	embryonic	TISSUE	encode
CHIP_TF	1553	UBERON:0002046 TF ChIP-seq CTCF	TF ChIP-seq	thyroid gland	adult	TISSUE	encode
CHIP_TF	1554	UBERON:0002046 TF ChIP-seq POLR2A	TF ChIP-seq	thyroid gland	adult	TISSUE	encode
CHIP_TF	1555	UBERON:0002080 TF ChIP-seq CTCF	TF ChIP-seq	heart right ventricle	adult	TISSUE	encode
CHIP_TF	1556	UBERON:0002084 TF ChIP-seq CTCF	TF ChIP-seq	heart left ventricle	adult	TISSUE	encode
CHIP_TF	1557	UBERON:0002084 TF ChIP-seq POLR2A	TF ChIP-seq	heart left ventricle	adult	TISSUE	encode
CHIP_TF	1558	UBERON:0002106 TF ChIP-seq CTCF	TF ChIP-seq	spleen	adult	TISSUE	encode
CHIP_TF	1559	UBERON:0002106 TF ChIP-seq POLR2A	TF ChIP-seq	spleen	adult	TISSUE	encode
CHIP_TF	1560	UBERON:0002106 TF ChIP-seq POLR2AphosphoS5	TF ChIP-seq	spleen	adult	TISSUE	encode
CHIP_TF	1561	UBERON:0002107 TF ChIP-seq ATF3	TF ChIP-seq	liver	adult	TISSUE	encode
CHIP_TF	1562	UBERON:0002107 TF ChIP-seq CTCF	TF ChIP-seq	liver	child,adult	TISSUE	encode
CHIP_TF	1563	UBERON:0002107 TF ChIP-seq EGR1	TF ChIP-seq	liver	adult	TISSUE	encode
CHIP_TF	1564	UBERON:0002107 TF ChIP-seq FOXA1	TF ChIP-seq	liver	adult	TISSUE	encode
CHIP_TF	1565	UBERON:0002107 TF ChIP-seq FOXA2	TF ChIP-seq	liver	adult	TISSUE	encode
CHIP_TF	1566	UBERON:0002107 TF ChIP-seq GABPA	TF ChIP-seq	liver	adult	TISSUE	encode
CHIP_TF	1567	UBERON:0002107 TF ChIP-seq HNF4A	TF ChIP-seq	liver	adult	TISSUE	encode
CHIP_TF	1568	UBERON:0002107 TF ChIP-seq HNF4G	TF ChIP-seq	liver	child	TISSUE	encode
CHIP_TF	1569	UBERON:0002107 TF ChIP-seq JUND	TF ChIP-seq	liver	adult	TISSUE	encode
CHIP_TF	1570	UBERON:0002107 TF ChIP-seq MAX	TF ChIP-seq	liver	adult	TISSUE	encode
CHIP_TF	1571	UBERON:0002107 TF ChIP-seq NR2F2	TF ChIP-seq	liver	adult	TISSUE	encode
CHIP_TF	1572	UBERON:0002107 TF ChIP-seq RAD21	TF ChIP-seq	liver	adult	TISSUE	encode
CHIP_TF	1573	UBERON:0002107 TF ChIP-seq REST	TF ChIP-seq	liver	adult	TISSUE	encode
CHIP_TF	1574	UBERON:0002107 TF ChIP-seq RXRA	TF ChIP-seq	liver	adult	TISSUE	encode
CHIP_TF	1575	UBERON:0002107 TF ChIP-seq SP1	TF ChIP-seq	liver	adult	TISSUE	encode
CHIP_TF	1576	UBERON:0002107 TF ChIP-seq TAF1	TF ChIP-seq	liver	child	TISSUE	encode
CHIP_TF	1577	UBERON:0002107 TF ChIP-seq YY1	TF ChIP-seq	liver	adult	TISSUE	encode
CHIP_TF	1578	UBERON:0002107 TF ChIP-seq ZBTB33	TF ChIP-seq	liver	adult	TISSUE	encode
CHIP_TF	1579	UBERON:0002168 TF ChIP-seq CTCF	TF ChIP-seq	left lung	adult	TISSUE	encode
CHIP_TF	1580	UBERON:0002170 TF ChIP-seq CTCF	TF ChIP-seq	upper lobe of right lung	adult	TISSUE	encode
CHIP_TF	1581	UBERON:0002171 TF ChIP-seq CTCF	TF ChIP-seq	lower lobe of right lung	adult	TISSUE	encode
CHIP_TF	1582	UBERON:0002367 TF ChIP-seq CTCF	TF ChIP-seq	prostate gland	adult	TISSUE	encode
CHIP_TF	1583	UBERON:0002367 TF ChIP-seq POLR2A	TF ChIP-seq	prostate gland	adult	TISSUE	encode
CHIP_TF	1584	UBERON:0002367 TF ChIP-seq POLR2AphosphoS5	TF ChIP-seq	prostate gland	adult	TISSUE	encode
CHIP_TF	1585	UBERON:0002369 TF ChIP-seq CTCF	TF ChIP-seq	adrenal gland	adult	TISSUE	encode
CHIP_TF	1586	UBERON:0002369 TF ChIP-seq POLR2A	TF ChIP-seq	adrenal gland	adult	TISSUE	encode
CHIP_TF	1587	UBERON:0004264 TF ChIP-seq CTCF	TF ChIP-seq	lower leg skin	adult	TISSUE	encode
CHIP_TF	1588	UBERON:0004264 TF ChIP-seq POLR2A	TF ChIP-seq	lower leg skin	adult	TISSUE	encode
CHIP_TF	1589	UBERON:0004550 TF ChIP-seq CTCF	TF ChIP-seq	gastroesophageal sphincter	adult	TISSUE	encode
CHIP_TF	1590	UBERON:0004550 TF ChIP-seq EP300	TF ChIP-seq	gastroesophageal sphincter	adult	TISSUE	encode
CHIP_TF	1591	UBERON:0004550 TF ChIP-seq POLR2A	TF ChIP-seq	gastroesophageal sphincter	adult	TISSUE	encode
CHIP_TF	1592	UBERON:0004550 TF ChIP-seq POLR2AphosphoS5	TF ChIP-seq	gastroesophageal sphincter	adult	TISSUE	encode
CHIP_TF	1593	UBERON:0004648 TF ChIP-seq CTCF	TF ChIP-seq	esophagus muscularis mucosa	adult	TISSUE	encode
CHIP_TF	1594	UBERON:0004648 TF ChIP-seq POLR2A	TF ChIP-seq	esophagus muscularis mucosa	adult	TISSUE	encode
CHIP_TF	1595	UBERON:0004648 TF ChIP-seq POLR2AphosphoS5	TF ChIP-seq	esophagus muscularis mucosa	adult	TISSUE	encode
CHIP_TF	1596	UBERON:0004992 TF ChIP-seq CTCF	TF ChIP-seq	mucosa of descending colon	adult	TISSUE	encode
CHIP_TF	1597	UBERON:0006631 TF ChIP-seq CTCF	TF ChIP-seq	right atrium auricular region	adult	TISSUE	encode
CHIP_TF	1598	UBERON:0006920 TF ChIP-seq CTCF	TF ChIP-seq	esophagus squamous epithelium	adult	TISSUE	encode
CHIP_TF	1599	UBERON:0006920 TF ChIP-seq POLR2A	TF ChIP-seq	esophagus squamous epithelium	adult	TISSUE	encode
CHIP_TF	1600	UBERON:0007610 TF ChIP-seq CTCF	TF ChIP-seq	tibial artery	adult	TISSUE	encode
CHIP_TF	1601	UBERON:0008367 TF ChIP-seq CTCF	TF ChIP-seq	breast epithelium	adult	TISSUE	encode
CHIP_TF	1602	UBERON:0008367 TF ChIP-seq POLR2A	TF ChIP-seq	breast epithelium	adult	TISSUE	encode
CHIP_TF	1603	UBERON:0008367 TF ChIP-seq POLR2AphosphoS5	TF ChIP-seq	breast epithelium	adult	TISSUE	encode
CHIP_TF	1604	UBERON:0008450 TF ChIP-seq CTCF	TF ChIP-seq	psoas muscle	adult	TISSUE	encode
CHIP_TF	1605	UBERON:0008952 TF ChIP-seq CTCF	TF ChIP-seq	upper lobe of left lung	adult	TISSUE	encode
CHIP_TF	1606	UBERON:0008952 TF ChIP-seq EP300	TF ChIP-seq	upper lobe of left lung	adult	TISSUE	encode
CHIP_TF	1607	UBERON:0008952 TF ChIP-seq POLR2A	TF ChIP-seq	upper lobe of left lung	adult	TISSUE	encode
CHIP_TF	1608	UBERON:0008952 TF ChIP-seq POLR2AphosphoS5	TF ChIP-seq	upper lobe of left lung	adult	TISSUE	encode
CHIP_TF	1609	UBERON:0008953 TF ChIP-seq CTCF	TF ChIP-seq	lower lobe of left lung	adult	TISSUE	encode
CHIP_TF	1610	UBERON:0009834 TF ChIP-seq CTCF	TF ChIP-seq	dorsolateral prefrontal cortex	adult	TISSUE	encode
CHIP_TF	1611	UBERON:0010414 TF ChIP-seq CTCF	TF ChIP-seq	omental fat pad	adult	TISSUE	encode
CHIP_TF	1612	UBERON:0011907 TF ChIP-seq CTCF	TF ChIP-seq	gastrocnemius medialis	adult	TISSUE	encode
CHIP_TF	1613	UBERON:0011907 TF ChIP-seq POLR2A	TF ChIP-seq	gastrocnemius medialis	adult	TISSUE	encode
CHIP_TF	1614	UBERON:0036149 TF ChIP-seq CTCF	TF ChIP-seq	suprapubic skin	adult	TISSUE	encode
CHIP_TF	1615	UBERON:0036149 TF ChIP-seq POLR2A	TF ChIP-seq	suprapubic skin	adult	TISSUE	encode
CHIP_TF	1616	UBERON:0036149 TF ChIP-seq POLR2AphosphoS5	TF ChIP-seq	suprapubic skin	adult	TISSUE	encode
CHIP_TF	1617	Padding					
CHIP_TF	1618	Padding					
CHIP_TF	1619	Padding					
CHIP_TF	1620	Padding					
CHIP_TF	1621	Padding					
CHIP_TF	1622	Padding					
CHIP_TF	1623	Padding					
CHIP_TF	1624	Padding					
CHIP_TF	1625	Padding					
CHIP_TF	1626	Padding					
CHIP_TF	1627	Padding					
CHIP_TF	1628	Padding					
CHIP_TF	1629	Padding					
CHIP_TF	1630	Padding					
CHIP_TF	1631	Padding					
CHIP_TF	1632	Padding					
CHIP_TF	1633	Padding					
CHIP_TF	1634	Padding					
CHIP_TF	1635	Padding					
CHIP_TF	1636	Padding					
CHIP_TF	1637	Padding					
CHIP_TF	1638	Padding					
CHIP_TF	1639	Padding					
CHIP_TF	1640	Padding					
CHIP_TF	1641	Padding					
CHIP_TF	1642	Padding					
CHIP_TF	1643	Padding					
CHIP_TF	1644	Padding					
CHIP_TF	1645	Padding					
CHIP_TF	1646	Padding					
CHIP_TF	1647	Padding					
CHIP_TF	1648	Padding					
CHIP_TF	1649	Padding					
CHIP_TF	1650	Padding					
CHIP_TF	1651	Padding					
CHIP_TF	1652	Padding					
CHIP_TF	1653	Padding					
CHIP_TF	1654	Padding					
CHIP_TF	1655	Padding					
CHIP_TF	1656	Padding					
CHIP_TF	1657	Padding					
CHIP_TF	1658	Padding					
CHIP_TF	1659	Padding					
CHIP_TF	1660	Padding					
CHIP_TF	1661	Padding					
CHIP_TF	1662	Padding					
CHIP_TF	1663	Padding					
SPLICE_SITES	0	donor					
SPLICE_SITES	1	acceptor					
SPLICE_SITES	2	donor					
SPLICE_SITES	3	acceptor					
SPLICE_SITES	4	Padding					
SPLICE_SITE_USAGE	0	usage_CL:0000047 polyA plus RNA-seq	polyA plus RNA-seq	neuronal stem cell	embryonic	IN_VITRO_DIFFERENTIATED_CELLS	encode
SPLICE_SITE_USAGE	1	usage_CL:0000062 total RNA-seq	total RNA-seq	osteoblast	adult	PRIMARY_CELL	encode
SPLICE_SITE_USAGE	2	usage_CL:0000084 polyA plus RNA-seq	polyA plus RNA-seq	T-cell	adult	PRIMARY_CELL	encode
SPLICE_SITE_USAGE	3	usage_CL:0000084 total RNA-seq	total RNA-seq	T-cell	adult	PRIMARY_CELL	encode
SPLICE_SITE_USAGE	4	usage_CL:0000100 total RNA-seq	total RNA-seq	motor neuron	adult	IN_VITRO_DIFFERENTIATED_CELLS	encode
SPLICE_SITE_USAGE	5	usage_CL:0000115 total RNA-seq	total RNA-seq	endothelial cell	adult	IN_VITRO_DIFFERENTIATED_CELLS	encode
SPLICE_SITE_USAGE	6	usage_CL:0000121 polyA plus RNA-seq	polyA plus RNA-seq	Purkinje cell	child	PRIMARY_CELL	encode
SPLICE_SITE_USAGE	7	usage_CL:0000127 total RNA-seq	total RNA-seq	astrocyte	unknown	PRIMARY_CELL	encode
SPLICE_SITE_USAGE	8	usage_CL:0000134 polyA plus RNA-seq	polyA plus RNA-seq	mesenchymal stem cell	embryonic	IN_VITRO_DIFFERENTIATED_CELLS	encode
SPLICE_SITE_USAGE	9	usage_CL:0000137 total RNA-seq	total RNA-seq	osteocyte	embryonic	IN_VITRO_DIFFERENTIATED_CELLS	encode
SPLICE_SITE_USAGE	10	usage_CL:0000138 total RNA-seq	total RNA-seq	chondrocyte	embryonic	IN_VITRO_DIFFERENTIATED_CELLS	encode
SPLICE_SITE_USAGE	11	usage_CL:0000169 total RNA-seq	total RNA-seq	type B pancreatic cell	embryonic	IN_VITRO_DIFFERENTIATED_CELLS	encode
SPLICE_SITE_USAGE	12	usage_CL:0000182 polyA plus RNA-seq	polyA plus RNA-seq	hepatocyte	embryonic	IN_VITRO_DIFFERENTIATED_CELLS	encode
SPLICE_SITE_USAGE	13	usage_CL:0000182 total RNA-seq	total RNA-seq	hepatocyte	embryonic	IN_VITRO_DIFFERENTIATED_CELLS	encode
SPLICE_SITE_USAGE	14	usage_CL:0000187 polyA plus RNA-seq	polyA plus RNA-seq	myocyte	adult	IN_VITRO_DIFFERENTIATED_CELLS	encode
SPLICE_SITE_USAGE	15	usage_CL:0000187 total RNA-seq	total RNA-seq	myocyte	adult	IN_VITRO_DIFFERENTIATED_CELLS	encode
SPLICE_SITE_USAGE	16	usage_CL:0000192 polyA plus RNA-seq	polyA plus RNA-seq	smooth muscle cell	embryonic	IN_VITRO_DIFFERENTIATED_CELLS	encode
SPLICE_SITE_USAGE	17	usage_CL:0000192 total RNA-seq	total RNA-seq	smooth muscle cell	embryonic	IN_VITRO_DIFFERENTIATED_CELLS	encode
SPLICE_SITE_USAGE	18	usage_CL:0000221 polyA plus RNA-seq	polyA plus RNA-seq	ectodermal cell	embryonic	IN_VITRO_DIFFERENTIATED_CELLS	encode
SPLICE_SITE_USAGE	19	usage_CL:0000222 polyA plus RNA-seq	polyA plus RNA-seq	mesodermal cell	embryonic	IN_VITRO_DIFFERENTIATED_CELLS	encode
SPLICE_SITE_USAGE	20	usage_CL:0000223 polyA plus RNA-seq	polyA plus RNA-seq	endodermal cell	embryonic	IN_VITRO_DIFFERENTIATED_CELLS	encode
SPLICE_SITE_USAGE	21	usage_CL:0000223 total RNA-seq	total RNA-seq	endodermal cell	embryonic	IN_VITRO_DIFFERENTIATED_CELLS	encode
SPLICE_SITE_USAGE	22	usage_CL:0000236 polyA plus RNA-seq	polyA plus RNA-seq	B cell	adult	PRIMARY_CELL	encode
SPLICE_SITE_USAGE	23	usage_CL:0000236 total RNA-seq	total RNA-seq	B cell	adult	PRIMARY_CELL	encode
SPLICE_SITE_USAGE	24	usage_CL:0000307 total RNA-seq	total RNA-seq	tracheal epithelial cell	adult	PRIMARY_CELL	encode
SPLICE_SITE_USAGE	25	usage_CL:0000312 polyA plus RNA-seq	polyA plus RNA-seq	keratinocyte	unknown	PRIMARY_CELL	encode
SPLICE_SITE_USAGE	26	usage_CL:0000346 total RNA-seq	total RNA-seq	hair follicle dermal papilla cell	adult	PRIMARY_CELL	encode
SPLICE_SITE_USAGE	27	usage_CL:0000351 polyA plus RNA-seq	polyA plus RNA-seq	trophoblast cell	embryonic	IN_VITRO_DIFFERENTIATED_CELLS	encode
SPLICE_SITE_USAGE	28	usage_CL:0000515 polyA plus RNA-seq	polyA plus RNA-seq	skeletal muscle myoblast	unknown	PRIMARY_CELL	encode
SPLICE_SITE_USAGE	29	usage_CL:0000515 total RNA-seq	total RNA-seq	skeletal muscle myoblast	unknown	PRIMARY_CELL	encode
SPLICE_SITE_USAGE	30	usage_CL:0000594 total RNA-seq	total RNA-seq	skeletal muscle satellite cell	adult	PRIMARY_CELL	encode
SPLICE_SITE_USAGE	31	usage_CL:0000623 polyA plus RNA-seq	polyA plus RNA-seq	natural killer cell	adult	PRIMARY_CELL	encode
SPLICE_SITE_USAGE	32	usage_CL:0000623 total RNA-seq	total RNA-seq	natural killer cell	adult	PRIMARY_CELL	encode
SPLICE_SITE_USAGE	33	usage_CL:0000624 polyA plus RNA-seq	polyA plus RNA-seq	CD4-positive, alpha-beta T cell	adult	PRIMARY_CELL	encode
SPLICE_SITE_USAGE	34	usage_CL:0000624 total RNA-seq	total RNA-seq	CD4-positive, alpha-beta T cell	adult	PRIMARY_CELL	encode
SPLICE_SITE_USAGE	35	usage_CL:0000625 polyA plus RNA-seq	polyA plus RNA-seq	CD8-positive, alpha-beta T cell	adult	PRIMARY_CELL	encode
SPLICE_SITE_USAGE	36	usage_CL:0000625 total RNA-seq	total RNA-seq	CD8-positive, alpha-beta T cell	adult	PRIMARY_CELL	encode
SPLICE_SITE_USAGE	37	usage_CL:0000650 total RNA-seq	total RNA-seq	mesangial cell	unknown,embryonic	PRIMARY_CELL	encode
SPLICE_SITE_USAGE	38	usage_CL:0000679 total RNA-seq	total RNA-seq	glutamatergic neuron	adult	IN_VITRO_DIFFERENTIATED_CELLS	encode
SPLICE_SITE_USAGE	39	usage_CL:0000746 polyA plus RNA-seq	polyA plus RNA-seq	cardiac muscle cell	embryonic	IN_VITRO_DIFFERENTIATED_CELLS	encode
SPLICE_SITE_USAGE	40	usage_CL:0000746 total RNA-seq	total RNA-seq	cardiac muscle cell	embryonic	IN_VITRO_DIFFERENTIATED_CELLS	encode
SPLICE_SITE_USAGE	41	usage_CL:0000788 polyA plus RNA-seq	polyA plus RNA-seq	naive B cell	unknown	PRIMARY_CELL	encode
SPLICE_SITE_USAGE	42	usage_CL:0000792 polyA plus RNA-seq	polyA plus RNA-seq	CD4-positive, CD25-positive, alpha-beta regulatory T cell	unknown	PRIMARY_CELL	encode
SPLICE_SITE_USAGE	43	usage_CL:0000823 polyA plus RNA-seq	polyA plus RNA-seq	immature natural killer cell	unknown	PRIMARY_CELL	encode
SPLICE_SITE_USAGE	44	usage_CL:0000837 total RNA-seq	total RNA-seq	hematopoietic multipotent progenitor cell	unknown	IN_VITRO_DIFFERENTIATED_CELLS	encode
SPLICE_SITE_USAGE	45	usage_CL:0000842 total RNA-seq	total RNA-seq	mononuclear cell	adult	PRIMARY_CELL	encode
SPLICE_SITE_USAGE	46	usage_CL:0000895 polyA plus RNA-seq	polyA plus RNA-seq	naive thymus-derived CD4-positive, alpha-beta T cell	unknown	PRIMARY_CELL	encode
SPLICE_SITE_USAGE	47	usage_CL:0000895 total RNA-seq	total RNA-seq	naive thymus-derived CD4-positive, alpha-beta T cell	adult	PRIMARY_CELL	encode
SPLICE_SITE_USAGE	48	usage_CL:0000897 polyA plus RNA-seq	polyA plus RNA-seq	CD4-positive, alpha-beta memory T cell	unknown	PRIMARY_CELL	encode
SPLICE_SITE_USAGE	49	usage_CL:0000897 total RNA-seq	total RNA-seq	CD4-positive, alpha-beta memory T cell	adult	PRIMARY_CELL	encode
SPLICE_SITE_USAGE	50	usage_CL:0000900 polyA plus RNA-seq	polyA plus RNA-seq	naive thymus-derived CD8-positive, alpha-beta T cell	unknown	PRIMARY_CELL	encode
SPLICE_SITE_USAGE	51	usage_CL:0000900 total RNA-seq	total RNA-seq	naive thymus-derived CD8-positive, alpha-beta T cell	adult	PRIMARY_CELL	encode
SPLICE_SITE_USAGE	52	usage_CL:0000909 polyA plus RNA-seq	polyA plus RNA-seq	CD8-positive, alpha-beta memory T cell	unknown	PRIMARY_CELL	encode
SPLICE_SITE_USAGE	53	usage_CL:0000909 total RNA-seq	total RNA-seq	CD8-positive, alpha-beta memory T cell	adult	PRIMARY_CELL	encode
SPLICE_SITE_USAGE	54	usage_CL:0001053 polyA plus RNA-seq	polyA plus RNA-seq	IgD-negative memory B cell	unknown	PRIMARY_CELL	encode
SPLICE_SITE_USAGE	55	usage_CL:0001054 polyA plus RNA-seq	polyA plus RNA-seq	CD14-positive monocyte	adult	PRIMARY_CELL	encode
SPLICE_SITE_USAGE	56	usage_CL:0001059 polyA plus RNA-seq	polyA plus RNA-seq	common myeloid progenitor, CD34-positive	adult	PRIMARY_CELL	encode
SPLICE_SITE_USAGE	57	usage_CL:0002098 total RNA-seq	total RNA-seq	regular cardiac myocyte	adult	PRIMARY_CELL	encode
SPLICE_SITE_USAGE	58	usage_CL:0002188 total RNA-seq	total RNA-seq	glomerular endothelial cell	embryonic	PRIMARY_CELL	encode
SPLICE_SITE_USAGE	59	usage_CL:0002306 total RNA-seq	total RNA-seq	epithelial cell of proximal tubule	unknown	PRIMARY_CELL	encode
SPLICE_SITE_USAGE	60	usage_CL:0002319 polyA plus RNA-seq	polyA plus RNA-seq	neural cell	embryonic	IN_VITRO_DIFFERENTIATED_CELLS	encode
SPLICE_SITE_USAGE	61	usage_CL:0002324 polyA plus RNA-seq	polyA plus RNA-seq	myoepithelial cell of mammary gland	adult	PRIMARY_CELL	encode
SPLICE_SITE_USAGE	62	usage_CL:0002326 polyA plus RNA-seq	polyA plus RNA-seq	luminal epithelial cell of mammary gland	adult	PRIMARY_CELL	encode
SPLICE_SITE_USAGE	63	usage_CL:0002327 polyA plus RNA-seq	polyA plus RNA-seq	mammary epithelial cell	adult	PRIMARY_CELL	encode
SPLICE_SITE_USAGE	64	usage_CL:0002327 total RNA-seq	total RNA-seq	mammary epithelial cell	adult	PRIMARY_CELL	encode
SPLICE_SITE_USAGE	65	usage_CL:0002328 total RNA-seq	total RNA-seq	bronchial epithelial cell	adult	PRIMARY_CELL	encode
SPLICE_SITE_USAGE	66	usage_CL:0002351 total RNA-seq	total RNA-seq	progenitor cell of endocrine pancreas	embryonic	IN_VITRO_DIFFERENTIATED_CELLS	encode
SPLICE_SITE_USAGE	67	usage_CL:0002366 total RNA-seq	total RNA-seq	myometrial cell	adult	PRIMARY_CELL	encode
SPLICE_SITE_USAGE	68	usage_CL:0002368 total RNA-seq	total RNA-seq	airway epithelial cell	unknown	PRIMARY_CELL	encode
SPLICE_SITE_USAGE	69	usage_CL:0002372 total RNA-seq	total RNA-seq	myotube	unknown	IN_VITRO_DIFFERENTIATED_CELLS	encode
SPLICE_SITE_USAGE	70	usage_CL:0002451 polyA plus RNA-seq	polyA plus RNA-seq	mammary stem cell	adult	PRIMARY_CELL	encode
SPLICE_SITE_USAGE	71	usage_CL:0002518 total RNA-seq	total RNA-seq	kidney epithelial cell	embryonic,newborn	PRIMARY_CELL	encode
SPLICE_SITE_USAGE	72	usage_CL:0002539 total RNA-seq	total RNA-seq	aortic smooth muscle cell	adult	PRIMARY_CELL	encode
SPLICE_SITE_USAGE	73	usage_CL:0002540 total RNA-seq	total RNA-seq	mesenchymal stem cell of the bone marrow	adult	PRIMARY_CELL	encode
SPLICE_SITE_USAGE	74	usage_CL:0002543 total RNA-seq	total RNA-seq	vein endothelial cell	adult	PRIMARY_CELL	encode
SPLICE_SITE_USAGE	75	usage_CL:0002545 total RNA-seq	total RNA-seq	thoracic aorta endothelial cell	adult	PRIMARY_CELL	encode
SPLICE_SITE_USAGE	76	usage_CL:0002547 total RNA-seq	total RNA-seq	fibroblast of the aortic adventitia	adult	PRIMARY_CELL	encode
SPLICE_SITE_USAGE	77	usage_CL:0002551 total RNA-seq	total RNA-seq	fibroblast of dermis	adult	PRIMARY_CELL	encode
SPLICE_SITE_USAGE	78	usage_CL:0002553 polyA plus RNA-seq	polyA plus RNA-seq	fibroblast of lung	adult	PRIMARY_CELL	encode
SPLICE_SITE_USAGE	79	usage_CL:0002553 total RNA-seq	total RNA-seq	fibroblast of lung	adult	PRIMARY_CELL	encode
SPLICE_SITE_USAGE	80	usage_CL:0002558 total RNA-seq	total RNA-seq	fibroblast of villous mesenchyme	newborn	PRIMARY_CELL	encode
SPLICE_SITE_USAGE	81	usage_CL:0002568 total RNA-seq	total RNA-seq	mesenchymal stem cell of Wharton\'s jelly	newborn	PRIMARY_CELL	encode
SPLICE_SITE_USAGE	82	usage_CL:0002570 total RNA-seq	total RNA-seq	mesenchymal stem cell of adipose	adult	PRIMARY_CELL	encode
SPLICE_SITE_USAGE	83	usage_CL:0002577 total RNA-seq	total RNA-seq	placental epithelial cell	newborn	PRIMARY_CELL	encode
SPLICE_SITE_USAGE	84	usage_CL:0002583 total RNA-seq	total RNA-seq	subcutaneous preadipocyte	adult	PRIMARY_CELL	encode
SPLICE_SITE_USAGE	85	usage_CL:0002584 total RNA-seq	total RNA-seq	renal cortical epithelial cell	adult	PRIMARY_CELL	encode
SPLICE_SITE_USAGE	86	usage_CL:0002591 total RNA-seq	total RNA-seq	smooth muscle cell of the pulmonary artery	adult	PRIMARY_CELL	encode
SPLICE_SITE_USAGE	87	usage_CL:0002592 total RNA-seq	total RNA-seq	smooth muscle cell of the coronary artery	adult	PRIMARY_CELL	encode
SPLICE_SITE_USAGE	88	usage_CL:0002594 total RNA-seq	total RNA-seq	smooth muscle cell of the umbilical artery	newborn	PRIMARY_CELL	encode
SPLICE_SITE_USAGE	89	usage_CL:0002597 total RNA-seq	total RNA-seq	smooth muscle cell of bladder	adult	PRIMARY_CELL	encode
SPLICE_SITE_USAGE	90	usage_CL:0002598 total RNA-seq	total RNA-seq	bronchial smooth muscle cell	adult	PRIMARY_CELL	encode
SPLICE_SITE_USAGE	91	usage_CL:0002600 total RNA-seq	total RNA-seq	smooth muscle cell of trachea	adult	PRIMARY_CELL	encode
SPLICE_SITE_USAGE	92	usage_CL:0002601 total RNA-seq	total RNA-seq	uterine smooth muscle cell	adult	PRIMARY_CELL	encode
SPLICE_SITE_USAGE	93	usage_CL:0002618 polyA plus RNA-seq	polyA plus RNA-seq	endothelial cell of umbilical vein	newborn	PRIMARY_CELL	encode
SPLICE_SITE_USAGE	94	usage_CL:0002618 total RNA-seq	total RNA-seq	endothelial cell of umbilical vein	newborn	PRIMARY_CELL	encode
SPLICE_SITE_USAGE	95	usage_CL:0010002 total RNA-seq	total RNA-seq	epithelial cell of umbilical artery	newborn	PRIMARY_CELL	encode
SPLICE_SITE_USAGE	96	usage_CL:0010003 total RNA-seq	total RNA-seq	epithelial cell of alveolus of lung	unknown,embryonic	PRIMARY_CELL	encode
SPLICE_SITE_USAGE	97	usage_CL:0011012 total RNA-seq	total RNA-seq	neural crest cell	embryonic	IN_VITRO_DIFFERENTIATED_CELLS	encode
SPLICE_SITE_USAGE	98	usage_CL:0011019 total RNA-seq	total RNA-seq	mesothelial cell of epicardium	embryonic	IN_VITRO_DIFFERENTIATED_CELLS	encode
SPLICE_SITE_USAGE	99	usage_CL:0011020 total RNA-seq	total RNA-seq	neural progenitor cell	embryonic	IN_VITRO_DIFFERENTIATED_CELLS	encode
SPLICE_SITE_USAGE	100	usage_CL:0011022 polyA plus RNA-seq	polyA plus RNA-seq	fibroblast of skin of back	embryonic	PRIMARY_CELL	encode
SPLICE_SITE_USAGE	101	usage_CL:1000458 total RNA-seq	total RNA-seq	melanocyte of skin	adult	PRIMARY_CELL	encode
SPLICE_SITE_USAGE	102	usage_CL:1001568 total RNA-seq	total RNA-seq	pulmonary artery endothelial cell	adult	PRIMARY_CELL	encode
SPLICE_SITE_USAGE	103	usage_CL:1001606 polyA plus RNA-seq	polyA plus RNA-seq	foreskin keratinocyte	newborn	PRIMARY_CELL	encode
SPLICE_SITE_USAGE	104	usage_CL:1001606 total RNA-seq	total RNA-seq	foreskin keratinocyte	newborn	PRIMARY_CELL	encode
SPLICE_SITE_USAGE	105	usage_CL:1001608 polyA plus RNA-seq	polyA plus RNA-seq	foreskin fibroblast	newborn	PRIMARY_CELL	encode
SPLICE_SITE_USAGE	106	usage_CL:2000001 polyA plus RNA-seq	polyA plus RNA-seq	peripheral blood mononuclear cell	adult	PRIMARY_CELL	encode
SPLICE_SITE_USAGE	107	usage_CL:2000007 total RNA-seq	total RNA-seq	articular chondrocyte of knee joint	adult	PRIMARY_CELL	encode
SPLICE_SITE_USAGE	108	usage_CL:2000010 total RNA-seq	total RNA-seq	dermis blood vessel endothelial cell	child	PRIMARY_CELL	encode
SPLICE_SITE_USAGE	109	usage_CL:2000011 total RNA-seq	total RNA-seq	dermis lymphatic vessel endothelial cell	child,adult	PRIMARY_CELL	encode
SPLICE_SITE_USAGE	110	usage_CL:2000013 polyA plus RNA-seq	polyA plus RNA-seq	fibroblast of skin of abdomen	embryonic	PRIMARY_CELL	encode
SPLICE_SITE_USAGE	111	usage_CL:2000016 total RNA-seq	total RNA-seq	lung microvascular endothelial cell	adult	PRIMARY_CELL	encode
SPLICE_SITE_USAGE	112	usage_CL:2000018 total RNA-seq	total RNA-seq	endothelial cell of coronary artery	adult	PRIMARY_CELL	encode
SPLICE_SITE_USAGE	113	usage_CL:2000040 total RNA-seq	total RNA-seq	bladder microvascular endothelial cell	adult	PRIMARY_CELL	encode
SPLICE_SITE_USAGE	114	usage_CL:2000041 total RNA-seq	total RNA-seq	dermis microvascular lymphatic vessel endothelial cell	adult	PRIMARY_CELL	encode
SPLICE_SITE_USAGE	115	usage_CL:2000045 polyA plus RNA-seq	polyA plus RNA-seq	foreskin melanocyte	newborn	PRIMARY_CELL	encode
SPLICE_SITE_USAGE	116	usage_CL:2000066 total RNA-seq	total RNA-seq	cardiac ventricle fibroblast	adult,unknown	PRIMARY_CELL	encode
SPLICE_SITE_USAGE	117	usage_CL:2000067 total RNA-seq	total RNA-seq	cardiac atrium fibroblast	child	PRIMARY_CELL	encode
SPLICE_SITE_USAGE	118	usage_CL:2000068 total RNA-seq	total RNA-seq	pericardium fibroblast	embryonic,unknown	PRIMARY_CELL	encode
SPLICE_SITE_USAGE	119	usage_CL:2000071 total RNA-seq	total RNA-seq	mammary microvascular endothelial cell	adult	PRIMARY_CELL	encode
SPLICE_SITE_USAGE	120	usage_CL:2000078 total RNA-seq	total RNA-seq	placental pericyte	newborn	PRIMARY_CELL	encode
SPLICE_SITE_USAGE	121	usage_CL:2000092 total RNA-seq	total RNA-seq	hair follicular keratinocyte	adult	PRIMARY_CELL	encode
SPLICE_SITE_USAGE	122	usage_CL:2000093 total RNA-seq	total RNA-seq	bronchus fibroblast of lung	unknown	PRIMARY_CELL	encode
SPLICE_SITE_USAGE	123	usage_CL:2000094 total RNA-seq	total RNA-seq	nasal cavity respiratory epithelium epithelial cell of viscerocranial mucosa	adult	PRIMARY_CELL	encode
SPLICE_SITE_USAGE	124	usage_CLO:0007045 polyA plus RNA-seq	polyA plus RNA-seq	Jurkat, Clone E6-1	child	CELL_LINE	encode
SPLICE_SITE_USAGE	125	usage_EFO:0000572 gtex Cells_EBV-transformed_lymphocytes polyA plus RNA-seq	polyA plus RNA-seq	lymphoblast	adult	TISSUE	gtex
SPLICE_SITE_USAGE	126	usage_EFO:0001086 polyA plus RNA-seq	polyA plus RNA-seq	A549	adult	CELL_LINE	encode
SPLICE_SITE_USAGE	127	usage_EFO:0001099 total RNA-seq	total RNA-seq	Caco-2	adult	CELL_LINE	encode
SPLICE_SITE_USAGE	128	usage_EFO:0001187 polyA plus RNA-seq	polyA plus RNA-seq	HepG2	child	CELL_LINE	encode
SPLICE_SITE_USAGE	129	usage_EFO:0001187 total RNA-seq	total RNA-seq	HepG2	child	CELL_LINE	encode
SPLICE_SITE_USAGE	130	usage_EFO:0001193 total RNA-seq	total RNA-seq	HT-29	adult	CELL_LINE	encode
SPLICE_SITE_USAGE	131	usage_EFO:0001196 polyA plus RNA-seq	polyA plus RNA-seq	IMR-90	embryonic	CELL_LINE	encode
SPLICE_SITE_USAGE	132	usage_EFO:0001196 total RNA-seq	total RNA-seq	IMR-90	embryonic	CELL_LINE	encode
SPLICE_SITE_USAGE	133	usage_EFO:0001200 total RNA-seq	total RNA-seq	MCF 10A	adult	CELL_LINE	encode
SPLICE_SITE_USAGE	134	usage_EFO:0001203 polyA plus RNA-seq	polyA plus RNA-seq	MCF-7	adult	CELL_LINE	encode
SPLICE_SITE_USAGE	135	usage_EFO:0001203 total RNA-seq	total RNA-seq	MCF-7	adult	CELL_LINE	encode
SPLICE_SITE_USAGE	136	usage_EFO:0002009 gtex Cells_Cultured_fibroblasts polyA plus RNA-seq	polyA plus RNA-seq	fibroblast derived cell line	adult	TISSUE	gtex
SPLICE_SITE_USAGE	137	usage_EFO:0002059 polyA plus RNA-seq	polyA plus RNA-seq	HT1080	adult	CELL_LINE	encode
SPLICE_SITE_USAGE	138	usage_EFO:0002059 total RNA-seq	total RNA-seq	HT1080	adult	CELL_LINE	encode
SPLICE_SITE_USAGE	139	usage_EFO:0002067 polyA plus RNA-seq	polyA plus RNA-seq	K562	adult	CELL_LINE	encode
SPLICE_SITE_USAGE	140	usage_EFO:0002067 total RNA-seq	total RNA-seq	K562	adult	CELL_LINE	encode
SPLICE_SITE_USAGE	141	usage_EFO:0002074 total RNA-seq	total RNA-seq	PC-3	adult	CELL_LINE	encode
SPLICE_SITE_USAGE	142	usage_EFO:0002101 total RNA-seq	total RNA-seq	A172	adult	CELL_LINE	encode
SPLICE_SITE_USAGE	143	usage_EFO:0002103 total RNA-seq	total RNA-seq	A375	adult	CELL_LINE	encode
SPLICE_SITE_USAGE	144	usage_EFO:0002106 total RNA-seq	total RNA-seq	A673	child	CELL_LINE	encode
SPLICE_SITE_USAGE	145	usage_EFO:0002150 total RNA-seq	total RNA-seq	Caki2	adult	CELL_LINE	encode
SPLICE_SITE_USAGE	146	usage_EFO:0002179 total RNA-seq	total RNA-seq	G401	child	CELL_LINE	encode
SPLICE_SITE_USAGE	147	usage_EFO:0002184 total RNA-seq	total RNA-seq	H4	adult	CELL_LINE	encode
SPLICE_SITE_USAGE	148	usage_EFO:0002234 total RNA-seq	total RNA-seq	MG63	child	CELL_LINE	encode
SPLICE_SITE_USAGE	149	usage_EFO:0002330 total RNA-seq	total RNA-seq	SJSA1	adult	CELL_LINE	encode
SPLICE_SITE_USAGE	150	usage_EFO:0002713 polyA plus RNA-seq	polyA plus RNA-seq	Panc1	adult	CELL_LINE	encode
SPLICE_SITE_USAGE	151	usage_EFO:0002713 total RNA-seq	total RNA-seq	Panc1	adult	CELL_LINE	encode
SPLICE_SITE_USAGE	152	usage_EFO:0002779 polyA plus RNA-seq	polyA plus RNA-seq	BJ	newborn	CELL_LINE	encode
SPLICE_SITE_USAGE	153	usage_EFO:0002784 polyA plus RNA-seq	polyA plus RNA-seq	GM12878	adult	CELL_LINE	encode
SPLICE_SITE_USAGE	154	usage_EFO:0002784 total RNA-seq	total RNA-seq	GM12878	adult	CELL_LINE	encode
SPLICE_SITE_USAGE	155	usage_EFO:0002785 polyA plus RNA-seq	polyA plus RNA-seq	GM12891	unknown	CELL_LINE	encode
SPLICE_SITE_USAGE	156	usage_EFO:0002786 polyA plus RNA-seq	polyA plus RNA-seq	GM12892	unknown	CELL_LINE	encode
SPLICE_SITE_USAGE	157	usage_EFO:0002791 polyA plus RNA-seq	polyA plus RNA-seq	HeLa-S3	adult	CELL_LINE	encode
SPLICE_SITE_USAGE	158	usage_EFO:0002819 total RNA-seq	total RNA-seq	Calu3	adult	CELL_LINE	encode
SPLICE_SITE_USAGE	159	usage_EFO:0002824 polyA plus RNA-seq	polyA plus RNA-seq	HCT116	adult	CELL_LINE	encode
SPLICE_SITE_USAGE	160	usage_EFO:0002824 total RNA-seq	total RNA-seq	HCT116	adult	CELL_LINE	encode
SPLICE_SITE_USAGE	161	usage_EFO:0002847 total RNA-seq	total RNA-seq	PC-9	unknown	CELL_LINE	encode
SPLICE_SITE_USAGE	162	usage_EFO:0003042 polyA plus RNA-seq	polyA plus RNA-seq	H1	embryonic	CELL_LINE	encode
SPLICE_SITE_USAGE	163	usage_EFO:0003042 total RNA-seq	total RNA-seq	H1	embryonic	CELL_LINE	encode
SPLICE_SITE_USAGE	164	usage_EFO:0003044 polyA plus RNA-seq	polyA plus RNA-seq	NCI-H460	unknown	CELL_LINE	encode
SPLICE_SITE_USAGE	165	usage_EFO:0003044 total RNA-seq	total RNA-seq	NCI-H460	unknown	CELL_LINE	encode
SPLICE_SITE_USAGE	166	usage_EFO:0003045 total RNA-seq	total RNA-seq	H9	embryonic	CELL_LINE	encode
SPLICE_SITE_USAGE	167	usage_EFO:0003072 polyA plus RNA-seq	polyA plus RNA-seq	SK-N-SH	child	CELL_LINE	encode
SPLICE_SITE_USAGE	168	usage_EFO:0005234 polyA plus RNA-seq	polyA plus RNA-seq	PFSK-1	child	CELL_LINE	encode
SPLICE_SITE_USAGE	169	usage_EFO:0005237 polyA plus RNA-seq	polyA plus RNA-seq	U-87 MG	adult	CELL_LINE	encode
SPLICE_SITE_USAGE	170	usage_EFO:0005697 total RNA-seq	total RNA-seq	M059J	adult	CELL_LINE	encode
SPLICE_SITE_USAGE	171	usage_EFO:0005698 total RNA-seq	total RNA-seq	Daoy	child	CELL_LINE	encode
SPLICE_SITE_USAGE	172	usage_EFO:0005712 total RNA-seq	total RNA-seq	RPMI7951	adult	CELL_LINE	encode
SPLICE_SITE_USAGE	173	usage_EFO:0005714 polyA plus RNA-seq	polyA plus RNA-seq	LHCN-M2	adult	CELL_LINE	encode
SPLICE_SITE_USAGE	174	usage_EFO:0005714 total RNA-seq	total RNA-seq	LHCN-M2	adult	CELL_LINE	encode
SPLICE_SITE_USAGE	175	usage_EFO:0005719 total RNA-seq	total RNA-seq	Karpas-422	adult	CELL_LINE	encode
SPLICE_SITE_USAGE	176	usage_EFO:0005720 polyA plus RNA-seq	polyA plus RNA-seq	SK-MEL-5	adult	CELL_LINE	encode
SPLICE_SITE_USAGE	177	usage_EFO:0005720 total RNA-seq	total RNA-seq	SK-MEL-5	adult	CELL_LINE	encode
SPLICE_SITE_USAGE	178	usage_EFO:0005721 polyA plus RNA-seq	polyA plus RNA-seq	SK-N-DZ	child	CELL_LINE	encode
SPLICE_SITE_USAGE	179	usage_EFO:0005722 total RNA-seq	total RNA-seq	SJCRH30	child	CELL_LINE	encode
SPLICE_SITE_USAGE	180	usage_EFO:0005723 polyA plus RNA-seq	polyA plus RNA-seq	GM23248	adult	CELL_LINE	encode
SPLICE_SITE_USAGE	181	usage_EFO:0005723 total RNA-seq	total RNA-seq	GM23248	adult	CELL_LINE	encode
SPLICE_SITE_USAGE	182	usage_EFO:0005725 polyA plus RNA-seq	polyA plus RNA-seq	BE2C	child	CELL_LINE	encode
SPLICE_SITE_USAGE	183	usage_EFO:0005904 total RNA-seq	total RNA-seq	H7	embryonic	CELL_LINE	encode
SPLICE_SITE_USAGE	184	usage_EFO:0006270 polyA plus RNA-seq	polyA plus RNA-seq	AG04450	embryonic	CELL_LINE	encode
SPLICE_SITE_USAGE	185	usage_EFO:0006711 total RNA-seq	total RNA-seq	OCI-LY7	adult	CELL_LINE	encode
SPLICE_SITE_USAGE	186	usage_EFO:0007089 polyA plus RNA-seq	polyA plus RNA-seq	HUES64	embryonic	CELL_LINE	encode
SPLICE_SITE_USAGE	187	usage_EFO:0007950 polyA plus RNA-seq	polyA plus RNA-seq	GM23338	adult	CELL_LINE	encode
SPLICE_SITE_USAGE	188	usage_EFO:0007950 total RNA-seq	total RNA-seq	GM23338	adult	CELL_LINE	encode
SPLICE_SITE_USAGE	189	usage_EFO:0009318 total RNA-seq	total RNA-seq	HFFc6	newborn	CELL_LINE	encode
SPLICE_SITE_USAGE	190	usage_EFO:0009747 total RNA-seq	total RNA-seq	WTC11	adult	CELL_LINE	encode
SPLICE_SITE_USAGE	191	usage_EFO:0030018 polyA plus RNA-seq	polyA plus RNA-seq	BLaER1	unknown	CELL_LINE	encode
SPLICE_SITE_USAGE	192	usage_NTR:0000427 polyA plus RNA-seq	polyA plus RNA-seq	neurosphere	embryonic	PRIMARY_CELL	encode
SPLICE_SITE_USAGE	193	usage_NTR:0000491 total RNA-seq	total RNA-seq	Right ventricle myocardium inferior	adult	TISSUE	encode
SPLICE_SITE_USAGE	194	usage_NTR:0000492 total RNA-seq	total RNA-seq	Right ventricle myocardium superior	adult	TISSUE	encode
SPLICE_SITE_USAGE	195	usage_NTR:0000493 total RNA-seq	total RNA-seq	left ventricle myocardium inferior	adult	TISSUE	encode
SPLICE_SITE_USAGE	196	usage_NTR:0000494 total RNA-seq	total RNA-seq	left ventricle myocardium superior	adult	TISSUE	encode
SPLICE_SITE_USAGE	197	usage_NTR:0000524 polyA plus RNA-seq	polyA plus RNA-seq	fibroblast of skin of scalp	embryonic	PRIMARY_CELL	encode
SPLICE_SITE_USAGE	198	usage_NTR:0000856 polyA plus RNA-seq	polyA plus RNA-seq	mesendoderm	embryonic	IN_VITRO_DIFFERENTIATED_CELLS	encode
SPLICE_SITE_USAGE	199	usage_NTR:0003013 polyA plus RNA-seq	polyA plus RNA-seq	placental basal plate	embryonic	TISSUE	encode
SPLICE_SITE_USAGE	200	usage_UBERON:0000007 gtex Pituitary polyA plus RNA-seq	polyA plus RNA-seq	pituitary gland	adult	TISSUE	gtex
SPLICE_SITE_USAGE	201	usage_UBERON:0000016 polyA plus RNA-seq	polyA plus RNA-seq	endocrine pancreas	adult	TISSUE	encode
SPLICE_SITE_USAGE	202	usage_UBERON:0000019 total RNA-seq	total RNA-seq	camera-type eye	embryonic	TISSUE	encode
SPLICE_SITE_USAGE	203	usage_UBERON:0000056 total RNA-seq	total RNA-seq	ureter	adult	TISSUE	encode
SPLICE_SITE_USAGE	204	usage_UBERON:0000081 total RNA-seq	total RNA-seq	metanephros	embryonic	TISSUE	encode
SPLICE_SITE_USAGE	205	usage_UBERON:0000088 polyA plus RNA-seq	polyA plus RNA-seq	trophoblast	embryonic	TISSUE	encode
SPLICE_SITE_USAGE	206	usage_UBERON:0000305 polyA plus RNA-seq	polyA plus RNA-seq	amnion	embryonic	TISSUE	encode
SPLICE_SITE_USAGE	207	usage_UBERON:0000317 total RNA-seq	total RNA-seq	colonic mucosa	adult	TISSUE	encode
SPLICE_SITE_USAGE	208	usage_UBERON:0000458 gtex Cervix_Endocervix polyA plus RNA-seq	polyA plus RNA-seq	endocervix	adult	TISSUE	gtex
SPLICE_SITE_USAGE	209	usage_UBERON:0000473 gtex Testis polyA plus RNA-seq	polyA plus RNA-seq	testis	adult	TISSUE	gtex
SPLICE_SITE_USAGE	210	usage_UBERON:0000473 polyA plus RNA-seq	polyA plus RNA-seq	testis	adult	TISSUE	encode
SPLICE_SITE_USAGE	211	usage_UBERON:0000473 total RNA-seq	total RNA-seq	testis	adult	TISSUE	encode
SPLICE_SITE_USAGE	212	usage_UBERON:0000945 gtex Stomach polyA plus RNA-seq	polyA plus RNA-seq	stomach	adult	TISSUE	gtex
SPLICE_SITE_USAGE	213	usage_UBERON:0000945 polyA plus RNA-seq	polyA plus RNA-seq	stomach	adult	TISSUE	encode
SPLICE_SITE_USAGE	214	usage_UBERON:0000945 total RNA-seq	total RNA-seq	stomach	adult	TISSUE	encode
SPLICE_SITE_USAGE	215	usage_UBERON:0000947 polyA plus RNA-seq	polyA plus RNA-seq	aorta	adult	TISSUE	encode
SPLICE_SITE_USAGE	216	usage_UBERON:0000947 total RNA-seq	total RNA-seq	aorta	adult	TISSUE	encode
SPLICE_SITE_USAGE	217	usage_UBERON:0000948 polyA plus RNA-seq	polyA plus RNA-seq	heart	adult	TISSUE	encode
SPLICE_SITE_USAGE	218	usage_UBERON:0000948 total RNA-seq	total RNA-seq	heart	adult	TISSUE	encode
SPLICE_SITE_USAGE	219	usage_UBERON:0000955 polyA plus RNA-seq	polyA plus RNA-seq	brain	adult	TISSUE	encode
SPLICE_SITE_USAGE	220	usage_UBERON:0000992 gtex Ovary polyA plus RNA-seq	polyA plus RNA-seq	ovary	adult	TISSUE	gtex
SPLICE_SITE_USAGE	221	usage_UBERON:0000992 polyA plus RNA-seq	polyA plus RNA-seq	ovary	adult	TISSUE	encode
SPLICE_SITE_USAGE	222	usage_UBERON:0000992 total RNA-seq	total RNA-seq	ovary	adult	TISSUE	encode
SPLICE_SITE_USAGE	223	usage_UBERON:0000995 gtex Uterus polyA plus RNA-seq	polyA plus RNA-seq	uterus	adult	TISSUE	gtex
SPLICE_SITE_USAGE	224	usage_UBERON:0000995 total RNA-seq	total RNA-seq	uterus	adult	TISSUE	encode
SPLICE_SITE_USAGE	225	usage_UBERON:0000996 gtex Vagina polyA plus RNA-seq	polyA plus RNA-seq	vagina	adult	TISSUE	gtex
SPLICE_SITE_USAGE	226	usage_UBERON:0000996 total RNA-seq	total RNA-seq	vagina	adult	TISSUE	encode
SPLICE_SITE_USAGE	227	usage_UBERON:0001013 polyA plus RNA-seq	polyA plus RNA-seq	adipose tissue	adult	TISSUE	encode
SPLICE_SITE_USAGE	228	usage_UBERON:0001043 polyA plus RNA-seq	polyA plus RNA-seq	esophagus	adult	TISSUE	encode
SPLICE_SITE_USAGE	229	usage_UBERON:0001072 total RNA-seq	total RNA-seq	posterior vena cava	adult	TISSUE	encode
SPLICE_SITE_USAGE	230	usage_UBERON:0001114 gtex Liver polyA plus RNA-seq	polyA plus RNA-seq	right lobe of liver	adult	TISSUE	gtex
SPLICE_SITE_USAGE	231	usage_UBERON:0001114 total RNA-seq	total RNA-seq	right lobe of liver	adult	TISSUE	encode
SPLICE_SITE_USAGE	232	usage_UBERON:0001115 total RNA-seq	total RNA-seq	left lobe of liver	adult	TISSUE	encode
SPLICE_SITE_USAGE	233	usage_UBERON:0001134 total RNA-seq	total RNA-seq	skeletal muscle tissue	embryonic	TISSUE	encode
SPLICE_SITE_USAGE	234	usage_UBERON:0001150 gtex Pancreas polyA plus RNA-seq	polyA plus RNA-seq	body of pancreas	adult	TISSUE	gtex
SPLICE_SITE_USAGE	235	usage_UBERON:0001150 total RNA-seq	total RNA-seq	body of pancreas	adult	TISSUE	encode
SPLICE_SITE_USAGE	236	usage_UBERON:0001157 gtex Colon_Transverse polyA plus RNA-seq	polyA plus RNA-seq	transverse colon	adult	TISSUE	gtex
SPLICE_SITE_USAGE	237	usage_UBERON:0001157 total RNA-seq	total RNA-seq	transverse colon	adult	TISSUE	encode
SPLICE_SITE_USAGE	238	usage_UBERON:0001159 gtex Colon_Sigmoid polyA plus RNA-seq	polyA plus RNA-seq	sigmoid colon	adult	TISSUE	gtex
SPLICE_SITE_USAGE	239	usage_UBERON:0001159 polyA plus RNA-seq	polyA plus RNA-seq	sigmoid colon	adult	TISSUE	encode
SPLICE_SITE_USAGE	240	usage_UBERON:0001159 total RNA-seq	total RNA-seq	sigmoid colon	adult	TISSUE	encode
SPLICE_SITE_USAGE	241	usage_UBERON:0001211 gtex Small_Intestine_Terminal_Ileum polyA plus RNA-seq	polyA plus RNA-seq	Peyer\'s patch	adult	TISSUE	gtex
SPLICE_SITE_USAGE	242	usage_UBERON:0001211 total RNA-seq	total RNA-seq	Peyer\'s patch	adult	TISSUE	encode
SPLICE_SITE_USAGE	243	usage_UBERON:0001224 polyA plus RNA-seq	polyA plus RNA-seq	renal pelvis	embryonic	TISSUE	encode
SPLICE_SITE_USAGE	244	usage_UBERON:0001225 gtex Kidney_Cortex polyA plus RNA-seq	polyA plus RNA-seq	cortex of kidney	adult	TISSUE	gtex
SPLICE_SITE_USAGE	245	usage_UBERON:0001255 gtex Bladder polyA plus RNA-seq	polyA plus RNA-seq	urinary bladder	adult	TISSUE	gtex
SPLICE_SITE_USAGE	246	usage_UBERON:0001255 polyA plus RNA-seq	polyA plus RNA-seq	urinary bladder	child	TISSUE	encode
SPLICE_SITE_USAGE	247	usage_UBERON:0001255 total RNA-seq	total RNA-seq	urinary bladder	embryonic	TISSUE	encode
SPLICE_SITE_USAGE	248	usage_UBERON:0001264 polyA plus RNA-seq	polyA plus RNA-seq	pancreas	adult	TISSUE	encode
SPLICE_SITE_USAGE	249	usage_UBERON:0001264 total RNA-seq	total RNA-seq	pancreas	adult	TISSUE	encode
SPLICE_SITE_USAGE	250	usage_UBERON:0001293 gtex Kidney_Medulla polyA plus RNA-seq	polyA plus RNA-seq	outer medulla of kidney	adult	TISSUE	gtex
SPLICE_SITE_USAGE	251	usage_UBERON:0001322 total RNA-seq	total RNA-seq	sciatic nerve	adult	TISSUE	encode
SPLICE_SITE_USAGE	252	usage_UBERON:0001323 gtex Nerve_Tibial polyA plus RNA-seq	polyA plus RNA-seq	tibial nerve	adult	TISSUE	gtex
SPLICE_SITE_USAGE	253	usage_UBERON:0001323 total RNA-seq	total RNA-seq	tibial nerve	adult	TISSUE	encode
SPLICE_SITE_USAGE	254	usage_UBERON:0001383 polyA plus RNA-seq	polyA plus RNA-seq	muscle of leg	embryonic	TISSUE	encode
SPLICE_SITE_USAGE	255	usage_UBERON:0001496 gtex Artery_Aorta polyA plus RNA-seq	polyA plus RNA-seq	ascending aorta	adult	TISSUE	gtex
SPLICE_SITE_USAGE	256	usage_UBERON:0001496 total RNA-seq	total RNA-seq	ascending aorta	adult	TISSUE	encode
SPLICE_SITE_USAGE	257	usage_UBERON:0001499 polyA plus RNA-seq	polyA plus RNA-seq	muscle of arm	embryonic	TISSUE	encode
SPLICE_SITE_USAGE	258	usage_UBERON:0001515 total RNA-seq	total RNA-seq	thoracic aorta	adult	TISSUE	encode
SPLICE_SITE_USAGE	259	usage_UBERON:0001621 gtex Artery_Coronary polyA plus RNA-seq	polyA plus RNA-seq	coronary artery	adult	TISSUE	gtex
SPLICE_SITE_USAGE	260	usage_UBERON:0001723 total RNA-seq	total RNA-seq	tongue	embryonic	TISSUE	encode
SPLICE_SITE_USAGE	261	usage_UBERON:0001774 polyA plus RNA-seq	polyA plus RNA-seq	muscle of trunk	embryonic	TISSUE	encode
SPLICE_SITE_USAGE	262	usage_UBERON:0001870 gtex Brain_Cortex polyA plus RNA-seq	polyA plus RNA-seq	frontal cortex	adult	TISSUE	gtex
SPLICE_SITE_USAGE	263	usage_UBERON:0001870 total RNA-seq	total RNA-seq	frontal cortex	embryonic	TISSUE	encode
SPLICE_SITE_USAGE	264	usage_UBERON:0001871 total RNA-seq	total RNA-seq	temporal lobe	embryonic	TISSUE	encode
SPLICE_SITE_USAGE	265	usage_UBERON:0001872 total RNA-seq	total RNA-seq	parietal lobe	embryonic	TISSUE	encode
SPLICE_SITE_USAGE	266	usage_UBERON:0001873 gtex Brain_Caudate_basal_ganglia polyA plus RNA-seq	polyA plus RNA-seq	caudate nucleus	adult	TISSUE	gtex
SPLICE_SITE_USAGE	267	usage_UBERON:0001874 gtex Brain_Putamen_basal_ganglia polyA plus RNA-seq	polyA plus RNA-seq	putamen	adult	TISSUE	gtex
SPLICE_SITE_USAGE	268	usage_UBERON:0001876 gtex Brain_Amygdala polyA plus RNA-seq	polyA plus RNA-seq	amygdala	adult	TISSUE	gtex
SPLICE_SITE_USAGE	269	usage_UBERON:0001882 gtex Brain_Nucleus_accumbens_basal_ganglia polyA plus RNA-seq	polyA plus RNA-seq	nucleus accumbens	adult	TISSUE	gtex
SPLICE_SITE_USAGE	270	usage_UBERON:0001894 total RNA-seq	total RNA-seq	diencephalon	embryonic	TISSUE	encode
SPLICE_SITE_USAGE	271	usage_UBERON:0001898 gtex Brain_Hypothalamus polyA plus RNA-seq	polyA plus RNA-seq	hypothalamus	adult	TISSUE	gtex
SPLICE_SITE_USAGE	272	usage_UBERON:0001954 gtex Brain_Hippocampus polyA plus RNA-seq	polyA plus RNA-seq	Ammon\'s horn	adult	TISSUE	gtex
SPLICE_SITE_USAGE	273	usage_UBERON:0001987 polyA plus RNA-seq	polyA plus RNA-seq	placenta	embryonic	TISSUE	encode
SPLICE_SITE_USAGE	274	usage_UBERON:0001987 total RNA-seq	total RNA-seq	placenta	embryonic	TISSUE	encode
SPLICE_SITE_USAGE	275	usage_UBERON:0002021 total RNA-seq	total RNA-seq	occipital lobe	embryonic	TISSUE	encode
SPLICE_SITE_USAGE	276	usage_UBERON:0002037 gtex Brain_Cerebellum polyA plus RNA-seq	polyA plus RNA-seq	cerebellum	adult	TISSUE	gtex
SPLICE_SITE_USAGE	277	usage_UBERON:0002037 polyA plus RNA-seq	polyA plus RNA-seq	cerebellum	embryonic	TISSUE	encode
SPLICE_SITE_USAGE	278	usage_UBERON:0002037 total RNA-seq	total RNA-seq	cerebellum	embryonic	TISSUE	encode
SPLICE_SITE_USAGE	279	usage_UBERON:0002038 gtex Brain_Substantia_nigra polyA plus RNA-seq	polyA plus RNA-seq	substantia nigra	adult	TISSUE	gtex
SPLICE_SITE_USAGE	280	usage_UBERON:0002046 gtex Thyroid polyA plus RNA-seq	polyA plus RNA-seq	thyroid gland	adult	TISSUE	gtex
SPLICE_SITE_USAGE	281	usage_UBERON:0002046 total RNA-seq	total RNA-seq	thyroid gland	adult	TISSUE	encode
SPLICE_SITE_USAGE	282	usage_UBERON:0002048 polyA plus RNA-seq	polyA plus RNA-seq	lung	adult	TISSUE	encode
SPLICE_SITE_USAGE	283	usage_UBERON:0002048 total RNA-seq	total RNA-seq	lung	embryonic	TISSUE	encode
SPLICE_SITE_USAGE	284	usage_UBERON:0002078 polyA plus RNA-seq	polyA plus RNA-seq	right cardiac atrium	adult	TISSUE	encode
SPLICE_SITE_USAGE	285	usage_UBERON:0002078 total RNA-seq	total RNA-seq	right cardiac atrium	adult	TISSUE	encode
SPLICE_SITE_USAGE	286	usage_UBERON:0002079 total RNA-seq	total RNA-seq	left cardiac atrium	adult	TISSUE	encode
SPLICE_SITE_USAGE	287	usage_UBERON:0002080 polyA plus RNA-seq	polyA plus RNA-seq	heart right ventricle	adult	TISSUE	encode
SPLICE_SITE_USAGE	288	usage_UBERON:0002080 total RNA-seq	total RNA-seq	heart right ventricle	adult	TISSUE	encode
SPLICE_SITE_USAGE	289	usage_UBERON:0002084 polyA plus RNA-seq	polyA plus RNA-seq	heart left ventricle	adult	TISSUE	encode
SPLICE_SITE_USAGE	290	usage_UBERON:0002084 total RNA-seq	total RNA-seq	heart left ventricle	adult	TISSUE	encode
SPLICE_SITE_USAGE	291	usage_UBERON:0002097 total RNA-seq	total RNA-seq	skin of body	embryonic	TISSUE	encode
SPLICE_SITE_USAGE	292	usage_UBERON:0002099 total RNA-seq	total RNA-seq	cardiac septum	adult	TISSUE	encode
SPLICE_SITE_USAGE	293	usage_UBERON:0002106 gtex Spleen polyA plus RNA-seq	polyA plus RNA-seq	spleen	adult	TISSUE	gtex
SPLICE_SITE_USAGE	294	usage_UBERON:0002106 polyA plus RNA-seq	polyA plus RNA-seq	spleen	adult	TISSUE	encode
SPLICE_SITE_USAGE	295	usage_UBERON:0002106 total RNA-seq	total RNA-seq	spleen	adult	TISSUE	encode
SPLICE_SITE_USAGE	296	usage_UBERON:0002107 polyA plus RNA-seq	polyA plus RNA-seq	liver	child	TISSUE	encode
SPLICE_SITE_USAGE	297	usage_UBERON:0002107 total RNA-seq	total RNA-seq	liver	embryonic	TISSUE	encode
SPLICE_SITE_USAGE	298	usage_UBERON:0002108 polyA plus RNA-seq	polyA plus RNA-seq	small intestine	adult	TISSUE	encode
SPLICE_SITE_USAGE	299	usage_UBERON:0002113 polyA plus RNA-seq	polyA plus RNA-seq	kidney	adult	TISSUE	encode
SPLICE_SITE_USAGE	300	usage_UBERON:0002113 total RNA-seq	total RNA-seq	kidney	adult	TISSUE	encode
SPLICE_SITE_USAGE	301	usage_UBERON:0002167 polyA plus RNA-seq	polyA plus RNA-seq	right lung	embryonic	TISSUE	encode
SPLICE_SITE_USAGE	302	usage_UBERON:0002168 polyA plus RNA-seq	polyA plus RNA-seq	left lung	embryonic	TISSUE	encode
SPLICE_SITE_USAGE	303	usage_UBERON:0002168 total RNA-seq	total RNA-seq	left lung	adult	TISSUE	encode
SPLICE_SITE_USAGE	304	usage_UBERON:0002170 total RNA-seq	total RNA-seq	upper lobe of right lung	adult	TISSUE	encode
SPLICE_SITE_USAGE	305	usage_UBERON:0002171 total RNA-seq	total RNA-seq	lower lobe of right lung	adult	TISSUE	encode
SPLICE_SITE_USAGE	306	usage_UBERON:0002190 gtex Adipose_Subcutaneous polyA plus RNA-seq	polyA plus RNA-seq	subcutaneous adipose tissue	adult	TISSUE	gtex
SPLICE_SITE_USAGE	307	usage_UBERON:0002190 total RNA-seq	total RNA-seq	subcutaneous adipose tissue	adult	TISSUE	encode
SPLICE_SITE_USAGE	308	usage_UBERON:0002240 polyA plus RNA-seq	polyA plus RNA-seq	spinal cord	embryonic	TISSUE	encode
SPLICE_SITE_USAGE	309	usage_UBERON:0002240 total RNA-seq	total RNA-seq	spinal cord	embryonic	TISSUE	encode
SPLICE_SITE_USAGE	310	usage_UBERON:0002245 gtex Brain_Cerebellar_Hemisphere polyA plus RNA-seq	polyA plus RNA-seq	cerebellar hemisphere	adult	TISSUE	gtex
SPLICE_SITE_USAGE	311	usage_UBERON:0002324 polyA plus RNA-seq	polyA plus RNA-seq	muscle of back	embryonic	TISSUE	encode
SPLICE_SITE_USAGE	312	usage_UBERON:0002331 total RNA-seq	total RNA-seq	umbilical cord	embryonic	TISSUE	encode
SPLICE_SITE_USAGE	313	usage_UBERON:0002367 gtex Prostate polyA plus RNA-seq	polyA plus RNA-seq	prostate gland	adult	TISSUE	gtex
SPLICE_SITE_USAGE	314	usage_UBERON:0002367 total RNA-seq	total RNA-seq	prostate gland	adult	TISSUE	encode
SPLICE_SITE_USAGE	315	usage_UBERON:0002369 gtex Adrenal_Gland polyA plus RNA-seq	polyA plus RNA-seq	adrenal gland	adult	TISSUE	gtex
SPLICE_SITE_USAGE	316	usage_UBERON:0002369 polyA plus RNA-seq	polyA plus RNA-seq	adrenal gland	adult	TISSUE	encode
SPLICE_SITE_USAGE	317	usage_UBERON:0002369 total RNA-seq	total RNA-seq	adrenal gland	adult	TISSUE	encode
SPLICE_SITE_USAGE	318	usage_UBERON:0002370 polyA plus RNA-seq	polyA plus RNA-seq	thymus	embryonic	TISSUE	encode
SPLICE_SITE_USAGE	319	usage_UBERON:0002469 total RNA-seq	total RNA-seq	esophagus mucosa	adult	TISSUE	encode
SPLICE_SITE_USAGE	320	usage_UBERON:0003124 polyA plus RNA-seq	polyA plus RNA-seq	chorion	embryonic	TISSUE	encode
SPLICE_SITE_USAGE	321	usage_UBERON:0003662 polyA plus RNA-seq	polyA plus RNA-seq	forelimb muscle	embryonic	TISSUE	encode
SPLICE_SITE_USAGE	322	usage_UBERON:0003663 polyA plus RNA-seq	polyA plus RNA-seq	hindlimb muscle	embryonic	TISSUE	encode
SPLICE_SITE_USAGE	323	usage_UBERON:0003889 gtex Fallopian_Tube polyA plus RNA-seq	polyA plus RNA-seq	fallopian tube	adult	TISSUE	gtex
SPLICE_SITE_USAGE	324	usage_UBERON:0004264 gtex Skin_Sun_Exposed_Lower_leg polyA plus RNA-seq	polyA plus RNA-seq	lower leg skin	adult	TISSUE	gtex
SPLICE_SITE_USAGE	325	usage_UBERON:0004264 total RNA-seq	total RNA-seq	lower leg skin	adult	TISSUE	encode
SPLICE_SITE_USAGE	326	usage_UBERON:0004538 polyA plus RNA-seq	polyA plus RNA-seq	left kidney	embryonic	TISSUE	encode
SPLICE_SITE_USAGE	327	usage_UBERON:0004550 gtex Esophagus_Gastroesophageal_Junction polyA plus RNA-seq	polyA plus RNA-seq	gastroesophageal sphincter	adult	TISSUE	gtex
SPLICE_SITE_USAGE	328	usage_UBERON:0004550 total RNA-seq	total RNA-seq	gastroesophageal sphincter	adult	TISSUE	encode
SPLICE_SITE_USAGE	329	usage_UBERON:0004648 gtex Esophagus_Muscularis polyA plus RNA-seq	polyA plus RNA-seq	esophagus muscularis mucosa	adult	TISSUE	gtex
SPLICE_SITE_USAGE	330	usage_UBERON:0004648 total RNA-seq	total RNA-seq	esophagus muscularis mucosa	adult	TISSUE	encode
SPLICE_SITE_USAGE	331	usage_UBERON:0004992 total RNA-seq	total RNA-seq	mucosa of descending colon	adult	TISSUE	encode
SPLICE_SITE_USAGE	332	usage_UBERON:0005033 total RNA-seq	total RNA-seq	mucosa of gallbladder	child	TISSUE	encode
SPLICE_SITE_USAGE	333	usage_UBERON:0005270 polyA plus RNA-seq	polyA plus RNA-seq	renal cortex interstitium	embryonic	TISSUE	encode
SPLICE_SITE_USAGE	334	usage_UBERON:0006330 gtex Minor_Salivary_Gland polyA plus RNA-seq	polyA plus RNA-seq	anterior lingual gland	adult	TISSUE	gtex
SPLICE_SITE_USAGE	335	usage_UBERON:0006469 gtex Brain_Spinal_cord_cervical_c-1 polyA plus RNA-seq	polyA plus RNA-seq	C1 segment of cervical spinal cord	adult	TISSUE	gtex
SPLICE_SITE_USAGE	336	usage_UBERON:0006566 gtex Heart_Left_Ventricle polyA plus RNA-seq	polyA plus RNA-seq	left ventricle myocardium	adult	TISSUE	gtex
SPLICE_SITE_USAGE	337	usage_UBERON:0006631 gtex Heart_Atrial_Appendage polyA plus RNA-seq	polyA plus RNA-seq	right atrium auricular region	adult	TISSUE	gtex
SPLICE_SITE_USAGE	338	usage_UBERON:0006631 total RNA-seq	total RNA-seq	right atrium auricular region	adult	TISSUE	encode
SPLICE_SITE_USAGE	339	usage_UBERON:0006920 gtex Esophagus_Mucosa polyA plus RNA-seq	polyA plus RNA-seq	esophagus squamous epithelium	adult	TISSUE	gtex
SPLICE_SITE_USAGE	340	usage_UBERON:0006920 total RNA-seq	total RNA-seq	esophagus squamous epithelium	adult	TISSUE	encode
SPLICE_SITE_USAGE	341	usage_UBERON:0007106 polyA plus RNA-seq	polyA plus RNA-seq	chorionic villus	embryonic	TISSUE	encode
SPLICE_SITE_USAGE	342	usage_UBERON:0007610 gtex Artery_Tibial polyA plus RNA-seq	polyA plus RNA-seq	tibial artery	adult	TISSUE	gtex
SPLICE_SITE_USAGE	343	usage_UBERON:0008367 gtex Breast_Mammary_Tissue polyA plus RNA-seq	polyA plus RNA-seq	breast epithelium	adult	TISSUE	gtex
SPLICE_SITE_USAGE	344	usage_UBERON:0008367 total RNA-seq	total RNA-seq	breast epithelium	adult	TISSUE	encode
SPLICE_SITE_USAGE	345	usage_UBERON:0008450 polyA plus RNA-seq	polyA plus RNA-seq	psoas muscle	adult	TISSUE	encode
SPLICE_SITE_USAGE	346	usage_UBERON:0008450 total RNA-seq	total RNA-seq	psoas muscle	adult	TISSUE	encode
SPLICE_SITE_USAGE	347	usage_UBERON:0008952 gtex Lung polyA plus RNA-seq	polyA plus RNA-seq	upper lobe of left lung	adult	TISSUE	gtex
SPLICE_SITE_USAGE	348	usage_UBERON:0008952 total RNA-seq	total RNA-seq	upper lobe of left lung	adult	TISSUE	encode
SPLICE_SITE_USAGE	349	usage_UBERON:0008953 total RNA-seq	total RNA-seq	lower lobe of left lung	adult	TISSUE	encode
SPLICE_SITE_USAGE	350	usage_UBERON:0008971 total RNA-seq	total RNA-seq	left colon	adult	TISSUE	encode
SPLICE_SITE_USAGE	351	usage_UBERON:0009834 gtex Brain_Frontal_Cortex_BA9 polyA plus RNA-seq	polyA plus RNA-seq	dorsolateral prefrontal cortex	adult	TISSUE	gtex
SPLICE_SITE_USAGE	352	usage_UBERON:0009834 total RNA-seq	total RNA-seq	dorsolateral prefrontal cortex	adult	TISSUE	encode
SPLICE_SITE_USAGE	353	usage_UBERON:0009835 gtex Brain_Anterior_cingulate_cortex_BA24 polyA plus RNA-seq	polyA plus RNA-seq	anterior cingulate cortex	adult	TISSUE	gtex
SPLICE_SITE_USAGE	354	usage_UBERON:0010414 gtex Adipose_Visceral_Omentum polyA plus RNA-seq	polyA plus RNA-seq	omental fat pad	adult	TISSUE	gtex
SPLICE_SITE_USAGE	355	usage_UBERON:0010414 total RNA-seq	total RNA-seq	omental fat pad	adult	TISSUE	encode
SPLICE_SITE_USAGE	356	usage_UBERON:0011907 gtex Muscle_Skeletal polyA plus RNA-seq	polyA plus RNA-seq	gastrocnemius medialis	adult	TISSUE	gtex
SPLICE_SITE_USAGE	357	usage_UBERON:0011907 total RNA-seq	total RNA-seq	gastrocnemius medialis	adult	TISSUE	encode
SPLICE_SITE_USAGE	358	usage_UBERON:0012249 gtex Cervix_Ectocervix polyA plus RNA-seq	polyA plus RNA-seq	ectocervix	adult	TISSUE	gtex
SPLICE_SITE_USAGE	359	usage_UBERON:0013756 gtex Whole_Blood polyA plus RNA-seq	polyA plus RNA-seq	venous blood	adult	TISSUE	gtex
SPLICE_SITE_USAGE	360	usage_UBERON:0015143 total RNA-seq	total RNA-seq	mesenteric fat pad	adult	TISSUE	encode
SPLICE_SITE_USAGE	361	usage_UBERON:0018115 polyA plus RNA-seq	polyA plus RNA-seq	left renal pelvis	embryonic	TISSUE	encode
SPLICE_SITE_USAGE	362	usage_UBERON:0018116 polyA plus RNA-seq	polyA plus RNA-seq	right renal pelvis	embryonic	TISSUE	encode
SPLICE_SITE_USAGE	363	usage_UBERON:0018117 polyA plus RNA-seq	polyA plus RNA-seq	left renal cortex interstitium	embryonic	TISSUE	encode
SPLICE_SITE_USAGE	364	usage_UBERON:0018118 polyA plus RNA-seq	polyA plus RNA-seq	right renal cortex interstitium	embryonic	TISSUE	encode
SPLICE_SITE_USAGE	365	usage_UBERON:0036149 gtex Skin_Not_Sun_Exposed_Suprapubic polyA plus RNA-seq	polyA plus RNA-seq	suprapubic skin	adult	TISSUE	gtex
SPLICE_SITE_USAGE	366	usage_UBERON:0036149 total RNA-seq	total RNA-seq	suprapubic skin	adult	TISSUE	encode
SPLICE_SITE_USAGE	367	usage_CL:0000047 polyA plus RNA-seq	polyA plus RNA-seq	neuronal stem cell	embryonic	IN_VITRO_DIFFERENTIATED_CELLS	encode
SPLICE_SITE_USAGE	368	usage_CL:0000062 total RNA-seq	total RNA-seq	osteoblast	adult	PRIMARY_CELL	encode
SPLICE_SITE_USAGE	369	usage_CL:0000084 polyA plus RNA-seq	polyA plus RNA-seq	T-cell	adult	PRIMARY_CELL	encode
SPLICE_SITE_USAGE	370	usage_CL:0000084 total RNA-seq	total RNA-seq	T-cell	adult	PRIMARY_CELL	encode
SPLICE_SITE_USAGE	371	usage_CL:0000100 total RNA-seq	total RNA-seq	motor neuron	adult	IN_VITRO_DIFFERENTIATED_CELLS	encode
SPLICE_SITE_USAGE	372	usage_CL:0000115 total RNA-seq	total RNA-seq	endothelial cell	adult	IN_VITRO_DIFFERENTIATED_CELLS	encode
SPLICE_SITE_USAGE	373	usage_CL:0000121 polyA plus RNA-seq	polyA plus RNA-seq	Purkinje cell	child	PRIMARY_CELL	encode
SPLICE_SITE_USAGE	374	usage_CL:0000127 total RNA-seq	total RNA-seq	astrocyte	unknown	PRIMARY_CELL	encode
SPLICE_SITE_USAGE	375	usage_CL:0000134 polyA plus RNA-seq	polyA plus RNA-seq	mesenchymal stem cell	embryonic	IN_VITRO_DIFFERENTIATED_CELLS	encode
SPLICE_SITE_USAGE	376	usage_CL:0000137 total RNA-seq	total RNA-seq	osteocyte	embryonic	IN_VITRO_DIFFERENTIATED_CELLS	encode
SPLICE_SITE_USAGE	377	usage_CL:0000138 total RNA-seq	total RNA-seq	chondrocyte	embryonic	IN_VITRO_DIFFERENTIATED_CELLS	encode
SPLICE_SITE_USAGE	378	usage_CL:0000169 total RNA-seq	total RNA-seq	type B pancreatic cell	embryonic	IN_VITRO_DIFFERENTIATED_CELLS	encode
SPLICE_SITE_USAGE	379	usage_CL:0000182 polyA plus RNA-seq	polyA plus RNA-seq	hepatocyte	embryonic	IN_VITRO_DIFFERENTIATED_CELLS	encode
SPLICE_SITE_USAGE	380	usage_CL:0000182 total RNA-seq	total RNA-seq	hepatocyte	embryonic	IN_VITRO_DIFFERENTIATED_CELLS	encode
SPLICE_SITE_USAGE	381	usage_CL:0000187 polyA plus RNA-seq	polyA plus RNA-seq	myocyte	adult	IN_VITRO_DIFFERENTIATED_CELLS	encode
SPLICE_SITE_USAGE	382	usage_CL:0000187 total RNA-seq	total RNA-seq	myocyte	adult	IN_VITRO_DIFFERENTIATED_CELLS	encode
SPLICE_SITE_USAGE	383	usage_CL:0000192 polyA plus RNA-seq	polyA plus RNA-seq	smooth muscle cell	embryonic	IN_VITRO_DIFFERENTIATED_CELLS	encode
SPLICE_SITE_USAGE	384	usage_CL:0000192 total RNA-seq	total RNA-seq	smooth muscle cell	embryonic	IN_VITRO_DIFFERENTIATED_CELLS	encode
SPLICE_SITE_USAGE	385	usage_CL:0000221 polyA plus RNA-seq	polyA plus RNA-seq	ectodermal cell	embryonic	IN_VITRO_DIFFERENTIATED_CELLS	encode
SPLICE_SITE_USAGE	386	usage_CL:0000222 polyA plus RNA-seq	polyA plus RNA-seq	mesodermal cell	embryonic	IN_VITRO_DIFFERENTIATED_CELLS	encode
SPLICE_SITE_USAGE	387	usage_CL:0000223 polyA plus RNA-seq	polyA plus RNA-seq	endodermal cell	embryonic	IN_VITRO_DIFFERENTIATED_CELLS	encode
SPLICE_SITE_USAGE	388	usage_CL:0000223 total RNA-seq	total RNA-seq	endodermal cell	embryonic	IN_VITRO_DIFFERENTIATED_CELLS	encode
SPLICE_SITE_USAGE	389	usage_CL:0000236 polyA plus RNA-seq	polyA plus RNA-seq	B cell	adult	PRIMARY_CELL	encode
SPLICE_SITE_USAGE	390	usage_CL:0000236 total RNA-seq	total RNA-seq	B cell	adult	PRIMARY_CELL	encode
SPLICE_SITE_USAGE	391	usage_CL:0000307 total RNA-seq	total RNA-seq	tracheal epithelial cell	adult	PRIMARY_CELL	encode
SPLICE_SITE_USAGE	392	usage_CL:0000312 polyA plus RNA-seq	polyA plus RNA-seq	keratinocyte	unknown	PRIMARY_CELL	encode
SPLICE_SITE_USAGE	393	usage_CL:0000346 total RNA-seq	total RNA-seq	hair follicle dermal papilla cell	adult	PRIMARY_CELL	encode
SPLICE_SITE_USAGE	394	usage_CL:0000351 polyA plus RNA-seq	polyA plus RNA-seq	trophoblast cell	embryonic	IN_VITRO_DIFFERENTIATED_CELLS	encode
SPLICE_SITE_USAGE	395	usage_CL:0000515 polyA plus RNA-seq	polyA plus RNA-seq	skeletal muscle myoblast	unknown	PRIMARY_CELL	encode
SPLICE_SITE_USAGE	396	usage_CL:0000515 total RNA-seq	total RNA-seq	skeletal muscle myoblast	unknown	PRIMARY_CELL	encode
SPLICE_SITE_USAGE	397	usage_CL:0000594 total RNA-seq	total RNA-seq	skeletal muscle satellite cell	adult	PRIMARY_CELL	encode
SPLICE_SITE_USAGE	398	usage_CL:0000623 polyA plus RNA-seq	polyA plus RNA-seq	natural killer cell	adult	PRIMARY_CELL	encode
SPLICE_SITE_USAGE	399	usage_CL:0000623 total RNA-seq	total RNA-seq	natural killer cell	adult	PRIMARY_CELL	encode
SPLICE_SITE_USAGE	400	usage_CL:0000624 polyA plus RNA-seq	polyA plus RNA-seq	CD4-positive, alpha-beta T cell	adult	PRIMARY_CELL	encode
SPLICE_SITE_USAGE	401	usage_CL:0000624 total RNA-seq	total RNA-seq	CD4-positive, alpha-beta T cell	adult	PRIMARY_CELL	encode
SPLICE_SITE_USAGE	402	usage_CL:0000625 polyA plus RNA-seq	polyA plus RNA-seq	CD8-positive, alpha-beta T cell	adult	PRIMARY_CELL	encode
SPLICE_SITE_USAGE	403	usage_CL:0000625 total RNA-seq	total RNA-seq	CD8-positive, alpha-beta T cell	adult	PRIMARY_CELL	encode
SPLICE_SITE_USAGE	404	usage_CL:0000650 total RNA-seq	total RNA-seq	mesangial cell	unknown,embryonic	PRIMARY_CELL	encode
SPLICE_SITE_USAGE	405	usage_CL:0000679 total RNA-seq	total RNA-seq	glutamatergic neuron	adult	IN_VITRO_DIFFERENTIATED_CELLS	encode
SPLICE_SITE_USAGE	406	usage_CL:0000746 polyA plus RNA-seq	polyA plus RNA-seq	cardiac muscle cell	embryonic	IN_VITRO_DIFFERENTIATED_CELLS	encode
SPLICE_SITE_USAGE	407	usage_CL:0000746 total RNA-seq	total RNA-seq	cardiac muscle cell	embryonic	IN_VITRO_DIFFERENTIATED_CELLS	encode
SPLICE_SITE_USAGE	408	usage_CL:0000788 polyA plus RNA-seq	polyA plus RNA-seq	naive B cell	unknown	PRIMARY_CELL	encode
SPLICE_SITE_USAGE	409	usage_CL:0000792 polyA plus RNA-seq	polyA plus RNA-seq	CD4-positive, CD25-positive, alpha-beta regulatory T cell	unknown	PRIMARY_CELL	encode
SPLICE_SITE_USAGE	410	usage_CL:0000823 polyA plus RNA-seq	polyA plus RNA-seq	immature natural killer cell	unknown	PRIMARY_CELL	encode
SPLICE_SITE_USAGE	411	usage_CL:0000837 total RNA-seq	total RNA-seq	hematopoietic multipotent progenitor cell	unknown	IN_VITRO_DIFFERENTIATED_CELLS	encode
SPLICE_SITE_USAGE	412	usage_CL:0000842 total RNA-seq	total RNA-seq	mononuclear cell	adult	PRIMARY_CELL	encode
SPLICE_SITE_USAGE	413	usage_CL:0000895 polyA plus RNA-seq	polyA plus RNA-seq	naive thymus-derived CD4-positive, alpha-beta T cell	unknown	PRIMARY_CELL	encode
SPLICE_SITE_USAGE	414	usage_CL:0000895 total RNA-seq	total RNA-seq	naive thymus-derived CD4-positive, alpha-beta T cell	adult	PRIMARY_CELL	encode
SPLICE_SITE_USAGE	415	usage_CL:0000897 polyA plus RNA-seq	polyA plus RNA-seq	CD4-positive, alpha-beta memory T cell	unknown	PRIMARY_CELL	encode
SPLICE_SITE_USAGE	416	usage_CL:0000897 total RNA-seq	total RNA-seq	CD4-positive, alpha-beta memory T cell	adult	PRIMARY_CELL	encode
SPLICE_SITE_USAGE	417	usage_CL:0000900 polyA plus RNA-seq	polyA plus RNA-seq	naive thymus-derived CD8-positive, alpha-beta T cell	unknown	PRIMARY_CELL	encode
SPLICE_SITE_USAGE	418	usage_CL:0000900 total RNA-seq	total RNA-seq	naive thymus-derived CD8-positive, alpha-beta T cell	adult	PRIMARY_CELL	encode
SPLICE_SITE_USAGE	419	usage_CL:0000909 polyA plus RNA-seq	polyA plus RNA-seq	CD8-positive, alpha-beta memory T cell	unknown	PRIMARY_CELL	encode
SPLICE_SITE_USAGE	420	usage_CL:0000909 total RNA-seq	total RNA-seq	CD8-positive, alpha-beta memory T cell	adult	PRIMARY_CELL	encode
SPLICE_SITE_USAGE	421	usage_CL:0001053 polyA plus RNA-seq	polyA plus RNA-seq	IgD-negative memory B cell	unknown	PRIMARY_CELL	encode
SPLICE_SITE_USAGE	422	usage_CL:0001054 polyA plus RNA-seq	polyA plus RNA-seq	CD14-positive monocyte	adult	PRIMARY_CELL	encode
SPLICE_SITE_USAGE	423	usage_CL:0001059 polyA plus RNA-seq	polyA plus RNA-seq	common myeloid progenitor, CD34-positive	adult	PRIMARY_CELL	encode
SPLICE_SITE_USAGE	424	usage_CL:0002098 total RNA-seq	total RNA-seq	regular cardiac myocyte	adult	PRIMARY_CELL	encode
SPLICE_SITE_USAGE	425	usage_CL:0002188 total RNA-seq	total RNA-seq	glomerular endothelial cell	embryonic	PRIMARY_CELL	encode
SPLICE_SITE_USAGE	426	usage_CL:0002306 total RNA-seq	total RNA-seq	epithelial cell of proximal tubule	unknown	PRIMARY_CELL	encode
SPLICE_SITE_USAGE	427	usage_CL:0002319 polyA plus RNA-seq	polyA plus RNA-seq	neural cell	embryonic	IN_VITRO_DIFFERENTIATED_CELLS	encode
SPLICE_SITE_USAGE	428	usage_CL:0002324 polyA plus RNA-seq	polyA plus RNA-seq	myoepithelial cell of mammary gland	adult	PRIMARY_CELL	encode
SPLICE_SITE_USAGE	429	usage_CL:0002326 polyA plus RNA-seq	polyA plus RNA-seq	luminal epithelial cell of mammary gland	adult	PRIMARY_CELL	encode
SPLICE_SITE_USAGE	430	usage_CL:0002327 polyA plus RNA-seq	polyA plus RNA-seq	mammary epithelial cell	adult	PRIMARY_CELL	encode
SPLICE_SITE_USAGE	431	usage_CL:0002327 total RNA-seq	total RNA-seq	mammary epithelial cell	adult	PRIMARY_CELL	encode
SPLICE_SITE_USAGE	432	usage_CL:0002328 total RNA-seq	total RNA-seq	bronchial epithelial cell	adult	PRIMARY_CELL	encode
SPLICE_SITE_USAGE	433	usage_CL:0002351 total RNA-seq	total RNA-seq	progenitor cell of endocrine pancreas	embryonic	IN_VITRO_DIFFERENTIATED_CELLS	encode
SPLICE_SITE_USAGE	434	usage_CL:0002366 total RNA-seq	total RNA-seq	myometrial cell	adult	PRIMARY_CELL	encode
SPLICE_SITE_USAGE	435	usage_CL:0002368 total RNA-seq	total RNA-seq	airway epithelial cell	unknown	PRIMARY_CELL	encode
SPLICE_SITE_USAGE	436	usage_CL:0002372 total RNA-seq	total RNA-seq	myotube	unknown	IN_VITRO_DIFFERENTIATED_CELLS	encode
SPLICE_SITE_USAGE	437	usage_CL:0002451 polyA plus RNA-seq	polyA plus RNA-seq	mammary stem cell	adult	PRIMARY_CELL	encode
SPLICE_SITE_USAGE	438	usage_CL:0002518 total RNA-seq	total RNA-seq	kidney epithelial cell	embryonic,newborn	PRIMARY_CELL	encode
SPLICE_SITE_USAGE	439	usage_CL:0002539 total RNA-seq	total RNA-seq	aortic smooth muscle cell	adult	PRIMARY_CELL	encode
SPLICE_SITE_USAGE	440	usage_CL:0002540 total RNA-seq	total RNA-seq	mesenchymal stem cell of the bone marrow	adult	PRIMARY_CELL	encode
SPLICE_SITE_USAGE	441	usage_CL:0002543 total RNA-seq	total RNA-seq	vein endothelial cell	adult	PRIMARY_CELL	encode
SPLICE_SITE_USAGE	442	usage_CL:0002545 total RNA-seq	total RNA-seq	thoracic aorta endothelial cell	adult	PRIMARY_CELL	encode
SPLICE_SITE_USAGE	443	usage_CL:0002547 total RNA-seq	total RNA-seq	fibroblast of the aortic adventitia	adult	PRIMARY_CELL	encode
SPLICE_SITE_USAGE	444	usage_CL:0002551 total RNA-seq	total RNA-seq	fibroblast of dermis	adult	PRIMARY_CELL	encode
SPLICE_SITE_USAGE	445	usage_CL:0002553 polyA plus RNA-seq	polyA plus RNA-seq	fibroblast of lung	adult	PRIMARY_CELL	encode
SPLICE_SITE_USAGE	446	usage_CL:0002553 total RNA-seq	total RNA-seq	fibroblast of lung	adult	PRIMARY_CELL	encode
SPLICE_SITE_USAGE	447	usage_CL:0002558 total RNA-seq	total RNA-seq	fibroblast of villous mesenchyme	newborn	PRIMARY_CELL	encode
SPLICE_SITE_USAGE	448	usage_CL:0002568 total RNA-seq	total RNA-seq	mesenchymal stem cell of Wharton\'s jelly	newborn	PRIMARY_CELL	encode
SPLICE_SITE_USAGE	449	usage_CL:0002570 total RNA-seq	total RNA-seq	mesenchymal stem cell of adipose	adult	PRIMARY_CELL	encode
SPLICE_SITE_USAGE	450	usage_CL:0002577 total RNA-seq	total RNA-seq	placental epithelial cell	newborn	PRIMARY_CELL	encode
SPLICE_SITE_USAGE	451	usage_CL:0002583 total RNA-seq	total RNA-seq	subcutaneous preadipocyte	adult	PRIMARY_CELL	encode
SPLICE_SITE_USAGE	452	usage_CL:0002584 total RNA-seq	total RNA-seq	renal cortical epithelial cell	adult	PRIMARY_CELL	encode
SPLICE_SITE_USAGE	453	usage_CL:0002591 total RNA-seq	total RNA-seq	smooth muscle cell of the pulmonary artery	adult	PRIMARY_CELL	encode
SPLICE_SITE_USAGE	454	usage_CL:0002592 total RNA-seq	total RNA-seq	smooth muscle cell of the coronary artery	adult	PRIMARY_CELL	encode
SPLICE_SITE_USAGE	455	usage_CL:0002594 total RNA-seq	total RNA-seq	smooth muscle cell of the umbilical artery	newborn	PRIMARY_CELL	encode
SPLICE_SITE_USAGE	456	usage_CL:0002597 total RNA-seq	total RNA-seq	smooth muscle cell of bladder	adult	PRIMARY_CELL	encode
SPLICE_SITE_USAGE	457	usage_CL:0002598 total RNA-seq	total RNA-seq	bronchial smooth muscle cell	adult	PRIMARY_CELL	encode
SPLICE_SITE_USAGE	458	usage_CL:0002600 total RNA-seq	total RNA-seq	smooth muscle cell of trachea	adult	PRIMARY_CELL	encode
SPLICE_SITE_USAGE	459	usage_CL:0002601 total RNA-seq	total RNA-seq	uterine smooth muscle cell	adult	PRIMARY_CELL	encode
SPLICE_SITE_USAGE	460	usage_CL:0002618 polyA plus RNA-seq	polyA plus RNA-seq	endothelial cell of umbilical vein	newborn	PRIMARY_CELL	encode
SPLICE_SITE_USAGE	461	usage_CL:0002618 total RNA-seq	total RNA-seq	endothelial cell of umbilical vein	newborn	PRIMARY_CELL	encode
SPLICE_SITE_USAGE	462	usage_CL:0010002 total RNA-seq	total RNA-seq	epithelial cell of umbilical artery	newborn	PRIMARY_CELL	encode
SPLICE_SITE_USAGE	463	usage_CL:0010003 total RNA-seq	total RNA-seq	epithelial cell of alveolus of lung	unknown,embryonic	PRIMARY_CELL	encode
SPLICE_SITE_USAGE	464	usage_CL:0011012 total RNA-seq	total RNA-seq	neural crest cell	embryonic	IN_VITRO_DIFFERENTIATED_CELLS	encode
SPLICE_SITE_USAGE	465	usage_CL:0011019 total RNA-seq	total RNA-seq	mesothelial cell of epicardium	embryonic	IN_VITRO_DIFFERENTIATED_CELLS	encode
SPLICE_SITE_USAGE	466	usage_CL:0011020 total RNA-seq	total RNA-seq	neural progenitor cell	embryonic	IN_VITRO_DIFFERENTIATED_CELLS	encode
SPLICE_SITE_USAGE	467	usage_CL:0011022 polyA plus RNA-seq	polyA plus RNA-seq	fibroblast of skin of back	embryonic	PRIMARY_CELL	encode
SPLICE_SITE_USAGE	468	usage_CL:1000458 total RNA-seq	total RNA-seq	melanocyte of skin	adult	PRIMARY_CELL	encode
SPLICE_SITE_USAGE	469	usage_CL:1001568 total RNA-seq	total RNA-seq	pulmonary artery endothelial cell	adult	PRIMARY_CELL	encode
SPLICE_SITE_USAGE	470	usage_CL:1001606 polyA plus RNA-seq	polyA plus RNA-seq	foreskin keratinocyte	newborn	PRIMARY_CELL	encode
SPLICE_SITE_USAGE	471	usage_CL:1001606 total RNA-seq	total RNA-seq	foreskin keratinocyte	newborn	PRIMARY_CELL	encode
SPLICE_SITE_USAGE	472	usage_CL:1001608 polyA plus RNA-seq	polyA plus RNA-seq	foreskin fibroblast	newborn	PRIMARY_CELL	encode
SPLICE_SITE_USAGE	473	usage_CL:2000001 polyA plus RNA-seq	polyA plus RNA-seq	peripheral blood mononuclear cell	adult	PRIMARY_CELL	encode
SPLICE_SITE_USAGE	474	usage_CL:2000007 total RNA-seq	total RNA-seq	articular chondrocyte of knee joint	adult	PRIMARY_CELL	encode
SPLICE_SITE_USAGE	475	usage_CL:2000010 total RNA-seq	total RNA-seq	dermis blood vessel endothelial cell	child	PRIMARY_CELL	encode
SPLICE_SITE_USAGE	476	usage_CL:2000011 total RNA-seq	total RNA-seq	dermis lymphatic vessel endothelial cell	child,adult	PRIMARY_CELL	encode
SPLICE_SITE_USAGE	477	usage_CL:2000013 polyA plus RNA-seq	polyA plus RNA-seq	fibroblast of skin of abdomen	embryonic	PRIMARY_CELL	encode
SPLICE_SITE_USAGE	478	usage_CL:2000016 total RNA-seq	total RNA-seq	lung microvascular endothelial cell	adult	PRIMARY_CELL	encode
SPLICE_SITE_USAGE	479	usage_CL:2000018 total RNA-seq	total RNA-seq	endothelial cell of coronary artery	adult	PRIMARY_CELL	encode
SPLICE_SITE_USAGE	480	usage_CL:2000040 total RNA-seq	total RNA-seq	bladder microvascular endothelial cell	adult	PRIMARY_CELL	encode
SPLICE_SITE_USAGE	481	usage_CL:2000041 total RNA-seq	total RNA-seq	dermis microvascular lymphatic vessel endothelial cell	adult	PRIMARY_CELL	encode
SPLICE_SITE_USAGE	482	usage_CL:2000045 polyA plus RNA-seq	polyA plus RNA-seq	foreskin melanocyte	newborn	PRIMARY_CELL	encode
SPLICE_SITE_USAGE	483	usage_CL:2000066 total RNA-seq	total RNA-seq	cardiac ventricle fibroblast	adult,unknown	PRIMARY_CELL	encode
SPLICE_SITE_USAGE	484	usage_CL:2000067 total RNA-seq	total RNA-seq	cardiac atrium fibroblast	child	PRIMARY_CELL	encode
SPLICE_SITE_USAGE	485	usage_CL:2000068 total RNA-seq	total RNA-seq	pericardium fibroblast	embryonic,unknown	PRIMARY_CELL	encode
SPLICE_SITE_USAGE	486	usage_CL:2000071 total RNA-seq	total RNA-seq	mammary microvascular endothelial cell	adult	PRIMARY_CELL	encode
SPLICE_SITE_USAGE	487	usage_CL:2000078 total RNA-seq	total RNA-seq	placental pericyte	newborn	PRIMARY_CELL	encode
SPLICE_SITE_USAGE	488	usage_CL:2000092 total RNA-seq	total RNA-seq	hair follicular keratinocyte	adult	PRIMARY_CELL	encode
SPLICE_SITE_USAGE	489	usage_CL:2000093 total RNA-seq	total RNA-seq	bronchus fibroblast of lung	unknown	PRIMARY_CELL	encode
SPLICE_SITE_USAGE	490	usage_CL:2000094 total RNA-seq	total RNA-seq	nasal cavity respiratory epithelium epithelial cell of viscerocranial mucosa	adult	PRIMARY_CELL	encode
SPLICE_SITE_USAGE	491	usage_CLO:0007045 polyA plus RNA-seq	polyA plus RNA-seq	Jurkat, Clone E6-1	child	CELL_LINE	encode
SPLICE_SITE_USAGE	492	usage_EFO:0000572 gtex Cells_EBV-transformed_lymphocytes polyA plus RNA-seq	polyA plus RNA-seq	lymphoblast	adult	TISSUE	gtex
SPLICE_SITE_USAGE	493	usage_EFO:0001086 polyA plus RNA-seq	polyA plus RNA-seq	A549	adult	CELL_LINE	encode
SPLICE_SITE_USAGE	494	usage_EFO:0001099 total RNA-seq	total RNA-seq	Caco-2	adult	CELL_LINE	encode
SPLICE_SITE_USAGE	495	usage_EFO:0001187 polyA plus RNA-seq	polyA plus RNA-seq	HepG2	child	CELL_LINE	encode
SPLICE_SITE_USAGE	496	usage_EFO:0001187 total RNA-seq	total RNA-seq	HepG2	child	CELL_LINE	encode
SPLICE_SITE_USAGE	497	usage_EFO:0001193 total RNA-seq	total RNA-seq	HT-29	adult	CELL_LINE	encode
SPLICE_SITE_USAGE	498	usage_EFO:0001196 polyA plus RNA-seq	polyA plus RNA-seq	IMR-90	embryonic	CELL_LINE	encode
SPLICE_SITE_USAGE	499	usage_EFO:0001196 total RNA-seq	total RNA-seq	IMR-90	embryonic	CELL_LINE	encode
SPLICE_SITE_USAGE	500	usage_EFO:0001200 total RNA-seq	total RNA-seq	MCF 10A	adult	CELL_LINE	encode
SPLICE_SITE_USAGE	501	usage_EFO:0001203 polyA plus RNA-seq	polyA plus RNA-seq	MCF-7	adult	CELL_LINE	encode
SPLICE_SITE_USAGE	502	usage_EFO:0001203 total RNA-seq	total RNA-seq	MCF-7	adult	CELL_LINE	encode
SPLICE_SITE_USAGE	503	usage_EFO:0002009 gtex Cells_Cultured_fibroblasts polyA plus RNA-seq	polyA plus RNA-seq	fibroblast derived cell line	adult	TISSUE	gtex
SPLICE_SITE_USAGE	504	usage_EFO:0002059 polyA plus RNA-seq	polyA plus RNA-seq	HT1080	adult	CELL_LINE	encode
SPLICE_SITE_USAGE	505	usage_EFO:0002059 total RNA-seq	total RNA-seq	HT1080	adult	CELL_LINE	encode
SPLICE_SITE_USAGE	506	usage_EFO:0002067 polyA plus RNA-seq	polyA plus RNA-seq	K562	adult	CELL_LINE	encode
SPLICE_SITE_USAGE	507	usage_EFO:0002067 total RNA-seq	total RNA-seq	K562	adult	CELL_LINE	encode
SPLICE_SITE_USAGE	508	usage_EFO:0002074 total RNA-seq	total RNA-seq	PC-3	adult	CELL_LINE	encode
SPLICE_SITE_USAGE	509	usage_EFO:0002101 total RNA-seq	total RNA-seq	A172	adult	CELL_LINE	encode
SPLICE_SITE_USAGE	510	usage_EFO:0002103 total RNA-seq	total RNA-seq	A375	adult	CELL_LINE	encode
SPLICE_SITE_USAGE	511	usage_EFO:0002106 total RNA-seq	total RNA-seq	A673	child	CELL_LINE	encode
SPLICE_SITE_USAGE	512	usage_EFO:0002150 total RNA-seq	total RNA-seq	Caki2	adult	CELL_LINE	encode
SPLICE_SITE_USAGE	513	usage_EFO:0002179 total RNA-seq	total RNA-seq	G401	child	CELL_LINE	encode
SPLICE_SITE_USAGE	514	usage_EFO:0002184 total RNA-seq	total RNA-seq	H4	adult	CELL_LINE	encode
SPLICE_SITE_USAGE	515	usage_EFO:0002234 total RNA-seq	total RNA-seq	MG63	child	CELL_LINE	encode
SPLICE_SITE_USAGE	516	usage_EFO:0002330 total RNA-seq	total RNA-seq	SJSA1	adult	CELL_LINE	encode
SPLICE_SITE_USAGE	517	usage_EFO:0002713 polyA plus RNA-seq	polyA plus RNA-seq	Panc1	adult	CELL_LINE	encode
SPLICE_SITE_USAGE	518	usage_EFO:0002713 total RNA-seq	total RNA-seq	Panc1	adult	CELL_LINE	encode
SPLICE_SITE_USAGE	519	usage_EFO:0002779 polyA plus RNA-seq	polyA plus RNA-seq	BJ	newborn	CELL_LINE	encode
SPLICE_SITE_USAGE	520	usage_EFO:0002784 polyA plus RNA-seq	polyA plus RNA-seq	GM12878	adult	CELL_LINE	encode
SPLICE_SITE_USAGE	521	usage_EFO:0002784 total RNA-seq	total RNA-seq	GM12878	adult	CELL_LINE	encode
SPLICE_SITE_USAGE	522	usage_EFO:0002785 polyA plus RNA-seq	polyA plus RNA-seq	GM12891	unknown	CELL_LINE	encode
SPLICE_SITE_USAGE	523	usage_EFO:0002786 polyA plus RNA-seq	polyA plus RNA-seq	GM12892	unknown	CELL_LINE	encode
SPLICE_SITE_USAGE	524	usage_EFO:0002791 polyA plus RNA-seq	polyA plus RNA-seq	HeLa-S3	adult	CELL_LINE	encode
SPLICE_SITE_USAGE	525	usage_EFO:0002819 total RNA-seq	total RNA-seq	Calu3	adult	CELL_LINE	encode
SPLICE_SITE_USAGE	526	usage_EFO:0002824 polyA plus RNA-seq	polyA plus RNA-seq	HCT116	adult	CELL_LINE	encode
SPLICE_SITE_USAGE	527	usage_EFO:0002824 total RNA-seq	total RNA-seq	HCT116	adult	CELL_LINE	encode
SPLICE_SITE_USAGE	528	usage_EFO:0002847 total RNA-seq	total RNA-seq	PC-9	unknown	CELL_LINE	encode
SPLICE_SITE_USAGE	529	usage_EFO:0003042 polyA plus RNA-seq	polyA plus RNA-seq	H1	embryonic	CELL_LINE	encode
SPLICE_SITE_USAGE	530	usage_EFO:0003042 total RNA-seq	total RNA-seq	H1	embryonic	CELL_LINE	encode
SPLICE_SITE_USAGE	531	usage_EFO:0003044 polyA plus RNA-seq	polyA plus RNA-seq	NCI-H460	unknown	CELL_LINE	encode
SPLICE_SITE_USAGE	532	usage_EFO:0003044 total RNA-seq	total RNA-seq	NCI-H460	unknown	CELL_LINE	encode
SPLICE_SITE_USAGE	533	usage_EFO:0003045 total RNA-seq	total RNA-seq	H9	embryonic	CELL_LINE	encode
SPLICE_SITE_USAGE	534	usage_EFO:0003072 polyA plus RNA-seq	polyA plus RNA-seq	SK-N-SH	child	CELL_LINE	encode
SPLICE_SITE_USAGE	535	usage_EFO:0005234 polyA plus RNA-seq	polyA plus RNA-seq	PFSK-1	child	CELL_LINE	encode
SPLICE_SITE_USAGE	536	usage_EFO:0005237 polyA plus RNA-seq	polyA plus RNA-seq	U-87 MG	adult	CELL_LINE	encode
SPLICE_SITE_USAGE	537	usage_EFO:0005697 total RNA-seq	total RNA-seq	M059J	adult	CELL_LINE	encode
SPLICE_SITE_USAGE	538	usage_EFO:0005698 total RNA-seq	total RNA-seq	Daoy	child	CELL_LINE	encode
SPLICE_SITE_USAGE	539	usage_EFO:0005712 total RNA-seq	total RNA-seq	RPMI7951	adult	CELL_LINE	encode
SPLICE_SITE_USAGE	540	usage_EFO:0005714 polyA plus RNA-seq	polyA plus RNA-seq	LHCN-M2	adult	CELL_LINE	encode
SPLICE_SITE_USAGE	541	usage_EFO:0005714 total RNA-seq	total RNA-seq	LHCN-M2	adult	CELL_LINE	encode
SPLICE_SITE_USAGE	542	usage_EFO:0005719 total RNA-seq	total RNA-seq	Karpas-422	adult	CELL_LINE	encode
SPLICE_SITE_USAGE	543	usage_EFO:0005720 polyA plus RNA-seq	polyA plus RNA-seq	SK-MEL-5	adult	CELL_LINE	encode
SPLICE_SITE_USAGE	544	usage_EFO:0005720 total RNA-seq	total RNA-seq	SK-MEL-5	adult	CELL_LINE	encode
SPLICE_SITE_USAGE	545	usage_EFO:0005721 polyA plus RNA-seq	polyA plus RNA-seq	SK-N-DZ	child	CELL_LINE	encode
SPLICE_SITE_USAGE	546	usage_EFO:0005722 total RNA-seq	total RNA-seq	SJCRH30	child	CELL_LINE	encode
SPLICE_SITE_USAGE	547	usage_EFO:0005723 polyA plus RNA-seq	polyA plus RNA-seq	GM23248	adult	CELL_LINE	encode
SPLICE_SITE_USAGE	548	usage_EFO:0005723 total RNA-seq	total RNA-seq	GM23248	adult	CELL_LINE	encode
SPLICE_SITE_USAGE	549	usage_EFO:0005725 polyA plus RNA-seq	polyA plus RNA-seq	BE2C	child	CELL_LINE	encode
SPLICE_SITE_USAGE	550	usage_EFO:0005904 total RNA-seq	total RNA-seq	H7	embryonic	CELL_LINE	encode
SPLICE_SITE_USAGE	551	usage_EFO:0006270 polyA plus RNA-seq	polyA plus RNA-seq	AG04450	embryonic	CELL_LINE	encode
SPLICE_SITE_USAGE	552	usage_EFO:0006711 total RNA-seq	total RNA-seq	OCI-LY7	adult	CELL_LINE	encode
SPLICE_SITE_USAGE	553	usage_EFO:0007089 polyA plus RNA-seq	polyA plus RNA-seq	HUES64	embryonic	CELL_LINE	encode
SPLICE_SITE_USAGE	554	usage_EFO:0007950 polyA plus RNA-seq	polyA plus RNA-seq	GM23338	adult	CELL_LINE	encode
SPLICE_SITE_USAGE	555	usage_EFO:0007950 total RNA-seq	total RNA-seq	GM23338	adult	CELL_LINE	encode
SPLICE_SITE_USAGE	556	usage_EFO:0009318 total RNA-seq	total RNA-seq	HFFc6	newborn	CELL_LINE	encode
SPLICE_SITE_USAGE	557	usage_EFO:0009747 total RNA-seq	total RNA-seq	WTC11	adult	CELL_LINE	encode
SPLICE_SITE_USAGE	558	usage_EFO:0030018 polyA plus RNA-seq	polyA plus RNA-seq	BLaER1	unknown	CELL_LINE	encode
SPLICE_SITE_USAGE	559	usage_NTR:0000427 polyA plus RNA-seq	polyA plus RNA-seq	neurosphere	embryonic	PRIMARY_CELL	encode
SPLICE_SITE_USAGE	560	usage_NTR:0000491 total RNA-seq	total RNA-seq	Right ventricle myocardium inferior	adult	TISSUE	encode
SPLICE_SITE_USAGE	561	usage_NTR:0000492 total RNA-seq	total RNA-seq	Right ventricle myocardium superior	adult	TISSUE	encode
SPLICE_SITE_USAGE	562	usage_NTR:0000493 total RNA-seq	total RNA-seq	left ventricle myocardium inferior	adult	TISSUE	encode
SPLICE_SITE_USAGE	563	usage_NTR:0000494 total RNA-seq	total RNA-seq	left ventricle myocardium superior	adult	TISSUE	encode
SPLICE_SITE_USAGE	564	usage_NTR:0000524 polyA plus RNA-seq	polyA plus RNA-seq	fibroblast of skin of scalp	embryonic	PRIMARY_CELL	encode
SPLICE_SITE_USAGE	565	usage_NTR:0000856 polyA plus RNA-seq	polyA plus RNA-seq	mesendoderm	embryonic	IN_VITRO_DIFFERENTIATED_CELLS	encode
SPLICE_SITE_USAGE	566	usage_NTR:0003013 polyA plus RNA-seq	polyA plus RNA-seq	placental basal plate	embryonic	TISSUE	encode
SPLICE_SITE_USAGE	567	usage_UBERON:0000007 gtex Pituitary polyA plus RNA-seq	polyA plus RNA-seq	pituitary gland	adult	TISSUE	gtex
SPLICE_SITE_USAGE	568	usage_UBERON:0000016 polyA plus RNA-seq	polyA plus RNA-seq	endocrine pancreas	adult	TISSUE	encode
SPLICE_SITE_USAGE	569	usage_UBERON:0000019 total RNA-seq	total RNA-seq	camera-type eye	embryonic	TISSUE	encode
SPLICE_SITE_USAGE	570	usage_UBERON:0000056 total RNA-seq	total RNA-seq	ureter	adult	TISSUE	encode
SPLICE_SITE_USAGE	571	usage_UBERON:0000081 total RNA-seq	total RNA-seq	metanephros	embryonic	TISSUE	encode
SPLICE_SITE_USAGE	572	usage_UBERON:0000088 polyA plus RNA-seq	polyA plus RNA-seq	trophoblast	embryonic	TISSUE	encode
SPLICE_SITE_USAGE	573	usage_UBERON:0000305 polyA plus RNA-seq	polyA plus RNA-seq	amnion	embryonic	TISSUE	encode
SPLICE_SITE_USAGE	574	usage_UBERON:0000317 total RNA-seq	total RNA-seq	colonic mucosa	adult	TISSUE	encode
SPLICE_SITE_USAGE	575	usage_UBERON:0000458 gtex Cervix_Endocervix polyA plus RNA-seq	polyA plus RNA-seq	endocervix	adult	TISSUE	gtex
SPLICE_SITE_USAGE	576	usage_UBERON:0000473 gtex Testis polyA plus RNA-seq	polyA plus RNA-seq	testis	adult	TISSUE	gtex
SPLICE_SITE_USAGE	577	usage_UBERON:0000473 polyA plus RNA-seq	polyA plus RNA-seq	testis	adult	TISSUE	encode
SPLICE_SITE_USAGE	578	usage_UBERON:0000473 total RNA-seq	total RNA-seq	testis	adult	TISSUE	encode
SPLICE_SITE_USAGE	579	usage_UBERON:0000945 gtex Stomach polyA plus RNA-seq	polyA plus RNA-seq	stomach	adult	TISSUE	gtex
SPLICE_SITE_USAGE	580	usage_UBERON:0000945 polyA plus RNA-seq	polyA plus RNA-seq	stomach	adult	TISSUE	encode
SPLICE_SITE_USAGE	581	usage_UBERON:0000945 total RNA-seq	total RNA-seq	stomach	adult	TISSUE	encode
SPLICE_SITE_USAGE	582	usage_UBERON:0000947 polyA plus RNA-seq	polyA plus RNA-seq	aorta	adult	TISSUE	encode
SPLICE_SITE_USAGE	583	usage_UBERON:0000947 total RNA-seq	total RNA-seq	aorta	adult	TISSUE	encode
SPLICE_SITE_USAGE	584	usage_UBERON:0000948 polyA plus RNA-seq	polyA plus RNA-seq	heart	adult	TISSUE	encode
SPLICE_SITE_USAGE	585	usage_UBERON:0000948 total RNA-seq	total RNA-seq	heart	adult	TISSUE	encode
SPLICE_SITE_USAGE	586	usage_UBERON:0000955 polyA plus RNA-seq	polyA plus RNA-seq	brain	adult	TISSUE	encode
SPLICE_SITE_USAGE	587	usage_UBERON:0000992 gtex Ovary polyA plus RNA-seq	polyA plus RNA-seq	ovary	adult	TISSUE	gtex
SPLICE_SITE_USAGE	588	usage_UBERON:0000992 polyA plus RNA-seq	polyA plus RNA-seq	ovary	adult	TISSUE	encode
SPLICE_SITE_USAGE	589	usage_UBERON:0000992 total RNA-seq	total RNA-seq	ovary	adult	TISSUE	encode
SPLICE_SITE_USAGE	590	usage_UBERON:0000995 gtex Uterus polyA plus RNA-seq	polyA plus RNA-seq	uterus	adult	TISSUE	gtex
SPLICE_SITE_USAGE	591	usage_UBERON:0000995 total RNA-seq	total RNA-seq	uterus	adult	TISSUE	encode
SPLICE_SITE_USAGE	592	usage_UBERON:0000996 gtex Vagina polyA plus RNA-seq	polyA plus RNA-seq	vagina	adult	TISSUE	gtex
SPLICE_SITE_USAGE	593	usage_UBERON:0000996 total RNA-seq	total RNA-seq	vagina	adult	TISSUE	encode
SPLICE_SITE_USAGE	594	usage_UBERON:0001013 polyA plus RNA-seq	polyA plus RNA-seq	adipose tissue	adult	TISSUE	encode
SPLICE_SITE_USAGE	595	usage_UBERON:0001043 polyA plus RNA-seq	polyA plus RNA-seq	esophagus	adult	TISSUE	encode
SPLICE_SITE_USAGE	596	usage_UBERON:0001072 total RNA-seq	total RNA-seq	posterior vena cava	adult	TISSUE	encode
SPLICE_SITE_USAGE	597	usage_UBERON:0001114 gtex Liver polyA plus RNA-seq	polyA plus RNA-seq	right lobe of liver	adult	TISSUE	gtex
SPLICE_SITE_USAGE	598	usage_UBERON:0001114 total RNA-seq	total RNA-seq	right lobe of liver	adult	TISSUE	encode
SPLICE_SITE_USAGE	599	usage_UBERON:0001115 total RNA-seq	total RNA-seq	left lobe of liver	adult	TISSUE	encode
SPLICE_SITE_USAGE	600	usage_UBERON:0001134 total RNA-seq	total RNA-seq	skeletal muscle tissue	embryonic	TISSUE	encode
SPLICE_SITE_USAGE	601	usage_UBERON:0001150 gtex Pancreas polyA plus RNA-seq	polyA plus RNA-seq	body of pancreas	adult	TISSUE	gtex
SPLICE_SITE_USAGE	602	usage_UBERON:0001150 total RNA-seq	total RNA-seq	body of pancreas	adult	TISSUE	encode
SPLICE_SITE_USAGE	603	usage_UBERON:0001157 gtex Colon_Transverse polyA plus RNA-seq	polyA plus RNA-seq	transverse colon	adult	TISSUE	gtex
SPLICE_SITE_USAGE	604	usage_UBERON:0001157 total RNA-seq	total RNA-seq	transverse colon	adult	TISSUE	encode
SPLICE_SITE_USAGE	605	usage_UBERON:0001159 gtex Colon_Sigmoid polyA plus RNA-seq	polyA plus RNA-seq	sigmoid colon	adult	TISSUE	gtex
SPLICE_SITE_USAGE	606	usage_UBERON:0001159 polyA plus RNA-seq	polyA plus RNA-seq	sigmoid colon	adult	TISSUE	encode
SPLICE_SITE_USAGE	607	usage_UBERON:0001159 total RNA-seq	total RNA-seq	sigmoid colon	adult	TISSUE	encode
SPLICE_SITE_USAGE	608	usage_UBERON:0001211 gtex Small_Intestine_Terminal_Ileum polyA plus RNA-seq	polyA plus RNA-seq	Peyer\'s patch	adult	TISSUE	gtex
SPLICE_SITE_USAGE	609	usage_UBERON:0001211 total RNA-seq	total RNA-seq	Peyer\'s patch	adult	TISSUE	encode
SPLICE_SITE_USAGE	610	usage_UBERON:0001224 polyA plus RNA-seq	polyA plus RNA-seq	renal pelvis	embryonic	TISSUE	encode
SPLICE_SITE_USAGE	611	usage_UBERON:0001225 gtex Kidney_Cortex polyA plus RNA-seq	polyA plus RNA-seq	cortex of kidney	adult	TISSUE	gtex
SPLICE_SITE_USAGE	612	usage_UBERON:0001255 gtex Bladder polyA plus RNA-seq	polyA plus RNA-seq	urinary bladder	adult	TISSUE	gtex
SPLICE_SITE_USAGE	613	usage_UBERON:0001255 polyA plus RNA-seq	polyA plus RNA-seq	urinary bladder	child	TISSUE	encode
SPLICE_SITE_USAGE	614	usage_UBERON:0001255 total RNA-seq	total RNA-seq	urinary bladder	embryonic	TISSUE	encode
SPLICE_SITE_USAGE	615	usage_UBERON:0001264 polyA plus RNA-seq	polyA plus RNA-seq	pancreas	adult	TISSUE	encode
SPLICE_SITE_USAGE	616	usage_UBERON:0001264 total RNA-seq	total RNA-seq	pancreas	adult	TISSUE	encode
SPLICE_SITE_USAGE	617	usage_UBERON:0001293 gtex Kidney_Medulla polyA plus RNA-seq	polyA plus RNA-seq	outer medulla of kidney	adult	TISSUE	gtex
SPLICE_SITE_USAGE	618	usage_UBERON:0001322 total RNA-seq	total RNA-seq	sciatic nerve	adult	TISSUE	encode
SPLICE_SITE_USAGE	619	usage_UBERON:0001323 gtex Nerve_Tibial polyA plus RNA-seq	polyA plus RNA-seq	tibial nerve	adult	TISSUE	gtex
SPLICE_SITE_USAGE	620	usage_UBERON:0001323 total RNA-seq	total RNA-seq	tibial nerve	adult	TISSUE	encode
SPLICE_SITE_USAGE	621	usage_UBERON:0001383 polyA plus RNA-seq	polyA plus RNA-seq	muscle of leg	embryonic	TISSUE	encode
SPLICE_SITE_USAGE	622	usage_UBERON:0001496 gtex Artery_Aorta polyA plus RNA-seq	polyA plus RNA-seq	ascending aorta	adult	TISSUE	gtex
SPLICE_SITE_USAGE	623	usage_UBERON:0001496 total RNA-seq	total RNA-seq	ascending aorta	adult	TISSUE	encode
SPLICE_SITE_USAGE	624	usage_UBERON:0001499 polyA plus RNA-seq	polyA plus RNA-seq	muscle of arm	embryonic	TISSUE	encode
SPLICE_SITE_USAGE	625	usage_UBERON:0001515 total RNA-seq	total RNA-seq	thoracic aorta	adult	TISSUE	encode
SPLICE_SITE_USAGE	626	usage_UBERON:0001621 gtex Artery_Coronary polyA plus RNA-seq	polyA plus RNA-seq	coronary artery	adult	TISSUE	gtex
SPLICE_SITE_USAGE	627	usage_UBERON:0001723 total RNA-seq	total RNA-seq	tongue	embryonic	TISSUE	encode
SPLICE_SITE_USAGE	628	usage_UBERON:0001774 polyA plus RNA-seq	polyA plus RNA-seq	muscle of trunk	embryonic	TISSUE	encode
SPLICE_SITE_USAGE	629	usage_UBERON:0001870 gtex Brain_Cortex polyA plus RNA-seq	polyA plus RNA-seq	frontal cortex	adult	TISSUE	gtex
SPLICE_SITE_USAGE	630	usage_UBERON:0001870 total RNA-seq	total RNA-seq	frontal cortex	embryonic	TISSUE	encode
SPLICE_SITE_USAGE	631	usage_UBERON:0001871 total RNA-seq	total RNA-seq	temporal lobe	embryonic	TISSUE	encode
SPLICE_SITE_USAGE	632	usage_UBERON:0001872 total RNA-seq	total RNA-seq	parietal lobe	embryonic	TISSUE	encode
SPLICE_SITE_USAGE	633	usage_UBERON:0001873 gtex Brain_Caudate_basal_ganglia polyA plus RNA-seq	polyA plus RNA-seq	caudate nucleus	adult	TISSUE	gtex
SPLICE_SITE_USAGE	634	usage_UBERON:0001874 gtex Brain_Putamen_basal_ganglia polyA plus RNA-seq	polyA plus RNA-seq	putamen	adult	TISSUE	gtex
SPLICE_SITE_USAGE	635	usage_UBERON:0001876 gtex Brain_Amygdala polyA plus RNA-seq	polyA plus RNA-seq	amygdala	adult	TISSUE	gtex
SPLICE_SITE_USAGE	636	usage_UBERON:0001882 gtex Brain_Nucleus_accumbens_basal_ganglia polyA plus RNA-seq	polyA plus RNA-seq	nucleus accumbens	adult	TISSUE	gtex
SPLICE_SITE_USAGE	637	usage_UBERON:0001894 total RNA-seq	total RNA-seq	diencephalon	embryonic	TISSUE	encode
SPLICE_SITE_USAGE	638	usage_UBERON:0001898 gtex Brain_Hypothalamus polyA plus RNA-seq	polyA plus RNA-seq	hypothalamus	adult	TISSUE	gtex
SPLICE_SITE_USAGE	639	usage_UBERON:0001954 gtex Brain_Hippocampus polyA plus RNA-seq	polyA plus RNA-seq	Ammon\'s horn	adult	TISSUE	gtex
SPLICE_SITE_USAGE	640	usage_UBERON:0001987 polyA plus RNA-seq	polyA plus RNA-seq	placenta	embryonic	TISSUE	encode
SPLICE_SITE_USAGE	641	usage_UBERON:0001987 total RNA-seq	total RNA-seq	placenta	embryonic	TISSUE	encode
SPLICE_SITE_USAGE	642	usage_UBERON:0002021 total RNA-seq	total RNA-seq	occipital lobe	embryonic	TISSUE	encode
SPLICE_SITE_USAGE	643	usage_UBERON:0002037 gtex Brain_Cerebellum polyA plus RNA-seq	polyA plus RNA-seq	cerebellum	adult	TISSUE	gtex
SPLICE_SITE_USAGE	644	usage_UBERON:0002037 polyA plus RNA-seq	polyA plus RNA-seq	cerebellum	embryonic	TISSUE	encode
SPLICE_SITE_USAGE	645	usage_UBERON:0002037 total RNA-seq	total RNA-seq	cerebellum	embryonic	TISSUE	encode
SPLICE_SITE_USAGE	646	usage_UBERON:0002038 gtex Brain_Substantia_nigra polyA plus RNA-seq	polyA plus RNA-seq	substantia nigra	adult	TISSUE	gtex
SPLICE_SITE_USAGE	647	usage_UBERON:0002046 gtex Thyroid polyA plus RNA-seq	polyA plus RNA-seq	thyroid gland	adult	TISSUE	gtex
SPLICE_SITE_USAGE	648	usage_UBERON:0002046 total RNA-seq	total RNA-seq	thyroid gland	adult	TISSUE	encode
SPLICE_SITE_USAGE	649	usage_UBERON:0002048 polyA plus RNA-seq	polyA plus RNA-seq	lung	adult	TISSUE	encode
SPLICE_SITE_USAGE	650	usage_UBERON:0002048 total RNA-seq	total RNA-seq	lung	embryonic	TISSUE	encode
SPLICE_SITE_USAGE	651	usage_UBERON:0002078 polyA plus RNA-seq	polyA plus RNA-seq	right cardiac atrium	adult	TISSUE	encode
SPLICE_SITE_USAGE	652	usage_UBERON:0002078 total RNA-seq	total RNA-seq	right cardiac atrium	adult	TISSUE	encode
SPLICE_SITE_USAGE	653	usage_UBERON:0002079 total RNA-seq	total RNA-seq	left cardiac atrium	adult	TISSUE	encode
SPLICE_SITE_USAGE	654	usage_UBERON:0002080 polyA plus RNA-seq	polyA plus RNA-seq	heart right ventricle	adult	TISSUE	encode
SPLICE_SITE_USAGE	655	usage_UBERON:0002080 total RNA-seq	total RNA-seq	heart right ventricle	adult	TISSUE	encode
SPLICE_SITE_USAGE	656	usage_UBERON:0002084 polyA plus RNA-seq	polyA plus RNA-seq	heart left ventricle	adult	TISSUE	encode
SPLICE_SITE_USAGE	657	usage_UBERON:0002084 total RNA-seq	total RNA-seq	heart left ventricle	adult	TISSUE	encode
SPLICE_SITE_USAGE	658	usage_UBERON:0002097 total RNA-seq	total RNA-seq	skin of body	embryonic	TISSUE	encode
SPLICE_SITE_USAGE	659	usage_UBERON:0002099 total RNA-seq	total RNA-seq	cardiac septum	adult	TISSUE	encode
SPLICE_SITE_USAGE	660	usage_UBERON:0002106 gtex Spleen polyA plus RNA-seq	polyA plus RNA-seq	spleen	adult	TISSUE	gtex
SPLICE_SITE_USAGE	661	usage_UBERON:0002106 polyA plus RNA-seq	polyA plus RNA-seq	spleen	adult	TISSUE	encode
SPLICE_SITE_USAGE	662	usage_UBERON:0002106 total RNA-seq	total RNA-seq	spleen	adult	TISSUE	encode
SPLICE_SITE_USAGE	663	usage_UBERON:0002107 polyA plus RNA-seq	polyA plus RNA-seq	liver	child	TISSUE	encode
SPLICE_SITE_USAGE	664	usage_UBERON:0002107 total RNA-seq	total RNA-seq	liver	embryonic	TISSUE	encode
SPLICE_SITE_USAGE	665	usage_UBERON:0002108 polyA plus RNA-seq	polyA plus RNA-seq	small intestine	adult	TISSUE	encode
SPLICE_SITE_USAGE	666	usage_UBERON:0002113 polyA plus RNA-seq	polyA plus RNA-seq	kidney	adult	TISSUE	encode
SPLICE_SITE_USAGE	667	usage_UBERON:0002113 total RNA-seq	total RNA-seq	kidney	adult	TISSUE	encode
SPLICE_SITE_USAGE	668	usage_UBERON:0002167 polyA plus RNA-seq	polyA plus RNA-seq	right lung	embryonic	TISSUE	encode
SPLICE_SITE_USAGE	669	usage_UBERON:0002168 polyA plus RNA-seq	polyA plus RNA-seq	left lung	embryonic	TISSUE	encode
SPLICE_SITE_USAGE	670	usage_UBERON:0002168 total RNA-seq	total RNA-seq	left lung	adult	TISSUE	encode
SPLICE_SITE_USAGE	671	usage_UBERON:0002170 total RNA-seq	total RNA-seq	upper lobe of right lung	adult	TISSUE	encode
SPLICE_SITE_USAGE	672	usage_UBERON:0002171 total RNA-seq	total RNA-seq	lower lobe of right lung	adult	TISSUE	encode
SPLICE_SITE_USAGE	673	usage_UBERON:0002190 gtex Adipose_Subcutaneous polyA plus RNA-seq	polyA plus RNA-seq	subcutaneous adipose tissue	adult	TISSUE	gtex
SPLICE_SITE_USAGE	674	usage_UBERON:0002190 total RNA-seq	total RNA-seq	subcutaneous adipose tissue	adult	TISSUE	encode
SPLICE_SITE_USAGE	675	usage_UBERON:0002240 polyA plus RNA-seq	polyA plus RNA-seq	spinal cord	embryonic	TISSUE	encode
SPLICE_SITE_USAGE	676	usage_UBERON:0002240 total RNA-seq	total RNA-seq	spinal cord	embryonic	TISSUE	encode
SPLICE_SITE_USAGE	677	usage_UBERON:0002245 gtex Brain_Cerebellar_Hemisphere polyA plus RNA-seq	polyA plus RNA-seq	cerebellar hemisphere	adult	TISSUE	gtex
SPLICE_SITE_USAGE	678	usage_UBERON:0002324 polyA plus RNA-seq	polyA plus RNA-seq	muscle of back	embryonic	TISSUE	encode
SPLICE_SITE_USAGE	679	usage_UBERON:0002331 total RNA-seq	total RNA-seq	umbilical cord	embryonic	TISSUE	encode
SPLICE_SITE_USAGE	680	usage_UBERON:0002367 gtex Prostate polyA plus RNA-seq	polyA plus RNA-seq	prostate gland	adult	TISSUE	gtex
SPLICE_SITE_USAGE	681	usage_UBERON:0002367 total RNA-seq	total RNA-seq	prostate gland	adult	TISSUE	encode
SPLICE_SITE_USAGE	682	usage_UBERON:0002369 gtex Adrenal_Gland polyA plus RNA-seq	polyA plus RNA-seq	adrenal gland	adult	TISSUE	gtex
SPLICE_SITE_USAGE	683	usage_UBERON:0002369 polyA plus RNA-seq	polyA plus RNA-seq	adrenal gland	adult	TISSUE	encode
SPLICE_SITE_USAGE	684	usage_UBERON:0002369 total RNA-seq	total RNA-seq	adrenal gland	adult	TISSUE	encode
SPLICE_SITE_USAGE	685	usage_UBERON:0002370 polyA plus RNA-seq	polyA plus RNA-seq	thymus	embryonic	TISSUE	encode
SPLICE_SITE_USAGE	686	usage_UBERON:0002469 total RNA-seq	total RNA-seq	esophagus mucosa	adult	TISSUE	encode
SPLICE_SITE_USAGE	687	usage_UBERON:0003124 polyA plus RNA-seq	polyA plus RNA-seq	chorion	embryonic	TISSUE	encode
SPLICE_SITE_USAGE	688	usage_UBERON:0003662 polyA plus RNA-seq	polyA plus RNA-seq	forelimb muscle	embryonic	TISSUE	encode
SPLICE_SITE_USAGE	689	usage_UBERON:0003663 polyA plus RNA-seq	polyA plus RNA-seq	hindlimb muscle	embryonic	TISSUE	encode
SPLICE_SITE_USAGE	690	usage_UBERON:0003889 gtex Fallopian_Tube polyA plus RNA-seq	polyA plus RNA-seq	fallopian tube	adult	TISSUE	gtex
SPLICE_SITE_USAGE	691	usage_UBERON:0004264 gtex Skin_Sun_Exposed_Lower_leg polyA plus RNA-seq	polyA plus RNA-seq	lower leg skin	adult	TISSUE	gtex
SPLICE_SITE_USAGE	692	usage_UBERON:0004264 total RNA-seq	total RNA-seq	lower leg skin	adult	TISSUE	encode
SPLICE_SITE_USAGE	693	usage_UBERON:0004538 polyA plus RNA-seq	polyA plus RNA-seq	left kidney	embryonic	TISSUE	encode
SPLICE_SITE_USAGE	694	usage_UBERON:0004550 gtex Esophagus_Gastroesophageal_Junction polyA plus RNA-seq	polyA plus RNA-seq	gastroesophageal sphincter	adult	TISSUE	gtex
SPLICE_SITE_USAGE	695	usage_UBERON:0004550 total RNA-seq	total RNA-seq	gastroesophageal sphincter	adult	TISSUE	encode
SPLICE_SITE_USAGE	696	usage_UBERON:0004648 gtex Esophagus_Muscularis polyA plus RNA-seq	polyA plus RNA-seq	esophagus muscularis mucosa	adult	TISSUE	gtex
SPLICE_SITE_USAGE	697	usage_UBERON:0004648 total RNA-seq	total RNA-seq	esophagus muscularis mucosa	adult	TISSUE	encode
SPLICE_SITE_USAGE	698	usage_UBERON:0004992 total RNA-seq	total RNA-seq	mucosa of descending colon	adult	TISSUE	encode
SPLICE_SITE_USAGE	699	usage_UBERON:0005033 total RNA-seq	total RNA-seq	mucosa of gallbladder	child	TISSUE	encode
SPLICE_SITE_USAGE	700	usage_UBERON:0005270 polyA plus RNA-seq	polyA plus RNA-seq	renal cortex interstitium	embryonic	TISSUE	encode
SPLICE_SITE_USAGE	701	usage_UBERON:0006330 gtex Minor_Salivary_Gland polyA plus RNA-seq	polyA plus RNA-seq	anterior lingual gland	adult	TISSUE	gtex
SPLICE_SITE_USAGE	702	usage_UBERON:0006469 gtex Brain_Spinal_cord_cervical_c-1 polyA plus RNA-seq	polyA plus RNA-seq	C1 segment of cervical spinal cord	adult	TISSUE	gtex
SPLICE_SITE_USAGE	703	usage_UBERON:0006566 gtex Heart_Left_Ventricle polyA plus RNA-seq	polyA plus RNA-seq	left ventricle myocardium	adult	TISSUE	gtex
SPLICE_SITE_USAGE	704	usage_UBERON:0006631 gtex Heart_Atrial_Appendage polyA plus RNA-seq	polyA plus RNA-seq	right atrium auricular region	adult	TISSUE	gtex
SPLICE_SITE_USAGE	705	usage_UBERON:0006631 total RNA-seq	total RNA-seq	right atrium auricular region	adult	TISSUE	encode
SPLICE_SITE_USAGE	706	usage_UBERON:0006920 gtex Esophagus_Mucosa polyA plus RNA-seq	polyA plus RNA-seq	esophagus squamous epithelium	adult	TISSUE	gtex
SPLICE_SITE_USAGE	707	usage_UBERON:0006920 total RNA-seq	total RNA-seq	esophagus squamous epithelium	adult	TISSUE	encode
SPLICE_SITE_USAGE	708	usage_UBERON:0007106 polyA plus RNA-seq	polyA plus RNA-seq	chorionic villus	embryonic	TISSUE	encode
SPLICE_SITE_USAGE	709	usage_UBERON:0007610 gtex Artery_Tibial polyA plus RNA-seq	polyA plus RNA-seq	tibial artery	adult	TISSUE	gtex
SPLICE_SITE_USAGE	710	usage_UBERON:0008367 gtex Breast_Mammary_Tissue polyA plus RNA-seq	polyA plus RNA-seq	breast epithelium	adult	TISSUE	gtex
SPLICE_SITE_USAGE	711	usage_UBERON:0008367 total RNA-seq	total RNA-seq	breast epithelium	adult	TISSUE	encode
SPLICE_SITE_USAGE	712	usage_UBERON:0008450 polyA plus RNA-seq	polyA plus RNA-seq	psoas muscle	adult	TISSUE	encode
SPLICE_SITE_USAGE	713	usage_UBERON:0008450 total RNA-seq	total RNA-seq	psoas muscle	adult	TISSUE	encode
SPLICE_SITE_USAGE	714	usage_UBERON:0008952 gtex Lung polyA plus RNA-seq	polyA plus RNA-seq	upper lobe of left lung	adult	TISSUE	gtex
SPLICE_SITE_USAGE	715	usage_UBERON:0008952 total RNA-seq	total RNA-seq	upper lobe of left lung	adult	TISSUE	encode
SPLICE_SITE_USAGE	716	usage_UBERON:0008953 total RNA-seq	total RNA-seq	lower lobe of left lung	adult	TISSUE	encode
SPLICE_SITE_USAGE	717	usage_UBERON:0008971 total RNA-seq	total RNA-seq	left colon	adult	TISSUE	encode
SPLICE_SITE_USAGE	718	usage_UBERON:0009834 gtex Brain_Frontal_Cortex_BA9 polyA plus RNA-seq	polyA plus RNA-seq	dorsolateral prefrontal cortex	adult	TISSUE	gtex
SPLICE_SITE_USAGE	719	usage_UBERON:0009834 total RNA-seq	total RNA-seq	dorsolateral prefrontal cortex	adult	TISSUE	encode
SPLICE_SITE_USAGE	720	usage_UBERON:0009835 gtex Brain_Anterior_cingulate_cortex_BA24 polyA plus RNA-seq	polyA plus RNA-seq	anterior cingulate cortex	adult	TISSUE	gtex
SPLICE_SITE_USAGE	721	usage_UBERON:0010414 gtex Adipose_Visceral_Omentum polyA plus RNA-seq	polyA plus RNA-seq	omental fat pad	adult	TISSUE	gtex
SPLICE_SITE_USAGE	722	usage_UBERON:0010414 total RNA-seq	total RNA-seq	omental fat pad	adult	TISSUE	encode
SPLICE_SITE_USAGE	723	usage_UBERON:0011907 gtex Muscle_Skeletal polyA plus RNA-seq	polyA plus RNA-seq	gastrocnemius medialis	adult	TISSUE	gtex
SPLICE_SITE_USAGE	724	usage_UBERON:0011907 total RNA-seq	total RNA-seq	gastrocnemius medialis	adult	TISSUE	encode
SPLICE_SITE_USAGE	725	usage_UBERON:0012249 gtex Cervix_Ectocervix polyA plus RNA-seq	polyA plus RNA-seq	ectocervix	adult	TISSUE	gtex
SPLICE_SITE_USAGE	726	usage_UBERON:0013756 gtex Whole_Blood polyA plus RNA-seq	polyA plus RNA-seq	venous blood	adult	TISSUE	gtex
SPLICE_SITE_USAGE	727	usage_UBERON:0015143 total RNA-seq	total RNA-seq	mesenteric fat pad	adult	TISSUE	encode
SPLICE_SITE_USAGE	728	usage_UBERON:0018115 polyA plus RNA-seq	polyA plus RNA-seq	left renal pelvis	embryonic	TISSUE	encode
SPLICE_SITE_USAGE	729	usage_UBERON:0018116 polyA plus RNA-seq	polyA plus RNA-seq	right renal pelvis	embryonic	TISSUE	encode
SPLICE_SITE_USAGE	730	usage_UBERON:0018117 polyA plus RNA-seq	polyA plus RNA-seq	left renal cortex interstitium	embryonic	TISSUE	encode
SPLICE_SITE_USAGE	731	usage_UBERON:0018118 polyA plus RNA-seq	polyA plus RNA-seq	right renal cortex interstitium	embryonic	TISSUE	encode
SPLICE_SITE_USAGE	732	usage_UBERON:0036149 gtex Skin_Not_Sun_Exposed_Suprapubic polyA plus RNA-seq	polyA plus RNA-seq	suprapubic skin	adult	TISSUE	gtex
SPLICE_SITE_USAGE	733	usage_UBERON:0036149 total RNA-seq	total RNA-seq	suprapubic skin	adult	TISSUE	encode
SPLICE_JUNCTIONS	0	junction_CL:0000047 polyA plus RNA-seq	polyA plus RNA-seq	neuronal stem cell	embryonic	IN_VITRO_DIFFERENTIATED_CELLS	encode
SPLICE_JUNCTIONS	1	junction_CL:0000062 total RNA-seq	total RNA-seq	osteoblast	adult	PRIMARY_CELL	encode
SPLICE_JUNCTIONS	2	junction_CL:0000084 polyA plus RNA-seq	polyA plus RNA-seq	T-cell	adult	PRIMARY_CELL	encode
SPLICE_JUNCTIONS	3	junction_CL:0000084 total RNA-seq	total RNA-seq	T-cell	adult	PRIMARY_CELL	encode
SPLICE_JUNCTIONS	4	junction_CL:0000100 total RNA-seq	total RNA-seq	motor neuron	adult	IN_VITRO_DIFFERENTIATED_CELLS	encode
SPLICE_JUNCTIONS	5	junction_CL:0000115 total RNA-seq	total RNA-seq	endothelial cell	adult	IN_VITRO_DIFFERENTIATED_CELLS	encode
SPLICE_JUNCTIONS	6	junction_CL:0000121 polyA plus RNA-seq	polyA plus RNA-seq	Purkinje cell	child	PRIMARY_CELL	encode
SPLICE_JUNCTIONS	7	junction_CL:0000127 total RNA-seq	total RNA-seq	astrocyte	unknown	PRIMARY_CELL	encode
SPLICE_JUNCTIONS	8	junction_CL:0000134 polyA plus RNA-seq	polyA plus RNA-seq	mesenchymal stem cell	embryonic	IN_VITRO_DIFFERENTIATED_CELLS	encode
SPLICE_JUNCTIONS	9	junction_CL:0000137 total RNA-seq	total RNA-seq	osteocyte	embryonic	IN_VITRO_DIFFERENTIATED_CELLS	encode
SPLICE_JUNCTIONS	10	junction_CL:0000138 total RNA-seq	total RNA-seq	chondrocyte	embryonic	IN_VITRO_DIFFERENTIATED_CELLS	encode
SPLICE_JUNCTIONS	11	junction_CL:0000169 total RNA-seq	total RNA-seq	type B pancreatic cell	embryonic	IN_VITRO_DIFFERENTIATED_CELLS	encode
SPLICE_JUNCTIONS	12	junction_CL:0000182 polyA plus RNA-seq	polyA plus RNA-seq	hepatocyte	embryonic	IN_VITRO_DIFFERENTIATED_CELLS	encode
SPLICE_JUNCTIONS	13	junction_CL:0000182 total RNA-seq	total RNA-seq	hepatocyte	embryonic	IN_VITRO_DIFFERENTIATED_CELLS	encode
SPLICE_JUNCTIONS	14	junction_CL:0000187 polyA plus RNA-seq	polyA plus RNA-seq	myocyte	adult	IN_VITRO_DIFFERENTIATED_CELLS	encode
SPLICE_JUNCTIONS	15	junction_CL:0000187 total RNA-seq	total RNA-seq	myocyte	adult	IN_VITRO_DIFFERENTIATED_CELLS	encode
SPLICE_JUNCTIONS	16	junction_CL:0000192 polyA plus RNA-seq	polyA plus RNA-seq	smooth muscle cell	embryonic	IN_VITRO_DIFFERENTIATED_CELLS	encode
SPLICE_JUNCTIONS	17	junction_CL:0000192 total RNA-seq	total RNA-seq	smooth muscle cell	embryonic	IN_VITRO_DIFFERENTIATED_CELLS	encode
SPLICE_JUNCTIONS	18	junction_CL:0000221 polyA plus RNA-seq	polyA plus RNA-seq	ectodermal cell	embryonic	IN_VITRO_DIFFERENTIATED_CELLS	encode
SPLICE_JUNCTIONS	19	junction_CL:0000222 polyA plus RNA-seq	polyA plus RNA-seq	mesodermal cell	embryonic	IN_VITRO_DIFFERENTIATED_CELLS	encode
SPLICE_JUNCTIONS	20	junction_CL:0000223 polyA plus RNA-seq	polyA plus RNA-seq	endodermal cell	embryonic	IN_VITRO_DIFFERENTIATED_CELLS	encode
SPLICE_JUNCTIONS	21	junction_CL:0000223 total RNA-seq	total RNA-seq	endodermal cell	embryonic	IN_VITRO_DIFFERENTIATED_CELLS	encode
SPLICE_JUNCTIONS	22	junction_CL:0000236 polyA plus RNA-seq	polyA plus RNA-seq	B cell	adult	PRIMARY_CELL	encode
SPLICE_JUNCTIONS	23	junction_CL:0000236 total RNA-seq	total RNA-seq	B cell	adult	PRIMARY_CELL	encode
SPLICE_JUNCTIONS	24	junction_CL:0000307 total RNA-seq	total RNA-seq	tracheal epithelial cell	adult	PRIMARY_CELL	encode
SPLICE_JUNCTIONS	25	junction_CL:0000312 polyA plus RNA-seq	polyA plus RNA-seq	keratinocyte	unknown	PRIMARY_CELL	encode
SPLICE_JUNCTIONS	26	junction_CL:0000346 total RNA-seq	total RNA-seq	hair follicle dermal papilla cell	adult	PRIMARY_CELL	encode
SPLICE_JUNCTIONS	27	junction_CL:0000351 polyA plus RNA-seq	polyA plus RNA-seq	trophoblast cell	embryonic	IN_VITRO_DIFFERENTIATED_CELLS	encode
SPLICE_JUNCTIONS	28	junction_CL:0000515 polyA plus RNA-seq	polyA plus RNA-seq	skeletal muscle myoblast	unknown	PRIMARY_CELL	encode
SPLICE_JUNCTIONS	29	junction_CL:0000515 total RNA-seq	total RNA-seq	skeletal muscle myoblast	unknown	PRIMARY_CELL	encode
SPLICE_JUNCTIONS	30	junction_CL:0000594 total RNA-seq	total RNA-seq	skeletal muscle satellite cell	adult	PRIMARY_CELL	encode
SPLICE_JUNCTIONS	31	junction_CL:0000623 polyA plus RNA-seq	polyA plus RNA-seq	natural killer cell	adult	PRIMARY_CELL	encode
SPLICE_JUNCTIONS	32	junction_CL:0000623 total RNA-seq	total RNA-seq	natural killer cell	adult	PRIMARY_CELL	encode
SPLICE_JUNCTIONS	33	junction_CL:0000624 polyA plus RNA-seq	polyA plus RNA-seq	CD4-positive, alpha-beta T cell	adult	PRIMARY_CELL	encode
SPLICE_JUNCTIONS	34	junction_CL:0000624 total RNA-seq	total RNA-seq	CD4-positive, alpha-beta T cell	adult	PRIMARY_CELL	encode
SPLICE_JUNCTIONS	35	junction_CL:0000625 polyA plus RNA-seq	polyA plus RNA-seq	CD8-positive, alpha-beta T cell	adult	PRIMARY_CELL	encode
SPLICE_JUNCTIONS	36	junction_CL:0000625 total RNA-seq	total RNA-seq	CD8-positive, alpha-beta T cell	adult	PRIMARY_CELL	encode
SPLICE_JUNCTIONS	37	junction_CL:0000650 total RNA-seq	total RNA-seq	mesangial cell	unknown,embryonic	PRIMARY_CELL	encode
SPLICE_JUNCTIONS	38	junction_CL:0000679 total RNA-seq	total RNA-seq	glutamatergic neuron	adult	IN_VITRO_DIFFERENTIATED_CELLS	encode
SPLICE_JUNCTIONS	39	junction_CL:0000746 polyA plus RNA-seq	polyA plus RNA-seq	cardiac muscle cell	embryonic	IN_VITRO_DIFFERENTIATED_CELLS	encode
SPLICE_JUNCTIONS	40	junction_CL:0000746 total RNA-seq	total RNA-seq	cardiac muscle cell	embryonic	IN_VITRO_DIFFERENTIATED_CELLS	encode
SPLICE_JUNCTIONS	41	junction_CL:0000788 polyA plus RNA-seq	polyA plus RNA-seq	naive B cell	unknown	PRIMARY_CELL	encode
SPLICE_JUNCTIONS	42	junction_CL:0000792 polyA plus RNA-seq	polyA plus RNA-seq	CD4-positive, CD25-positive, alpha-beta regulatory T cell	unknown	PRIMARY_CELL	encode
SPLICE_JUNCTIONS	43	junction_CL:0000823 polyA plus RNA-seq	polyA plus RNA-seq	immature natural killer cell	unknown	PRIMARY_CELL	encode
SPLICE_JUNCTIONS	44	junction_CL:0000837 total RNA-seq	total RNA-seq	hematopoietic multipotent progenitor cell	unknown	IN_VITRO_DIFFERENTIATED_CELLS	encode
SPLICE_JUNCTIONS	45	junction_CL:0000842 total RNA-seq	total RNA-seq	mononuclear cell	adult	PRIMARY_CELL	encode
SPLICE_JUNCTIONS	46	junction_CL:0000895 polyA plus RNA-seq	polyA plus RNA-seq	naive thymus-derived CD4-positive, alpha-beta T cell	unknown	PRIMARY_CELL	encode
SPLICE_JUNCTIONS	47	junction_CL:0000895 total RNA-seq	total RNA-seq	naive thymus-derived CD4-positive, alpha-beta T cell	adult	PRIMARY_CELL	encode
SPLICE_JUNCTIONS	48	junction_CL:0000897 polyA plus RNA-seq	polyA plus RNA-seq	CD4-positive, alpha-beta memory T cell	unknown	PRIMARY_CELL	encode
SPLICE_JUNCTIONS	49	junction_CL:0000897 total RNA-seq	total RNA-seq	CD4-positive, alpha-beta memory T cell	adult	PRIMARY_CELL	encode
SPLICE_JUNCTIONS	50	junction_CL:0000900 polyA plus RNA-seq	polyA plus RNA-seq	naive thymus-derived CD8-positive, alpha-beta T cell	unknown	PRIMARY_CELL	encode
SPLICE_JUNCTIONS	51	junction_CL:0000900 total RNA-seq	total RNA-seq	naive thymus-derived CD8-positive, alpha-beta T cell	adult	PRIMARY_CELL	encode
SPLICE_JUNCTIONS	52	junction_CL:0000909 polyA plus RNA-seq	polyA plus RNA-seq	CD8-positive, alpha-beta memory T cell	unknown	PRIMARY_CELL	encode
SPLICE_JUNCTIONS	53	junction_CL:0000909 total RNA-seq	total RNA-seq	CD8-positive, alpha-beta memory T cell	adult	PRIMARY_CELL	encode
SPLICE_JUNCTIONS	54	junction_CL:0001053 polyA plus RNA-seq	polyA plus RNA-seq	IgD-negative memory B cell	unknown	PRIMARY_CELL	encode
SPLICE_JUNCTIONS	55	junction_CL:0001054 polyA plus RNA-seq	polyA plus RNA-seq	CD14-positive monocyte	adult	PRIMARY_CELL	encode
SPLICE_JUNCTIONS	56	junction_CL:0001059 polyA plus RNA-seq	polyA plus RNA-seq	common myeloid progenitor, CD34-positive	adult	PRIMARY_CELL	encode
SPLICE_JUNCTIONS	57	junction_CL:0002098 total RNA-seq	total RNA-seq	regular cardiac myocyte	adult	PRIMARY_CELL	encode
SPLICE_JUNCTIONS	58	junction_CL:0002188 total RNA-seq	total RNA-seq	glomerular endothelial cell	embryonic	PRIMARY_CELL	encode
SPLICE_JUNCTIONS	59	junction_CL:0002306 total RNA-seq	total RNA-seq	epithelial cell of proximal tubule	unknown	PRIMARY_CELL	encode
SPLICE_JUNCTIONS	60	junction_CL:0002319 polyA plus RNA-seq	polyA plus RNA-seq	neural cell	embryonic	IN_VITRO_DIFFERENTIATED_CELLS	encode
SPLICE_JUNCTIONS	61	junction_CL:0002324 polyA plus RNA-seq	polyA plus RNA-seq	myoepithelial cell of mammary gland	adult	PRIMARY_CELL	encode
SPLICE_JUNCTIONS	62	junction_CL:0002326 polyA plus RNA-seq	polyA plus RNA-seq	luminal epithelial cell of mammary gland	adult	PRIMARY_CELL	encode
SPLICE_JUNCTIONS	63	junction_CL:0002327 polyA plus RNA-seq	polyA plus RNA-seq	mammary epithelial cell	adult	PRIMARY_CELL	encode
SPLICE_JUNCTIONS	64	junction_CL:0002327 total RNA-seq	total RNA-seq	mammary epithelial cell	adult	PRIMARY_CELL	encode
SPLICE_JUNCTIONS	65	junction_CL:0002328 total RNA-seq	total RNA-seq	bronchial epithelial cell	adult	PRIMARY_CELL	encode
SPLICE_JUNCTIONS	66	junction_CL:0002351 total RNA-seq	total RNA-seq	progenitor cell of endocrine pancreas	embryonic	IN_VITRO_DIFFERENTIATED_CELLS	encode
SPLICE_JUNCTIONS	67	junction_CL:0002366 total RNA-seq	total RNA-seq	myometrial cell	adult	PRIMARY_CELL	encode
SPLICE_JUNCTIONS	68	junction_CL:0002368 total RNA-seq	total RNA-seq	airway epithelial cell	unknown	PRIMARY_CELL	encode
SPLICE_JUNCTIONS	69	junction_CL:0002372 total RNA-seq	total RNA-seq	myotube	unknown	IN_VITRO_DIFFERENTIATED_CELLS	encode
SPLICE_JUNCTIONS	70	junction_CL:0002451 polyA plus RNA-seq	polyA plus RNA-seq	mammary stem cell	adult	PRIMARY_CELL	encode
SPLICE_JUNCTIONS	71	junction_CL:0002518 total RNA-seq	total RNA-seq	kidney epithelial cell	embryonic,newborn	PRIMARY_CELL	encode
SPLICE_JUNCTIONS	72	junction_CL:0002539 total RNA-seq	total RNA-seq	aortic smooth muscle cell	adult	PRIMARY_CELL	encode
SPLICE_JUNCTIONS	73	junction_CL:0002540 total RNA-seq	total RNA-seq	mesenchymal stem cell of the bone marrow	adult	PRIMARY_CELL	encode
SPLICE_JUNCTIONS	74	junction_CL:0002543 total RNA-seq	total RNA-seq	vein endothelial cell	adult	PRIMARY_CELL	encode
SPLICE_JUNCTIONS	75	junction_CL:0002545 total RNA-seq	total RNA-seq	thoracic aorta endothelial cell	adult	PRIMARY_CELL	encode
SPLICE_JUNCTIONS	76	junction_CL:0002547 total RNA-seq	total RNA-seq	fibroblast of the aortic adventitia	adult	PRIMARY_CELL	encode
SPLICE_JUNCTIONS	77	junction_CL:0002551 total RNA-seq	total RNA-seq	fibroblast of dermis	adult	PRIMARY_CELL	encode
SPLICE_JUNCTIONS	78	junction_CL:0002553 polyA plus RNA-seq	polyA plus RNA-seq	fibroblast of lung	adult	PRIMARY_CELL	encode
SPLICE_JUNCTIONS	79	junction_CL:0002553 total RNA-seq	total RNA-seq	fibroblast of lung	adult	PRIMARY_CELL	encode
SPLICE_JUNCTIONS	80	junction_CL:0002558 total RNA-seq	total RNA-seq	fibroblast of villous mesenchyme	newborn	PRIMARY_CELL	encode
SPLICE_JUNCTIONS	81	junction_CL:0002568 total RNA-seq	total RNA-seq	mesenchymal stem cell of Wharton\'s jelly	newborn	PRIMARY_CELL	encode
SPLICE_JUNCTIONS	82	junction_CL:0002570 total RNA-seq	total RNA-seq	mesenchymal stem cell of adipose	adult	PRIMARY_CELL	encode
SPLICE_JUNCTIONS	83	junction_CL:0002577 total RNA-seq	total RNA-seq	placental epithelial cell	newborn	PRIMARY_CELL	encode
SPLICE_JUNCTIONS	84	junction_CL:0002583 total RNA-seq	total RNA-seq	subcutaneous preadipocyte	adult	PRIMARY_CELL	encode
SPLICE_JUNCTIONS	85	junction_CL:0002584 total RNA-seq	total RNA-seq	renal cortical epithelial cell	adult	PRIMARY_CELL	encode
SPLICE_JUNCTIONS	86	junction_CL:0002591 total RNA-seq	total RNA-seq	smooth muscle cell of the pulmonary artery	adult	PRIMARY_CELL	encode
SPLICE_JUNCTIONS	87	junction_CL:0002592 total RNA-seq	total RNA-seq	smooth muscle cell of the coronary artery	adult	PRIMARY_CELL	encode
SPLICE_JUNCTIONS	88	junction_CL:0002594 total RNA-seq	total RNA-seq	smooth muscle cell of the umbilical artery	newborn	PRIMARY_CELL	encode
SPLICE_JUNCTIONS	89	junction_CL:0002597 total RNA-seq	total RNA-seq	smooth muscle cell of bladder	adult	PRIMARY_CELL	encode
SPLICE_JUNCTIONS	90	junction_CL:0002598 total RNA-seq	total RNA-seq	bronchial smooth muscle cell	adult	PRIMARY_CELL	encode
SPLICE_JUNCTIONS	91	junction_CL:0002600 total RNA-seq	total RNA-seq	smooth muscle cell of trachea	adult	PRIMARY_CELL	encode
SPLICE_JUNCTIONS	92	junction_CL:0002601 total RNA-seq	total RNA-seq	uterine smooth muscle cell	adult	PRIMARY_CELL	encode
SPLICE_JUNCTIONS	93	junction_CL:0002618 polyA plus RNA-seq	polyA plus RNA-seq	endothelial cell of umbilical vein	newborn	PRIMARY_CELL	encode
SPLICE_JUNCTIONS	94	junction_CL:0002618 total RNA-seq	total RNA-seq	endothelial cell of umbilical vein	newborn	PRIMARY_CELL	encode
SPLICE_JUNCTIONS	95	junction_CL:0010002 total RNA-seq	total RNA-seq	epithelial cell of umbilical artery	newborn	PRIMARY_CELL	encode
SPLICE_JUNCTIONS	96	junction_CL:0010003 total RNA-seq	total RNA-seq	epithelial cell of alveolus of lung	unknown,embryonic	PRIMARY_CELL	encode
SPLICE_JUNCTIONS	97	junction_CL:0011012 total RNA-seq	total RNA-seq	neural crest cell	embryonic	IN_VITRO_DIFFERENTIATED_CELLS	encode
SPLICE_JUNCTIONS	98	junction_CL:0011019 total RNA-seq	total RNA-seq	mesothelial cell of epicardium	embryonic	IN_VITRO_DIFFERENTIATED_CELLS	encode
SPLICE_JUNCTIONS	99	junction_CL:0011020 total RNA-seq	total RNA-seq	neural progenitor cell	embryonic	IN_VITRO_DIFFERENTIATED_CELLS	encode
SPLICE_JUNCTIONS	100	junction_CL:0011022 polyA plus RNA-seq	polyA plus RNA-seq	fibroblast of skin of back	embryonic	PRIMARY_CELL	encode
SPLICE_JUNCTIONS	101	junction_CL:1000458 total RNA-seq	total RNA-seq	melanocyte of skin	adult	PRIMARY_CELL	encode
SPLICE_JUNCTIONS	102	junction_CL:1001568 total RNA-seq	total RNA-seq	pulmonary artery endothelial cell	adult	PRIMARY_CELL	encode
SPLICE_JUNCTIONS	103	junction_CL:1001606 polyA plus RNA-seq	polyA plus RNA-seq	foreskin keratinocyte	newborn	PRIMARY_CELL	encode
SPLICE_JUNCTIONS	104	junction_CL:1001606 total RNA-seq	total RNA-seq	foreskin keratinocyte	newborn	PRIMARY_CELL	encode
SPLICE_JUNCTIONS	105	junction_CL:1001608 polyA plus RNA-seq	polyA plus RNA-seq	foreskin fibroblast	newborn	PRIMARY_CELL	encode
SPLICE_JUNCTIONS	106	junction_CL:2000001 polyA plus RNA-seq	polyA plus RNA-seq	peripheral blood mononuclear cell	adult	PRIMARY_CELL	encode
SPLICE_JUNCTIONS	107	junction_CL:2000007 total RNA-seq	total RNA-seq	articular chondrocyte of knee joint	adult	PRIMARY_CELL	encode
SPLICE_JUNCTIONS	108	junction_CL:2000010 total RNA-seq	total RNA-seq	dermis blood vessel endothelial cell	child	PRIMARY_CELL	encode
SPLICE_JUNCTIONS	109	junction_CL:2000011 total RNA-seq	total RNA-seq	dermis lymphatic vessel endothelial cell	child,adult	PRIMARY_CELL	encode
SPLICE_JUNCTIONS	110	junction_CL:2000013 polyA plus RNA-seq	polyA plus RNA-seq	fibroblast of skin of abdomen	embryonic	PRIMARY_CELL	encode
SPLICE_JUNCTIONS	111	junction_CL:2000016 total RNA-seq	total RNA-seq	lung microvascular endothelial cell	adult	PRIMARY_CELL	encode
SPLICE_JUNCTIONS	112	junction_CL:2000018 total RNA-seq	total RNA-seq	endothelial cell of coronary artery	adult	PRIMARY_CELL	encode
SPLICE_JUNCTIONS	113	junction_CL:2000040 total RNA-seq	total RNA-seq	bladder microvascular endothelial cell	adult	PRIMARY_CELL	encode
SPLICE_JUNCTIONS	114	junction_CL:2000041 total RNA-seq	total RNA-seq	dermis microvascular lymphatic vessel endothelial cell	adult	PRIMARY_CELL	encode
SPLICE_JUNCTIONS	115	junction_CL:2000045 polyA plus RNA-seq	polyA plus RNA-seq	foreskin melanocyte	newborn	PRIMARY_CELL	encode
SPLICE_JUNCTIONS	116	junction_CL:2000066 total RNA-seq	total RNA-seq	cardiac ventricle fibroblast	adult,unknown	PRIMARY_CELL	encode
SPLICE_JUNCTIONS	117	junction_CL:2000067 total RNA-seq	total RNA-seq	cardiac atrium fibroblast	child	PRIMARY_CELL	encode
SPLICE_JUNCTIONS	118	junction_CL:2000068 total RNA-seq	total RNA-seq	pericardium fibroblast	embryonic,unknown	PRIMARY_CELL	encode
SPLICE_JUNCTIONS	119	junction_CL:2000071 total RNA-seq	total RNA-seq	mammary microvascular endothelial cell	adult	PRIMARY_CELL	encode
SPLICE_JUNCTIONS	120	junction_CL:2000078 total RNA-seq	total RNA-seq	placental pericyte	newborn	PRIMARY_CELL	encode
SPLICE_JUNCTIONS	121	junction_CL:2000092 total RNA-seq	total RNA-seq	hair follicular keratinocyte	adult	PRIMARY_CELL	encode
SPLICE_JUNCTIONS	122	junction_CL:2000093 total RNA-seq	total RNA-seq	bronchus fibroblast of lung	unknown	PRIMARY_CELL	encode
SPLICE_JUNCTIONS	123	junction_CL:2000094 total RNA-seq	total RNA-seq	nasal cavity respiratory epithelium epithelial cell of viscerocranial mucosa	adult	PRIMARY_CELL	encode
SPLICE_JUNCTIONS	124	junction_CLO:0007045 polyA plus RNA-seq	polyA plus RNA-seq	Jurkat, Clone E6-1	child	CELL_LINE	encode
SPLICE_JUNCTIONS	125	junction_EFO:0000572 gtex Cells_EBV-transformed_lymphocytes polyA plus RNA-seq	polyA plus RNA-seq	lymphoblast	adult	TISSUE	gtex
SPLICE_JUNCTIONS	126	junction_EFO:0001086 polyA plus RNA-seq	polyA plus RNA-seq	A549	adult	CELL_LINE	encode
SPLICE_JUNCTIONS	127	junction_EFO:0001099 total RNA-seq	total RNA-seq	Caco-2	adult	CELL_LINE	encode
SPLICE_JUNCTIONS	128	junction_EFO:0001187 polyA plus RNA-seq	polyA plus RNA-seq	HepG2	child	CELL_LINE	encode
SPLICE_JUNCTIONS	129	junction_EFO:0001187 total RNA-seq	total RNA-seq	HepG2	child	CELL_LINE	encode
SPLICE_JUNCTIONS	130	junction_EFO:0001193 total RNA-seq	total RNA-seq	HT-29	adult	CELL_LINE	encode
SPLICE_JUNCTIONS	131	junction_EFO:0001196 polyA plus RNA-seq	polyA plus RNA-seq	IMR-90	embryonic	CELL_LINE	encode
SPLICE_JUNCTIONS	132	junction_EFO:0001196 total RNA-seq	total RNA-seq	IMR-90	embryonic	CELL_LINE	encode
SPLICE_JUNCTIONS	133	junction_EFO:0001200 total RNA-seq	total RNA-seq	MCF 10A	adult	CELL_LINE	encode
SPLICE_JUNCTIONS	134	junction_EFO:0001203 polyA plus RNA-seq	polyA plus RNA-seq	MCF-7	adult	CELL_LINE	encode
SPLICE_JUNCTIONS	135	junction_EFO:0001203 total RNA-seq	total RNA-seq	MCF-7	adult	CELL_LINE	encode
SPLICE_JUNCTIONS	136	junction_EFO:0002009 gtex Cells_Cultured_fibroblasts polyA plus RNA-seq	polyA plus RNA-seq	fibroblast derived cell line	adult	TISSUE	gtex
SPLICE_JUNCTIONS	137	junction_EFO:0002059 polyA plus RNA-seq	polyA plus RNA-seq	HT1080	adult	CELL_LINE	encode
SPLICE_JUNCTIONS	138	junction_EFO:0002059 total RNA-seq	total RNA-seq	HT1080	adult	CELL_LINE	encode
SPLICE_JUNCTIONS	139	junction_EFO:0002067 polyA plus RNA-seq	polyA plus RNA-seq	K562	adult	CELL_LINE	encode
SPLICE_JUNCTIONS	140	junction_EFO:0002067 total RNA-seq	total RNA-seq	K562	adult	CELL_LINE	encode
SPLICE_JUNCTIONS	141	junction_EFO:0002074 total RNA-seq	total RNA-seq	PC-3	adult	CELL_LINE	encode
SPLICE_JUNCTIONS	142	junction_EFO:0002101 total RNA-seq	total RNA-seq	A172	adult	CELL_LINE	encode
SPLICE_JUNCTIONS	143	junction_EFO:0002103 total RNA-seq	total RNA-seq	A375	adult	CELL_LINE	encode
SPLICE_JUNCTIONS	144	junction_EFO:0002106 total RNA-seq	total RNA-seq	A673	child	CELL_LINE	encode
SPLICE_JUNCTIONS	145	junction_EFO:0002150 total RNA-seq	total RNA-seq	Caki2	adult	CELL_LINE	encode
SPLICE_JUNCTIONS	146	junction_EFO:0002179 total RNA-seq	total RNA-seq	G401	child	CELL_LINE	encode
SPLICE_JUNCTIONS	147	junction_EFO:0002184 total RNA-seq	total RNA-seq	H4	adult	CELL_LINE	encode
SPLICE_JUNCTIONS	148	junction_EFO:0002234 total RNA-seq	total RNA-seq	MG63	child	CELL_LINE	encode
SPLICE_JUNCTIONS	149	junction_EFO:0002330 total RNA-seq	total RNA-seq	SJSA1	adult	CELL_LINE	encode
SPLICE_JUNCTIONS	150	junction_EFO:0002713 polyA plus RNA-seq	polyA plus RNA-seq	Panc1	adult	CELL_LINE	encode
SPLICE_JUNCTIONS	151	junction_EFO:0002713 total RNA-seq	total RNA-seq	Panc1	adult	CELL_LINE	encode
SPLICE_JUNCTIONS	152	junction_EFO:0002779 polyA plus RNA-seq	polyA plus RNA-seq	BJ	newborn	CELL_LINE	encode
SPLICE_JUNCTIONS	153	junction_EFO:0002784 polyA plus RNA-seq	polyA plus RNA-seq	GM12878	adult	CELL_LINE	encode
SPLICE_JUNCTIONS	154	junction_EFO:0002784 total RNA-seq	total RNA-seq	GM12878	adult	CELL_LINE	encode
SPLICE_JUNCTIONS	155	junction_EFO:0002785 polyA plus RNA-seq	polyA plus RNA-seq	GM12891	unknown	CELL_LINE	encode
SPLICE_JUNCTIONS	156	junction_EFO:0002786 polyA plus RNA-seq	polyA plus RNA-seq	GM12892	unknown	CELL_LINE	encode
SPLICE_JUNCTIONS	157	junction_EFO:0002791 polyA plus RNA-seq	polyA plus RNA-seq	HeLa-S3	adult	CELL_LINE	encode
SPLICE_JUNCTIONS	158	junction_EFO:0002819 total RNA-seq	total RNA-seq	Calu3	adult	CELL_LINE	encode
SPLICE_JUNCTIONS	159	junction_EFO:0002824 polyA plus RNA-seq	polyA plus RNA-seq	HCT116	adult	CELL_LINE	encode
SPLICE_JUNCTIONS	160	junction_EFO:0002824 total RNA-seq	total RNA-seq	HCT116	adult	CELL_LINE	encode
SPLICE_JUNCTIONS	161	junction_EFO:0002847 total RNA-seq	total RNA-seq	PC-9	unknown	CELL_LINE	encode
SPLICE_JUNCTIONS	162	junction_EFO:0003042 polyA plus RNA-seq	polyA plus RNA-seq	H1	embryonic	CELL_LINE	encode
SPLICE_JUNCTIONS	163	junction_EFO:0003042 total RNA-seq	total RNA-seq	H1	embryonic	CELL_LINE	encode
SPLICE_JUNCTIONS	164	junction_EFO:0003044 polyA plus RNA-seq	polyA plus RNA-seq	NCI-H460	unknown	CELL_LINE	encode
SPLICE_JUNCTIONS	165	junction_EFO:0003044 total RNA-seq	total RNA-seq	NCI-H460	unknown	CELL_LINE	encode
SPLICE_JUNCTIONS	166	junction_EFO:0003045 total RNA-seq	total RNA-seq	H9	embryonic	CELL_LINE	encode
SPLICE_JUNCTIONS	167	junction_EFO:0003072 polyA plus RNA-seq	polyA plus RNA-seq	SK-N-SH	child	CELL_LINE	encode
SPLICE_JUNCTIONS	168	junction_EFO:0005234 polyA plus RNA-seq	polyA plus RNA-seq	PFSK-1	child	CELL_LINE	encode
SPLICE_JUNCTIONS	169	junction_EFO:0005237 polyA plus RNA-seq	polyA plus RNA-seq	U-87 MG	adult	CELL_LINE	encode
SPLICE_JUNCTIONS	170	junction_EFO:0005697 total RNA-seq	total RNA-seq	M059J	adult	CELL_LINE	encode
SPLICE_JUNCTIONS	171	junction_EFO:0005698 total RNA-seq	total RNA-seq	Daoy	child	CELL_LINE	encode
SPLICE_JUNCTIONS	172	junction_EFO:0005712 total RNA-seq	total RNA-seq	RPMI7951	adult	CELL_LINE	encode
SPLICE_JUNCTIONS	173	junction_EFO:0005714 polyA plus RNA-seq	polyA plus RNA-seq	LHCN-M2	adult	CELL_LINE	encode
SPLICE_JUNCTIONS	174	junction_EFO:0005714 total RNA-seq	total RNA-seq	LHCN-M2	adult	CELL_LINE	encode
SPLICE_JUNCTIONS	175	junction_EFO:0005719 total RNA-seq	total RNA-seq	Karpas-422	adult	CELL_LINE	encode
SPLICE_JUNCTIONS	176	junction_EFO:0005720 polyA plus RNA-seq	polyA plus RNA-seq	SK-MEL-5	adult	CELL_LINE	encode
SPLICE_JUNCTIONS	177	junction_EFO:0005720 total RNA-seq	total RNA-seq	SK-MEL-5	adult	CELL_LINE	encode
SPLICE_JUNCTIONS	178	junction_EFO:0005721 polyA plus RNA-seq	polyA plus RNA-seq	SK-N-DZ	child	CELL_LINE	encode
SPLICE_JUNCTIONS	179	junction_EFO:0005722 total RNA-seq	total RNA-seq	SJCRH30	child	CELL_LINE	encode
SPLICE_JUNCTIONS	180	junction_EFO:0005723 polyA plus RNA-seq	polyA plus RNA-seq	GM23248	adult	CELL_LINE	encode
SPLICE_JUNCTIONS	181	junction_EFO:0005723 total RNA-seq	total RNA-seq	GM23248	adult	CELL_LINE	encode
SPLICE_JUNCTIONS	182	junction_EFO:0005725 polyA plus RNA-seq	polyA plus RNA-seq	BE2C	child	CELL_LINE	encode
SPLICE_JUNCTIONS	183	junction_EFO:0005904 total RNA-seq	total RNA-seq	H7	embryonic	CELL_LINE	encode
SPLICE_JUNCTIONS	184	junction_EFO:0006270 polyA plus RNA-seq	polyA plus RNA-seq	AG04450	embryonic	CELL_LINE	encode
SPLICE_JUNCTIONS	185	junction_EFO:0006711 total RNA-seq	total RNA-seq	OCI-LY7	adult	CELL_LINE	encode
SPLICE_JUNCTIONS	186	junction_EFO:0007089 polyA plus RNA-seq	polyA plus RNA-seq	HUES64	embryonic	CELL_LINE	encode
SPLICE_JUNCTIONS	187	junction_EFO:0007950 polyA plus RNA-seq	polyA plus RNA-seq	GM23338	adult	CELL_LINE	encode
SPLICE_JUNCTIONS	188	junction_EFO:0007950 total RNA-seq	total RNA-seq	GM23338	adult	CELL_LINE	encode
SPLICE_JUNCTIONS	189	junction_EFO:0009318 total RNA-seq	total RNA-seq	HFFc6	newborn	CELL_LINE	encode
SPLICE_JUNCTIONS	190	junction_EFO:0009747 total RNA-seq	total RNA-seq	WTC11	adult	CELL_LINE	encode
SPLICE_JUNCTIONS	191	junction_EFO:0030018 polyA plus RNA-seq	polyA plus RNA-seq	BLaER1	unknown	CELL_LINE	encode
SPLICE_JUNCTIONS	192	junction_NTR:0000427 polyA plus RNA-seq	polyA plus RNA-seq	neurosphere	embryonic	PRIMARY_CELL	encode
SPLICE_JUNCTIONS	193	junction_NTR:0000491 total RNA-seq	total RNA-seq	Right ventricle myocardium inferior	adult	TISSUE	encode
SPLICE_JUNCTIONS	194	junction_NTR:0000492 total RNA-seq	total RNA-seq	Right ventricle myocardium superior	adult	TISSUE	encode
SPLICE_JUNCTIONS	195	junction_NTR:0000493 total RNA-seq	total RNA-seq	left ventricle myocardium inferior	adult	TISSUE	encode
SPLICE_JUNCTIONS	196	junction_NTR:0000494 total RNA-seq	total RNA-seq	left ventricle myocardium superior	adult	TISSUE	encode
SPLICE_JUNCTIONS	197	junction_NTR:0000524 polyA plus RNA-seq	polyA plus RNA-seq	fibroblast of skin of scalp	embryonic	PRIMARY_CELL	encode
SPLICE_JUNCTIONS	198	junction_NTR:0000856 polyA plus RNA-seq	polyA plus RNA-seq	mesendoderm	embryonic	IN_VITRO_DIFFERENTIATED_CELLS	encode
SPLICE_JUNCTIONS	199	junction_NTR:0003013 polyA plus RNA-seq	polyA plus RNA-seq	placental basal plate	embryonic	TISSUE	encode
SPLICE_JUNCTIONS	200	junction_UBERON:0000007 gtex Pituitary polyA plus RNA-seq	polyA plus RNA-seq	pituitary gland	adult	TISSUE	gtex
SPLICE_JUNCTIONS	201	junction_UBERON:0000016 polyA plus RNA-seq	polyA plus RNA-seq	endocrine pancreas	adult	TISSUE	encode
SPLICE_JUNCTIONS	202	junction_UBERON:0000019 total RNA-seq	total RNA-seq	camera-type eye	embryonic	TISSUE	encode
SPLICE_JUNCTIONS	203	junction_UBERON:0000056 total RNA-seq	total RNA-seq	ureter	adult	TISSUE	encode
SPLICE_JUNCTIONS	204	junction_UBERON:0000081 total RNA-seq	total RNA-seq	metanephros	embryonic	TISSUE	encode
SPLICE_JUNCTIONS	205	junction_UBERON:0000088 polyA plus RNA-seq	polyA plus RNA-seq	trophoblast	embryonic	TISSUE	encode
SPLICE_JUNCTIONS	206	junction_UBERON:0000305 polyA plus RNA-seq	polyA plus RNA-seq	amnion	embryonic	TISSUE	encode
SPLICE_JUNCTIONS	207	junction_UBERON:0000317 total RNA-seq	total RNA-seq	colonic mucosa	adult	TISSUE	encode
SPLICE_JUNCTIONS	208	junction_UBERON:0000458 gtex Cervix_Endocervix polyA plus RNA-seq	polyA plus RNA-seq	endocervix	adult	TISSUE	gtex
SPLICE_JUNCTIONS	209	junction_UBERON:0000473 gtex Testis polyA plus RNA-seq	polyA plus RNA-seq	testis	adult	TISSUE	gtex
SPLICE_JUNCTIONS	210	junction_UBERON:0000473 polyA plus RNA-seq	polyA plus RNA-seq	testis	adult	TISSUE	encode
SPLICE_JUNCTIONS	211	junction_UBERON:0000473 total RNA-seq	total RNA-seq	testis	adult	TISSUE	encode
SPLICE_JUNCTIONS	212	junction_UBERON:0000945 gtex Stomach polyA plus RNA-seq	polyA plus RNA-seq	stomach	adult	TISSUE	gtex
SPLICE_JUNCTIONS	213	junction_UBERON:0000945 polyA plus RNA-seq	polyA plus RNA-seq	stomach	adult	TISSUE	encode
SPLICE_JUNCTIONS	214	junction_UBERON:0000945 total RNA-seq	total RNA-seq	stomach	adult	TISSUE	encode
SPLICE_JUNCTIONS	215	junction_UBERON:0000947 polyA plus RNA-seq	polyA plus RNA-seq	aorta	adult	TISSUE	encode
SPLICE_JUNCTIONS	216	junction_UBERON:0000947 total RNA-seq	total RNA-seq	aorta	adult	TISSUE	encode
SPLICE_JUNCTIONS	217	junction_UBERON:0000948 polyA plus RNA-seq	polyA plus RNA-seq	heart	adult	TISSUE	encode
SPLICE_JUNCTIONS	218	junction_UBERON:0000948 total RNA-seq	total RNA-seq	heart	adult	TISSUE	encode
SPLICE_JUNCTIONS	219	junction_UBERON:0000955 polyA plus RNA-seq	polyA plus RNA-seq	brain	adult	TISSUE	encode
SPLICE_JUNCTIONS	220	junction_UBERON:0000992 gtex Ovary polyA plus RNA-seq	polyA plus RNA-seq	ovary	adult	TISSUE	gtex
SPLICE_JUNCTIONS	221	junction_UBERON:0000992 polyA plus RNA-seq	polyA plus RNA-seq	ovary	adult	TISSUE	encode
SPLICE_JUNCTIONS	222	junction_UBERON:0000992 total RNA-seq	total RNA-seq	ovary	adult	TISSUE	encode
SPLICE_JUNCTIONS	223	junction_UBERON:0000995 gtex Uterus polyA plus RNA-seq	polyA plus RNA-seq	uterus	adult	TISSUE	gtex
SPLICE_JUNCTIONS	224	junction_UBERON:0000995 total RNA-seq	total RNA-seq	uterus	adult	TISSUE	encode
SPLICE_JUNCTIONS	225	junction_UBERON:0000996 gtex Vagina polyA plus RNA-seq	polyA plus RNA-seq	vagina	adult	TISSUE	gtex
SPLICE_JUNCTIONS	226	junction_UBERON:0000996 total RNA-seq	total RNA-seq	vagina	adult	TISSUE	encode
SPLICE_JUNCTIONS	227	junction_UBERON:0001013 polyA plus RNA-seq	polyA plus RNA-seq	adipose tissue	adult	TISSUE	encode
SPLICE_JUNCTIONS	228	junction_UBERON:0001043 polyA plus RNA-seq	polyA plus RNA-seq	esophagus	adult	TISSUE	encode
SPLICE_JUNCTIONS	229	junction_UBERON:0001072 total RNA-seq	total RNA-seq	posterior vena cava	adult	TISSUE	encode
SPLICE_JUNCTIONS	230	junction_UBERON:0001114 gtex Liver polyA plus RNA-seq	polyA plus RNA-seq	right lobe of liver	adult	TISSUE	gtex
SPLICE_JUNCTIONS	231	junction_UBERON:0001114 total RNA-seq	total RNA-seq	right lobe of liver	adult	TISSUE	encode
SPLICE_JUNCTIONS	232	junction_UBERON:0001115 total RNA-seq	total RNA-seq	left lobe of liver	adult	TISSUE	encode
SPLICE_JUNCTIONS	233	junction_UBERON:0001134 total RNA-seq	total RNA-seq	skeletal muscle tissue	embryonic	TISSUE	encode
SPLICE_JUNCTIONS	234	junction_UBERON:0001150 gtex Pancreas polyA plus RNA-seq	polyA plus RNA-seq	body of pancreas	adult	TISSUE	gtex
SPLICE_JUNCTIONS	235	junction_UBERON:0001150 total RNA-seq	total RNA-seq	body of pancreas	adult	TISSUE	encode
SPLICE_JUNCTIONS	236	junction_UBERON:0001157 gtex Colon_Transverse polyA plus RNA-seq	polyA plus RNA-seq	transverse colon	adult	TISSUE	gtex
SPLICE_JUNCTIONS	237	junction_UBERON:0001157 total RNA-seq	total RNA-seq	transverse colon	adult	TISSUE	encode
SPLICE_JUNCTIONS	238	junction_UBERON:0001159 gtex Colon_Sigmoid polyA plus RNA-seq	polyA plus RNA-seq	sigmoid colon	adult	TISSUE	gtex
SPLICE_JUNCTIONS	239	junction_UBERON:0001159 polyA plus RNA-seq	polyA plus RNA-seq	sigmoid colon	adult	TISSUE	encode
SPLICE_JUNCTIONS	240	junction_UBERON:0001159 total RNA-seq	total RNA-seq	sigmoid colon	adult	TISSUE	encode
SPLICE_JUNCTIONS	241	junction_UBERON:0001211 gtex Small_Intestine_Terminal_Ileum polyA plus RNA-seq	polyA plus RNA-seq	Peyer\'s patch	adult	TISSUE	gtex
SPLICE_JUNCTIONS	242	junction_UBERON:0001211 total RNA-seq	total RNA-seq	Peyer\'s patch	adult	TISSUE	encode
SPLICE_JUNCTIONS	243	junction_UBERON:0001224 polyA plus RNA-seq	polyA plus RNA-seq	renal pelvis	embryonic	TISSUE	encode
SPLICE_JUNCTIONS	244	junction_UBERON:0001225 gtex Kidney_Cortex polyA plus RNA-seq	polyA plus RNA-seq	cortex of kidney	adult	TISSUE	gtex
SPLICE_JUNCTIONS	245	junction_UBERON:0001255 gtex Bladder polyA plus RNA-seq	polyA plus RNA-seq	urinary bladder	adult	TISSUE	gtex
SPLICE_JUNCTIONS	246	junction_UBERON:0001255 polyA plus RNA-seq	polyA plus RNA-seq	urinary bladder	child	TISSUE	encode
SPLICE_JUNCTIONS	247	junction_UBERON:0001255 total RNA-seq	total RNA-seq	urinary bladder	embryonic	TISSUE	encode
SPLICE_JUNCTIONS	248	junction_UBERON:0001264 polyA plus RNA-seq	polyA plus RNA-seq	pancreas	adult	TISSUE	encode
SPLICE_JUNCTIONS	249	junction_UBERON:0001264 total RNA-seq	total RNA-seq	pancreas	adult	TISSUE	encode
SPLICE_JUNCTIONS	250	junction_UBERON:0001293 gtex Kidney_Medulla polyA plus RNA-seq	polyA plus RNA-seq	outer medulla of kidney	adult	TISSUE	gtex
SPLICE_JUNCTIONS	251	junction_UBERON:0001322 total RNA-seq	total RNA-seq	sciatic nerve	adult	TISSUE	encode
SPLICE_JUNCTIONS	252	junction_UBERON:0001323 gtex Nerve_Tibial polyA plus RNA-seq	polyA plus RNA-seq	tibial nerve	adult	TISSUE	gtex
SPLICE_JUNCTIONS	253	junction_UBERON:0001323 total RNA-seq	total RNA-seq	tibial nerve	adult	TISSUE	encode
SPLICE_JUNCTIONS	254	junction_UBERON:0001383 polyA plus RNA-seq	polyA plus RNA-seq	muscle of leg	embryonic	TISSUE	encode
SPLICE_JUNCTIONS	255	junction_UBERON:0001496 gtex Artery_Aorta polyA plus RNA-seq	polyA plus RNA-seq	ascending aorta	adult	TISSUE	gtex
SPLICE_JUNCTIONS	256	junction_UBERON:0001496 total RNA-seq	total RNA-seq	ascending aorta	adult	TISSUE	encode
SPLICE_JUNCTIONS	257	junction_UBERON:0001499 polyA plus RNA-seq	polyA plus RNA-seq	muscle of arm	embryonic	TISSUE	encode
SPLICE_JUNCTIONS	258	junction_UBERON:0001515 total RNA-seq	total RNA-seq	thoracic aorta	adult	TISSUE	encode
SPLICE_JUNCTIONS	259	junction_UBERON:0001621 gtex Artery_Coronary polyA plus RNA-seq	polyA plus RNA-seq	coronary artery	adult	TISSUE	gtex
SPLICE_JUNCTIONS	260	junction_UBERON:0001723 total RNA-seq	total RNA-seq	tongue	embryonic	TISSUE	encode
SPLICE_JUNCTIONS	261	junction_UBERON:0001774 polyA plus RNA-seq	polyA plus RNA-seq	muscle of trunk	embryonic	TISSUE	encode
SPLICE_JUNCTIONS	262	junction_UBERON:0001870 gtex Brain_Cortex polyA plus RNA-seq	polyA plus RNA-seq	frontal cortex	adult	TISSUE	gtex
SPLICE_JUNCTIONS	263	junction_UBERON:0001870 total RNA-seq	total RNA-seq	frontal cortex	embryonic	TISSUE	encode
SPLICE_JUNCTIONS	264	junction_UBERON:0001871 total RNA-seq	total RNA-seq	temporal lobe	embryonic	TISSUE	encode
SPLICE_JUNCTIONS	265	junction_UBERON:0001872 total RNA-seq	total RNA-seq	parietal lobe	embryonic	TISSUE	encode
SPLICE_JUNCTIONS	266	junction_UBERON:0001873 gtex Brain_Caudate_basal_ganglia polyA plus RNA-seq	polyA plus RNA-seq	caudate nucleus	adult	TISSUE	gtex
SPLICE_JUNCTIONS	267	junction_UBERON:0001874 gtex Brain_Putamen_basal_ganglia polyA plus RNA-seq	polyA plus RNA-seq	putamen	adult	TISSUE	gtex
SPLICE_JUNCTIONS	268	junction_UBERON:0001876 gtex Brain_Amygdala polyA plus RNA-seq	polyA plus RNA-seq	amygdala	adult	TISSUE	gtex
SPLICE_JUNCTIONS	269	junction_UBERON:0001882 gtex Brain_Nucleus_accumbens_basal_ganglia polyA plus RNA-seq	polyA plus RNA-seq	nucleus accumbens	adult	TISSUE	gtex
SPLICE_JUNCTIONS	270	junction_UBERON:0001894 total RNA-seq	total RNA-seq	diencephalon	embryonic	TISSUE	encode
SPLICE_JUNCTIONS	271	junction_UBERON:0001898 gtex Brain_Hypothalamus polyA plus RNA-seq	polyA plus RNA-seq	hypothalamus	adult	TISSUE	gtex
SPLICE_JUNCTIONS	272	junction_UBERON:0001954 gtex Brain_Hippocampus polyA plus RNA-seq	polyA plus RNA-seq	Ammon\'s horn	adult	TISSUE	gtex
SPLICE_JUNCTIONS	273	junction_UBERON:0001987 polyA plus RNA-seq	polyA plus RNA-seq	placenta	embryonic	TISSUE	encode
SPLICE_JUNCTIONS	274	junction_UBERON:0001987 total RNA-seq	total RNA-seq	placenta	embryonic	TISSUE	encode
SPLICE_JUNCTIONS	275	junction_UBERON:0002021 total RNA-seq	total RNA-seq	occipital lobe	embryonic	TISSUE	encode
SPLICE_JUNCTIONS	276	junction_UBERON:0002037 gtex Brain_Cerebellum polyA plus RNA-seq	polyA plus RNA-seq	cerebellum	adult	TISSUE	gtex
SPLICE_JUNCTIONS	277	junction_UBERON:0002037 polyA plus RNA-seq	polyA plus RNA-seq	cerebellum	embryonic	TISSUE	encode
SPLICE_JUNCTIONS	278	junction_UBERON:0002037 total RNA-seq	total RNA-seq	cerebellum	embryonic	TISSUE	encode
SPLICE_JUNCTIONS	279	junction_UBERON:0002038 gtex Brain_Substantia_nigra polyA plus RNA-seq	polyA plus RNA-seq	substantia nigra	adult	TISSUE	gtex
SPLICE_JUNCTIONS	280	junction_UBERON:0002046 gtex Thyroid polyA plus RNA-seq	polyA plus RNA-seq	thyroid gland	adult	TISSUE	gtex
SPLICE_JUNCTIONS	281	junction_UBERON:0002046 total RNA-seq	total RNA-seq	thyroid gland	adult	TISSUE	encode
SPLICE_JUNCTIONS	282	junction_UBERON:0002048 polyA plus RNA-seq	polyA plus RNA-seq	lung	adult	TISSUE	encode
SPLICE_JUNCTIONS	283	junction_UBERON:0002048 total RNA-seq	total RNA-seq	lung	embryonic	TISSUE	encode
SPLICE_JUNCTIONS	284	junction_UBERON:0002078 polyA plus RNA-seq	polyA plus RNA-seq	right cardiac atrium	adult	TISSUE	encode
SPLICE_JUNCTIONS	285	junction_UBERON:0002078 total RNA-seq	total RNA-seq	right cardiac atrium	adult	TISSUE	encode
SPLICE_JUNCTIONS	286	junction_UBERON:0002079 total RNA-seq	total RNA-seq	left cardiac atrium	adult	TISSUE	encode
SPLICE_JUNCTIONS	287	junction_UBERON:0002080 polyA plus RNA-seq	polyA plus RNA-seq	heart right ventricle	adult	TISSUE	encode
SPLICE_JUNCTIONS	288	junction_UBERON:0002080 total RNA-seq	total RNA-seq	heart right ventricle	adult	TISSUE	encode
SPLICE_JUNCTIONS	289	junction_UBERON:0002084 polyA plus RNA-seq	polyA plus RNA-seq	heart left ventricle	adult	TISSUE	encode
SPLICE_JUNCTIONS	290	junction_UBERON:0002084 total RNA-seq	total RNA-seq	heart left ventricle	adult	TISSUE	encode
SPLICE_JUNCTIONS	291	junction_UBERON:0002097 total RNA-seq	total RNA-seq	skin of body	embryonic	TISSUE	encode
SPLICE_JUNCTIONS	292	junction_UBERON:0002099 total RNA-seq	total RNA-seq	cardiac septum	adult	TISSUE	encode
SPLICE_JUNCTIONS	293	junction_UBERON:0002106 gtex Spleen polyA plus RNA-seq	polyA plus RNA-seq	spleen	adult	TISSUE	gtex
SPLICE_JUNCTIONS	294	junction_UBERON:0002106 polyA plus RNA-seq	polyA plus RNA-seq	spleen	adult	TISSUE	encode
SPLICE_JUNCTIONS	295	junction_UBERON:0002106 total RNA-seq	total RNA-seq	spleen	adult	TISSUE	encode
SPLICE_JUNCTIONS	296	junction_UBERON:0002107 polyA plus RNA-seq	polyA plus RNA-seq	liver	child	TISSUE	encode
SPLICE_JUNCTIONS	297	junction_UBERON:0002107 total RNA-seq	total RNA-seq	liver	embryonic	TISSUE	encode
SPLICE_JUNCTIONS	298	junction_UBERON:0002108 polyA plus RNA-seq	polyA plus RNA-seq	small intestine	adult	TISSUE	encode
SPLICE_JUNCTIONS	299	junction_UBERON:0002113 polyA plus RNA-seq	polyA plus RNA-seq	kidney	adult	TISSUE	encode
SPLICE_JUNCTIONS	300	junction_UBERON:0002113 total RNA-seq	total RNA-seq	kidney	adult	TISSUE	encode
SPLICE_JUNCTIONS	301	junction_UBERON:0002167 polyA plus RNA-seq	polyA plus RNA-seq	right lung	embryonic	TISSUE	encode
SPLICE_JUNCTIONS	302	junction_UBERON:0002168 polyA plus RNA-seq	polyA plus RNA-seq	left lung	embryonic	TISSUE	encode
SPLICE_JUNCTIONS	303	junction_UBERON:0002168 total RNA-seq	total RNA-seq	left lung	adult	TISSUE	encode
SPLICE_JUNCTIONS	304	junction_UBERON:0002170 total RNA-seq	total RNA-seq	upper lobe of right lung	adult	TISSUE	encode
SPLICE_JUNCTIONS	305	junction_UBERON:0002171 total RNA-seq	total RNA-seq	lower lobe of right lung	adult	TISSUE	encode
SPLICE_JUNCTIONS	306	junction_UBERON:0002190 gtex Adipose_Subcutaneous polyA plus RNA-seq	polyA plus RNA-seq	subcutaneous adipose tissue	adult	TISSUE	gtex
SPLICE_JUNCTIONS	307	junction_UBERON:0002190 total RNA-seq	total RNA-seq	subcutaneous adipose tissue	adult	TISSUE	encode
SPLICE_JUNCTIONS	308	junction_UBERON:0002240 polyA plus RNA-seq	polyA plus RNA-seq	spinal cord	embryonic	TISSUE	encode
SPLICE_JUNCTIONS	309	junction_UBERON:0002240 total RNA-seq	total RNA-seq	spinal cord	embryonic	TISSUE	encode
SPLICE_JUNCTIONS	310	junction_UBERON:0002245 gtex Brain_Cerebellar_Hemisphere polyA plus RNA-seq	polyA plus RNA-seq	cerebellar hemisphere	adult	TISSUE	gtex
SPLICE_JUNCTIONS	311	junction_UBERON:0002324 polyA plus RNA-seq	polyA plus RNA-seq	muscle of back	embryonic	TISSUE	encode
SPLICE_JUNCTIONS	312	junction_UBERON:0002331 total RNA-seq	total RNA-seq	umbilical cord	embryonic	TISSUE	encode
SPLICE_JUNCTIONS	313	junction_UBERON:0002367 gtex Prostate polyA plus RNA-seq	polyA plus RNA-seq	prostate gland	adult	TISSUE	gtex
SPLICE_JUNCTIONS	314	junction_UBERON:0002367 total RNA-seq	total RNA-seq	prostate gland	adult	TISSUE	encode
SPLICE_JUNCTIONS	315	junction_UBERON:0002369 gtex Adrenal_Gland polyA plus RNA-seq	polyA plus RNA-seq	adrenal gland	adult	TISSUE	gtex
SPLICE_JUNCTIONS	316	junction_UBERON:0002369 polyA plus RNA-seq	polyA plus RNA-seq	adrenal gland	adult	TISSUE	encode
SPLICE_JUNCTIONS	317	junction_UBERON:0002369 total RNA-seq	total RNA-seq	adrenal gland	adult	TISSUE	encode
SPLICE_JUNCTIONS	318	junction_UBERON:0002370 polyA plus RNA-seq	polyA plus RNA-seq	thymus	embryonic	TISSUE	encode
SPLICE_JUNCTIONS	319	junction_UBERON:0002469 total RNA-seq	total RNA-seq	esophagus mucosa	adult	TISSUE	encode
SPLICE_JUNCTIONS	320	junction_UBERON:0003124 polyA plus RNA-seq	polyA plus RNA-seq	chorion	embryonic	TISSUE	encode
SPLICE_JUNCTIONS	321	junction_UBERON:0003662 polyA plus RNA-seq	polyA plus RNA-seq	forelimb muscle	embryonic	TISSUE	encode
SPLICE_JUNCTIONS	322	junction_UBERON:0003663 polyA plus RNA-seq	polyA plus RNA-seq	hindlimb muscle	embryonic	TISSUE	encode
SPLICE_JUNCTIONS	323	junction_UBERON:0003889 gtex Fallopian_Tube polyA plus RNA-seq	polyA plus RNA-seq	fallopian tube	adult	TISSUE	gtex
SPLICE_JUNCTIONS	324	junction_UBERON:0004264 gtex Skin_Sun_Exposed_Lower_leg polyA plus RNA-seq	polyA plus RNA-seq	lower leg skin	adult	TISSUE	gtex
SPLICE_JUNCTIONS	325	junction_UBERON:0004264 total RNA-seq	total RNA-seq	lower leg skin	adult	TISSUE	encode
SPLICE_JUNCTIONS	326	junction_UBERON:0004538 polyA plus RNA-seq	polyA plus RNA-seq	left kidney	embryonic	TISSUE	encode
SPLICE_JUNCTIONS	327	junction_UBERON:0004550 gtex Esophagus_Gastroesophageal_Junction polyA plus RNA-seq	polyA plus RNA-seq	gastroesophageal sphincter	adult	TISSUE	gtex
SPLICE_JUNCTIONS	328	junction_UBERON:0004550 total RNA-seq	total RNA-seq	gastroesophageal sphincter	adult	TISSUE	encode
SPLICE_JUNCTIONS	329	junction_UBERON:0004648 gtex Esophagus_Muscularis polyA plus RNA-seq	polyA plus RNA-seq	esophagus muscularis mucosa	adult	TISSUE	gtex
SPLICE_JUNCTIONS	330	junction_UBERON:0004648 total RNA-seq	total RNA-seq	esophagus muscularis mucosa	adult	TISSUE	encode
SPLICE_JUNCTIONS	331	junction_UBERON:0004992 total RNA-seq	total RNA-seq	mucosa of descending colon	adult	TISSUE	encode
SPLICE_JUNCTIONS	332	junction_UBERON:0005033 total RNA-seq	total RNA-seq	mucosa of gallbladder	child	TISSUE	encode
SPLICE_JUNCTIONS	333	junction_UBERON:0005270 polyA plus RNA-seq	polyA plus RNA-seq	renal cortex interstitium	embryonic	TISSUE	encode
SPLICE_JUNCTIONS	334	junction_UBERON:0006330 gtex Minor_Salivary_Gland polyA plus RNA-seq	polyA plus RNA-seq	anterior lingual gland	adult	TISSUE	gtex
SPLICE_JUNCTIONS	335	junction_UBERON:0006469 gtex Brain_Spinal_cord_cervical_c-1 polyA plus RNA-seq	polyA plus RNA-seq	C1 segment of cervical spinal cord	adult	TISSUE	gtex
SPLICE_JUNCTIONS	336	junction_UBERON:0006566 gtex Heart_Left_Ventricle polyA plus RNA-seq	polyA plus RNA-seq	left ventricle myocardium	adult	TISSUE	gtex
SPLICE_JUNCTIONS	337	junction_UBERON:0006631 gtex Heart_Atrial_Appendage polyA plus RNA-seq	polyA plus RNA-seq	right atrium auricular region	adult	TISSUE	gtex
SPLICE_JUNCTIONS	338	junction_UBERON:0006631 total RNA-seq	total RNA-seq	right atrium auricular region	adult	TISSUE	encode
SPLICE_JUNCTIONS	339	junction_UBERON:0006920 gtex Esophagus_Mucosa polyA plus RNA-seq	polyA plus RNA-seq	esophagus squamous epithelium	adult	TISSUE	gtex
SPLICE_JUNCTIONS	340	junction_UBERON:0006920 total RNA-seq	total RNA-seq	esophagus squamous epithelium	adult	TISSUE	encode
SPLICE_JUNCTIONS	341	junction_UBERON:0007106 polyA plus RNA-seq	polyA plus RNA-seq	chorionic villus	embryonic	TISSUE	encode
SPLICE_JUNCTIONS	342	junction_UBERON:0007610 gtex Artery_Tibial polyA plus RNA-seq	polyA plus RNA-seq	tibial artery	adult	TISSUE	gtex
SPLICE_JUNCTIONS	343	junction_UBERON:0008367 gtex Breast_Mammary_Tissue polyA plus RNA-seq	polyA plus RNA-seq	breast epithelium	adult	TISSUE	gtex
SPLICE_JUNCTIONS	344	junction_UBERON:0008367 total RNA-seq	total RNA-seq	breast epithelium	adult	TISSUE	encode
SPLICE_JUNCTIONS	345	junction_UBERON:0008450 polyA plus RNA-seq	polyA plus RNA-seq	psoas muscle	adult	TISSUE	encode
SPLICE_JUNCTIONS	346	junction_UBERON:0008450 total RNA-seq	total RNA-seq	psoas muscle	adult	TISSUE	encode
SPLICE_JUNCTIONS	347	junction_UBERON:0008952 gtex Lung polyA plus RNA-seq	polyA plus RNA-seq	upper lobe of left lung	adult	TISSUE	gtex
SPLICE_JUNCTIONS	348	junction_UBERON:0008952 total RNA-seq	total RNA-seq	upper lobe of left lung	adult	TISSUE	encode
SPLICE_JUNCTIONS	349	junction_UBERON:0008953 total RNA-seq	total RNA-seq	lower lobe of left lung	adult	TISSUE	encode
SPLICE_JUNCTIONS	350	junction_UBERON:0008971 total RNA-seq	total RNA-seq	left colon	adult	TISSUE	encode
SPLICE_JUNCTIONS	351	junction_UBERON:0009834 gtex Brain_Frontal_Cortex_BA9 polyA plus RNA-seq	polyA plus RNA-seq	dorsolateral prefrontal cortex	adult	TISSUE	gtex
SPLICE_JUNCTIONS	352	junction_UBERON:0009834 total RNA-seq	total RNA-seq	dorsolateral prefrontal cortex	adult	TISSUE	encode
SPLICE_JUNCTIONS	353	junction_UBERON:0009835 gtex Brain_Anterior_cingulate_cortex_BA24 polyA plus RNA-seq	polyA plus RNA-seq	anterior cingulate cortex	adult	TISSUE	gtex
SPLICE_JUNCTIONS	354	junction_UBERON:0010414 gtex Adipose_Visceral_Omentum polyA plus RNA-seq	polyA plus RNA-seq	omental fat pad	adult	TISSUE	gtex
SPLICE_JUNCTIONS	355	junction_UBERON:0010414 total RNA-seq	total RNA-seq	omental fat pad	adult	TISSUE	encode
SPLICE_JUNCTIONS	356	junction_UBERON:0011907 gtex Muscle_Skeletal polyA plus RNA-seq	polyA plus RNA-seq	gastrocnemius medialis	adult	TISSUE	gtex
SPLICE_JUNCTIONS	357	junction_UBERON:0011907 total RNA-seq	total RNA-seq	gastrocnemius medialis	adult	TISSUE	encode
SPLICE_JUNCTIONS	358	junction_UBERON:0012249 gtex Cervix_Ectocervix polyA plus RNA-seq	polyA plus RNA-seq	ectocervix	adult	TISSUE	gtex
SPLICE_JUNCTIONS	359	junction_UBERON:0013756 gtex Whole_Blood polyA plus RNA-seq	polyA plus RNA-seq	venous blood	adult	TISSUE	gtex
SPLICE_JUNCTIONS	360	junction_UBERON:0015143 total RNA-seq	total RNA-seq	mesenteric fat pad	adult	TISSUE	encode
SPLICE_JUNCTIONS	361	junction_UBERON:0018115 polyA plus RNA-seq	polyA plus RNA-seq	left renal pelvis	embryonic	TISSUE	encode
SPLICE_JUNCTIONS	362	junction_UBERON:0018116 polyA plus RNA-seq	polyA plus RNA-seq	right renal pelvis	embryonic	TISSUE	encode
SPLICE_JUNCTIONS	363	junction_UBERON:0018117 polyA plus RNA-seq	polyA plus RNA-seq	left renal cortex interstitium	embryonic	TISSUE	encode
SPLICE_JUNCTIONS	364	junction_UBERON:0018118 polyA plus RNA-seq	polyA plus RNA-seq	right renal cortex interstitium	embryonic	TISSUE	encode
SPLICE_JUNCTIONS	365	junction_UBERON:0036149 gtex Skin_Not_Sun_Exposed_Suprapubic polyA plus RNA-seq	polyA plus RNA-seq	suprapubic skin	adult	TISSUE	gtex
SPLICE_JUNCTIONS	366	junction_UBERON:0036149 total RNA-seq	total RNA-seq	suprapubic skin	adult	TISSUE	encode
CONTACT_MAPS	0	4dn:4DNFI9GMP2J8	Micro-C	H1-hESC		CELL_LINE	4dnucleome
CONTACT_MAPS	1	4dn:4DNFI9FVHJZQ	Micro-C	HFFc6		CELL_LINE	4dnucleome
CONTACT_MAPS	2	4dn:4DNFIFLDVASC	in situ Hi-C	HCT116		CELL_LINE	4dnucleome
CONTACT_MAPS	3	4dn:4DNFIJTOIGOI	in situ Hi-C	IMR-90		CELL_LINE	4dnucleome
CONTACT_MAPS	4	4dn:4DNFIXP4QG5B	in situ Hi-C	GM12878		CELL_LINE	4dnucleome
CONTACT_MAPS	5	4dn:4DNFI2VYSX9M	in situ Hi-C	CyT49		CELL_LINE	4dnucleome
CONTACT_MAPS	6	4dn:4DNFI4DCV74I	in situ Hi-C	H9		CELL_LINE	4dnucleome
CONTACT_MAPS	7	4dn:4DNFI5IHU27G	in situ Hi-C	KBM-7		CELL_LINE	4dnucleome
CONTACT_MAPS	8	4dn:4DNFI6HDY7WZ	in situ Hi-C	H1-hESC		CELL_LINE	4dnucleome
CONTACT_MAPS	9	4dn:4DNFI82R42AD	in situ Hi-C	H1-hESC		CELL_LINE	4dnucleome
CONTACT_MAPS	10	4dn:4DNFI8RH55DO	in situ Hi-C	H9		CELL_LINE	4dnucleome
CONTACT_MAPS	11	4dn:4DNFIB59T7NN	in situ Hi-C	HFFc6		CELL_LINE	4dnucleome
CONTACT_MAPS	12	4dn:4DNFIBM9QCFG	in situ Hi-C	HeLa-S3		CELL_LINE	4dnucleome
CONTACT_MAPS	13	4dn:4DNFIIOUG5RF	in situ Hi-C	H9		CELL_LINE	4dnucleome
CONTACT_MAPS	14	4dn:4DNFIK3NF6R2	in situ Hi-C	CyT49		CELL_LINE	4dnucleome
CONTACT_MAPS	15	4dn:4DNFILP99QJS	in situ Hi-C	HCT116		CELL_LINE	4dnucleome
CONTACT_MAPS	16	4dn:4DNFIMDOXUT8	Dilution Hi-C	skin fibroblast		CELL_LINE	4dnucleome
CONTACT_MAPS	17	4dn:4DNFINFQV712	in situ Hi-C	H1-hESC		CELL_LINE	4dnucleome
CONTACT_MAPS	18	4dn:4DNFINQYW56E	Micro-C	H1-hESC		CELL_LINE	4dnucleome
CONTACT_MAPS	19	4dn:4DNFINXSKZ4F	in situ Hi-C	CyT49		CELL_LINE	4dnucleome
CONTACT_MAPS	20	4dn:4DNFIPO1DGLH	in situ Hi-C	H9		CELL_LINE	4dnucleome
CONTACT_MAPS	21	4dn:4DNFIRO3DQCO	in situ Hi-C	H9		CELL_LINE	4dnucleome
CONTACT_MAPS	22	4dn:4DNFIS6HAUPP	in situ Hi-C	HepG2		CELL_LINE	4dnucleome
CONTACT_MAPS	23	4dn:4DNFIT5YVTLO	in situ Hi-C	H9		CELL_LINE	4dnucleome
CONTACT_MAPS	24	4dn:4DNFIVKQADWM	in situ Hi-C	GM25256		IN_VITRO_DIFFERENTIATED_CELLS	4dnucleome
CONTACT_MAPS	25	4dn:4DNFIW8IXCX1	in situ Hi-C	H1-hESC		CELL_LINE	4dnucleome
CONTACT_MAPS	26	4dn:4DNFIXOWKAM6	in situ Hi-C	CyT49		CELL_LINE	4dnucleome
CONTACT_MAPS	27	4dn:4DNFIYGPDLKF	in situ Hi-C	GM25256		IN_VITRO_DIFFERENTIATED_CELLS	4dnucleome
PROCAP	0	ENCSR072YCM	PRO-cap	A673		CELL_LINE	encode
PROCAP	1	ENCSR182QNJ	PRO-cap	Caco-2		CELL_LINE	encode
PROCAP	2	ENCSR740IPL	PRO-cap	K562		CELL_LINE	encode
PROCAP	3	ENCSR797DEF	PRO-cap	Calu3		CELL_LINE	encode
PROCAP	4	ENCSR801ECP	PRO-cap	endothelial cell of umbilical vein		PRIMARY_CELL	encode
PROCAP	5	ENCSR860TYZ	PRO-cap	MCF 10A		CELL_LINE	encode
PROCAP	6	ENCSR072YCM	PRO-cap	A673		CELL_LINE	encode
PROCAP	7	ENCSR182QNJ	PRO-cap	Caco-2		CELL_LINE	encode
PROCAP	8	ENCSR740IPL	PRO-cap	K562		CELL_LINE	encode
PROCAP	9	ENCSR797DEF	PRO-cap	Calu3		CELL_LINE	encode
PROCAP	10	ENCSR801ECP	PRO-cap	endothelial cell of umbilical vein		PRIMARY_CELL	encode
PROCAP	11	ENCSR860TYZ	PRO-cap	MCF 10A		CELL_LINE	encode
PROCAP	12	Padding					
PROCAP	13	Padding					
PROCAP	14	Padding					
PROCAP	15	Padding					
PROCAP	16	Padding					
PROCAP	17	Padding					
PROCAP	18	Padding					
PROCAP	19	Padding					
PROCAP	20	Padding					
PROCAP	21	Padding					
PROCAP	22	Padding					
PROCAP	23	Padding					
PROCAP	24	Padding					
PROCAP	25	Padding					
PROCAP	26	Padding					
PROCAP	27	Padding					
PROCAP	28	Padding					
PROCAP	29	Padding					
PROCAP	30	Padding					
PROCAP	31	Padding					
PROCAP	32	Padding					
PROCAP	33	Padding					
PROCAP	34	Padding					
PROCAP	35	Padding					
PROCAP	36	Padding					
PROCAP	37	Padding					
PROCAP	38	Padding					
PROCAP	39	Padding					
PROCAP	40	Padding					
PROCAP	41	Padding					
PROCAP	42	Padding					
PROCAP	43	Padding					
PROCAP	44	Padding					
PROCAP	45	Padding					
PROCAP	46	Padding					
PROCAP	47	Padding					
PROCAP	48	Padding					
PROCAP	49	Padding					
PROCAP	50	Padding					
PROCAP	51	Padding					
PROCAP	52	Padding					
PROCAP	53	Padding					
PROCAP	54	Padding					
PROCAP	55	Padding					
PROCAP	56	Padding					
PROCAP	57	Padding					
PROCAP	58	Padding					
PROCAP	59	Padding					
PROCAP	60	Padding					
PROCAP	61	Padding					
PROCAP	62	Padding					
PROCAP	63	Padding					
PROCAP	64	Padding					
PROCAP	65	Padding					
PROCAP	66	Padding					
PROCAP	67	Padding					
PROCAP	68	Padding					
PROCAP	69	Padding					
PROCAP	70	Padding					
PROCAP	71	Padding					
PROCAP	72	Padding					
PROCAP	73	Padding					
PROCAP	74	Padding					
PROCAP	75	Padding					
PROCAP	76	Padding					
PROCAP	77	Padding					
PROCAP	78	Padding					
PROCAP	79	Padding					
PROCAP	80	Padding					
PROCAP	81	Padding					
PROCAP	82	Padding					
PROCAP	83	Padding					
PROCAP	84	Padding					
PROCAP	85	Padding					
PROCAP	86	Padding					
PROCAP	87	Padding					
PROCAP	88	Padding					
PROCAP	89	Padding					
PROCAP	90	Padding					
PROCAP	91	Padding					
PROCAP	92	Padding					
PROCAP	93	Padding					
PROCAP	94	Padding					
PROCAP	95	Padding					
PROCAP	96	Padding					
PROCAP	97	Padding					
PROCAP	98	Padding					
PROCAP	99	Padding					
PROCAP	100	Padding					
PROCAP	101	Padding					
PROCAP	102	Padding					
PROCAP	103	Padding					
PROCAP	104	Padding					
PROCAP	105	Padding					
PROCAP	106	Padding					
PROCAP	107	Padding					
PROCAP	108	Padding					
PROCAP	109	Padding					
PROCAP	110	Padding					
PROCAP	111	Padding					
PROCAP	112	Padding					
PROCAP	113	Padding					
PROCAP	114	Padding					
PROCAP	115	Padding					
PROCAP	116	Padding					
PROCAP	117	Padding					
PROCAP	118	Padding					
PROCAP	119	Padding					
PROCAP	120	Padding					
PROCAP	121	Padding					
PROCAP	122	Padding					
PROCAP	123	Padding					
PROCAP	124	Padding					
PROCAP	125	Padding					
PROCAP	126	Padding					
PROCAP	127	Padding					
