rsid	chr	pos	true_ref	true_alt	gwas_alleles_swapped	modality	track_index	variant_effect_score
rs58120505	7	1990232	T	C	True	atac	0	0.007844
rs58120505	7	1990232	T	C	True	atac	1	0.027925
rs58120505	7	1990232	T	C	True	atac	2	-0.001759
rs58120505	7	1990232	T	C	True	atac	3	0.007169
rs58120505	7	1990232	T	C	True	atac	4	-0.005497
rs58120505	7	1990232	T	C	True	atac	5	-0.002457
rs58120505	7	1990232	T	C	True	atac	6	-0.016197
rs58120505	7	1990232	T	C	True	atac	7	-0.001095
rs58120505	7	1990232	T	C	True	atac	8	0.003316
rs58120505	7	1990232	T	C	True	atac	9	0.013765
rs58120505	7	1990232	T	C	True	atac	10	0.001961
rs58120505	7	1990232	T	C	True	atac	11	-0.004258
rs58120505	7	1990232	T	C	True	atac	12	0.004502
rs58120505	7	1990232	T	C	True	atac	13	0.002009
rs58120505	7	1990232	T	C	True	atac	14	0.001339
rs58120505	7	1990232	T	C	True	atac	15	-0.000579
rs58120505	7	1990232	T	C	True	atac	16	-0.000599
rs58120505	7	1990232	T	C	True	atac	17	-0.003464
rs58120505	7	1990232	T	C	True	atac	18	0.001667
rs58120505	7	1990232	T	C	True	atac	19	-0.001994
rs58120505	7	1990232	T	C	True	atac	20	-0.005278
rs58120505	7	1990232	T	C	True	atac	21	-0.003799
rs58120505	7	1990232	T	C	True	atac	22	-0.002261
rs58120505	7	1990232	T	C	True	atac	23	0.000737
rs58120505	7	1990232	T	C	True	atac	24	-0.003438
rs58120505	7	1990232	T	C	True	atac	25	-0.002595
rs58120505	7	1990232	T	C	True	atac	26	-0.005105
rs58120505	7	1990232	T	C	True	atac	27	-0.005997
rs58120505	7	1990232	T	C	True	atac	28	-0.001105
rs58120505	7	1990232	T	C	True	atac	29	-0.004612
rs58120505	7	1990232	T	C	True	atac	30	-0.007580
rs58120505	7	1990232	T	C	True	atac	31	-0.003325
rs58120505	7	1990232	T	C	True	atac	32	-0.007539
rs58120505	7	1990232	T	C	True	atac	33	-0.009154
rs58120505	7	1990232	T	C	True	atac	34	-0.007050
rs58120505	7	1990232	T	C	True	atac	35	0.000927
rs58120505	7	1990232	T	C	True	atac	36	-0.001731
rs58120505	7	1990232	T	C	True	atac	37	-0.000334
rs58120505	7	1990232	T	C	True	atac	38	-0.002418
rs58120505	7	1990232	T	C	True	atac	39	-0.005447
rs58120505	7	1990232	T	C	True	atac	40	-0.002692
rs58120505	7	1990232	T	C	True	atac	41	-0.012383
rs58120505	7	1990232	T	C	True	atac	42	-0.007676
rs58120505	7	1990232	T	C	True	atac	43	-0.009083
rs58120505	7	1990232	T	C	True	atac	44	0.001529
rs58120505	7	1990232	T	C	True	atac	45	-0.002372
rs58120505	7	1990232	T	C	True	atac	46	-0.003496
rs58120505	7	1990232	T	C	True	atac	47	-0.002086
rs58120505	7	1990232	T	C	True	atac	48	0.002836
rs58120505	7	1990232	T	C	True	atac	49	-0.010464
rs58120505	7	1990232	T	C	True	atac	50	-0.000671
rs58120505	7	1990232	T	C	True	atac	51	-0.004564
rs58120505	7	1990232	T	C	True	atac	52	-0.010832
rs58120505	7	1990232	T	C	True	atac	53	0.005103
rs58120505	7	1990232	T	C	True	atac	54	-0.000521
rs58120505	7	1990232	T	C	True	atac	55	-0.012762
rs58120505	7	1990232	T	C	True	atac	56	-0.005760
rs58120505	7	1990232	T	C	True	atac	57	-0.011141
rs58120505	7	1990232	T	C	True	atac	58	-0.039579
rs58120505	7	1990232	T	C	True	atac	59	-0.018830
rs58120505	7	1990232	T	C	True	atac	60	-0.015918
rs58120505	7	1990232	T	C	True	atac	61	-0.035690
rs58120505	7	1990232	T	C	True	atac	62	-0.028444
rs58120505	7	1990232	T	C	True	atac	63	-0.017989
rs58120505	7	1990232	T	C	True	atac	64	-0.034970
rs58120505	7	1990232	T	C	True	atac	65	0.001672
rs58120505	7	1990232	T	C	True	atac	66	-0.001130
rs58120505	7	1990232	T	C	True	atac	67	-0.022968
rs58120505	7	1990232	T	C	True	atac	68	-0.031682
rs58120505	7	1990232	T	C	True	atac	69	-0.039850
rs58120505	7	1990232	T	C	True	atac	70	-0.003160
rs58120505	7	1990232	T	C	True	atac	71	-0.003375
rs58120505	7	1990232	T	C	True	atac	72	-0.005747
rs58120505	7	1990232	T	C	True	atac	73	-0.001008
rs58120505	7	1990232	T	C	True	atac	74	0.001607
rs58120505	7	1990232	T	C	True	atac	75	-0.006801
rs58120505	7	1990232	T	C	True	atac	76	0.000491
rs58120505	7	1990232	T	C	True	atac	77	-0.000415
rs58120505	7	1990232	T	C	True	atac	78	0.002002
rs58120505	7	1990232	T	C	True	atac	79	-0.002569
rs58120505	7	1990232	T	C	True	atac	80	-0.002395
rs58120505	7	1990232	T	C	True	atac	81	-0.006342
rs58120505	7	1990232	T	C	True	atac	82	0.000488
rs58120505	7	1990232	T	C	True	atac	83	0.002728
rs58120505	7	1990232	T	C	True	atac	84	-0.001983
rs58120505	7	1990232	T	C	True	atac	85	-0.007616
rs58120505	7	1990232	T	C	True	atac	86	-0.007033
rs58120505	7	1990232	T	C	True	atac	87	-0.003673
rs58120505	7	1990232	T	C	True	atac	88	-0.000602
rs58120505	7	1990232	T	C	True	atac	89	0.003706
rs58120505	7	1990232	T	C	True	atac	90	-0.002608
rs58120505	7	1990232	T	C	True	atac	91	-0.000933
rs58120505	7	1990232	T	C	True	atac	92	0.001176
rs58120505	7	1990232	T	C	True	atac	93	-0.000790
rs58120505	7	1990232	T	C	True	atac	94	0.006126
rs58120505	7	1990232	T	C	True	atac	95	-0.011942
rs58120505	7	1990232	T	C	True	atac	96	0.001439
rs58120505	7	1990232	T	C	True	atac	97	-0.002298
rs58120505	7	1990232	T	C	True	atac	98	-0.003054
rs58120505	7	1990232	T	C	True	atac	99	0.002960
rs58120505	7	1990232	T	C	True	atac	100	-0.006647
rs58120505	7	1990232	T	C	True	atac	101	-0.001708
rs58120505	7	1990232	T	C	True	atac	102	0.002436
rs58120505	7	1990232	T	C	True	atac	103	-0.000392
rs58120505	7	1990232	T	C	True	atac	104	-0.002112
rs58120505	7	1990232	T	C	True	atac	105	0.000461
rs58120505	7	1990232	T	C	True	atac	106	0.002409
rs58120505	7	1990232	T	C	True	atac	107	-0.001165
rs58120505	7	1990232	T	C	True	atac	108	-0.000559
rs58120505	7	1990232	T	C	True	atac	109	-0.007934
rs58120505	7	1990232	T	C	True	atac	110	0.001753
rs58120505	7	1990232	T	C	True	atac	111	0.000930
rs58120505	7	1990232	T	C	True	atac	112	-0.004036
rs58120505	7	1990232	T	C	True	atac	113	-0.001865
rs58120505	7	1990232	T	C	True	atac	114	-0.002193
rs58120505	7	1990232	T	C	True	atac	115	-0.010683
rs58120505	7	1990232	T	C	True	atac	116	-0.004732
rs58120505	7	1990232	T	C	True	atac	117	-0.002573
rs58120505	7	1990232	T	C	True	atac	118	-0.009188
rs58120505	7	1990232	T	C	True	atac	119	0.000577
rs58120505	7	1990232	T	C	True	atac	120	0.012027
rs58120505	7	1990232	T	C	True	atac	121	0.008776
rs58120505	7	1990232	T	C	True	atac	122	0.013772
rs58120505	7	1990232	T	C	True	atac	123	0.014677
rs58120505	7	1990232	T	C	True	atac	124	0.008174
rs58120505	7	1990232	T	C	True	atac	125	0.009148
rs58120505	7	1990232	T	C	True	atac	126	0.015195
rs58120505	7	1990232	T	C	True	atac	127	0.007419
rs58120505	7	1990232	T	C	True	atac	128	0.012724
rs58120505	7	1990232	T	C	True	atac	129	-0.004609
rs58120505	7	1990232	T	C	True	atac	130	-0.010659
rs58120505	7	1990232	T	C	True	atac	131	0.008366
rs58120505	7	1990232	T	C	True	atac	132	0.005795
rs58120505	7	1990232	T	C	True	atac	133	0.000269
rs58120505	7	1990232	T	C	True	atac	134	0.009572
rs58120505	7	1990232	T	C	True	atac	135	0.002881
rs58120505	7	1990232	T	C	True	atac	136	-0.007440
rs58120505	7	1990232	T	C	True	atac	137	-0.014305
rs58120505	7	1990232	T	C	True	atac	138	0.008522
rs58120505	7	1990232	T	C	True	atac	139	0.014773
rs58120505	7	1990232	T	C	True	atac	140	0.013812
rs58120505	7	1990232	T	C	True	atac	141	0.016503
rs58120505	7	1990232	T	C	True	atac	142	0.013660
rs58120505	7	1990232	T	C	True	atac	143	0.018081
rs58120505	7	1990232	T	C	True	atac	144	-0.001545
rs58120505	7	1990232	T	C	True	atac	145	0.009176
rs58120505	7	1990232	T	C	True	atac	146	0.008903
rs58120505	7	1990232	T	C	True	atac	147	0.007032
rs58120505	7	1990232	T	C	True	atac	148	0.007088
rs58120505	7	1990232	T	C	True	atac	149	0.014811
rs58120505	7	1990232	T	C	True	atac	150	0.007689
rs58120505	7	1990232	T	C	True	atac	151	0.005666
rs58120505	7	1990232	T	C	True	atac	152	0.015002
rs58120505	7	1990232	T	C	True	atac	153	0.004586
rs58120505	7	1990232	T	C	True	atac	154	0.002826
rs58120505	7	1990232	T	C	True	atac	155	0.008807
rs58120505	7	1990232	T	C	True	atac	156	-0.002039
rs58120505	7	1990232	T	C	True	atac	157	-0.003237
rs58120505	7	1990232	T	C	True	atac	158	-0.003506
rs58120505	7	1990232	T	C	True	atac	159	0.007407
rs58120505	7	1990232	T	C	True	atac	160	0.015176
rs58120505	7	1990232	T	C	True	atac	161	0.016361
rs58120505	7	1990232	T	C	True	atac	162	0.005073
rs58120505	7	1990232	T	C	True	atac	163	-0.008284
rs58120505	7	1990232	T	C	True	atac	164	0.003775
rs58120505	7	1990232	T	C	True	atac	165	-0.001259
rs58120505	7	1990232	T	C	True	atac	166	-0.018027
rs58120505	7	1990232	T	C	True	atac	167	0.000000
rs58120505	7	1990232	T	C	True	atac	168	0.000000
rs58120505	7	1990232	T	C	True	atac	169	0.000000
rs58120505	7	1990232	T	C	True	atac	170	0.000000
rs58120505	7	1990232	T	C	True	atac	171	0.000000
rs58120505	7	1990232	T	C	True	atac	172	0.000000
rs58120505	7	1990232	T	C	True	atac	173	0.000000
rs58120505	7	1990232	T	C	True	atac	174	0.000000
rs58120505	7	1990232	T	C	True	atac	175	0.000000
rs58120505	7	1990232	T	C	True	atac	176	0.000000
rs58120505	7	1990232	T	C	True	atac	177	0.000000
rs58120505	7	1990232	T	C	True	atac	178	0.000000
rs58120505	7	1990232	T	C	True	atac	179	0.000000
rs58120505	7	1990232	T	C	True	atac	180	0.000000
rs58120505	7	1990232	T	C	True	atac	181	0.000000
rs58120505	7	1990232	T	C	True	atac	182	0.000000
rs58120505	7	1990232	T	C	True	atac	183	0.000000
rs58120505	7	1990232	T	C	True	atac	184	0.000000
rs58120505	7	1990232	T	C	True	atac	185	0.000000
rs58120505	7	1990232	T	C	True	atac	186	0.000000
rs58120505	7	1990232	T	C	True	atac	187	0.000000
rs58120505	7	1990232	T	C	True	atac	188	0.000000
rs58120505	7	1990232	T	C	True	atac	189	0.000000
rs58120505	7	1990232	T	C	True	atac	190	0.000000
rs58120505	7	1990232	T	C	True	atac	191	0.000000
rs58120505	7	1990232	T	C	True	atac	192	0.000000
rs58120505	7	1990232	T	C	True	atac	193	0.000000
rs58120505	7	1990232	T	C	True	atac	194	0.000000
rs58120505	7	1990232	T	C	True	atac	195	0.000000
rs58120505	7	1990232	T	C	True	atac	196	0.000000
rs58120505	7	1990232	T	C	True	atac	197	0.000000
rs58120505	7	1990232	T	C	True	atac	198	0.000000
rs58120505	7	1990232	T	C	True	atac	199	0.000000
rs58120505	7	1990232	T	C	True	atac	200	0.000000
rs58120505	7	1990232	T	C	True	atac	201	0.000000
rs58120505	7	1990232	T	C	True	atac	202	0.000000
rs58120505	7	1990232	T	C	True	atac	203	0.000000
rs58120505	7	1990232	T	C	True	atac	204	0.000000
rs58120505	7	1990232	T	C	True	atac	205	0.000000
rs58120505	7	1990232	T	C	True	atac	206	0.000000
rs58120505	7	1990232	T	C	True	atac	207	0.000000
rs58120505	7	1990232	T	C	True	atac	208	0.000000
rs58120505	7	1990232	T	C	True	atac	209	0.000000
rs58120505	7	1990232	T	C	True	atac	210	0.000000
rs58120505	7	1990232	T	C	True	atac	211	0.000000
rs58120505	7	1990232	T	C	True	atac	212	0.000000
rs58120505	7	1990232	T	C	True	atac	213	0.000000
rs58120505	7	1990232	T	C	True	atac	214	0.000000
rs58120505	7	1990232	T	C	True	atac	215	0.000000
rs58120505	7	1990232	T	C	True	atac	216	0.000000
rs58120505	7	1990232	T	C	True	atac	217	0.000000
rs58120505	7	1990232	T	C	True	atac	218	0.000000
rs58120505	7	1990232	T	C	True	atac	219	0.000000
rs58120505	7	1990232	T	C	True	atac	220	0.000000
rs58120505	7	1990232	T	C	True	atac	221	0.000000
rs58120505	7	1990232	T	C	True	atac	222	0.000000
rs58120505	7	1990232	T	C	True	atac	223	0.000000
rs58120505	7	1990232	T	C	True	atac	224	0.000000
rs58120505	7	1990232	T	C	True	atac	225	0.000000
rs58120505	7	1990232	T	C	True	atac	226	0.000000
rs58120505	7	1990232	T	C	True	atac	227	0.000000
rs58120505	7	1990232	T	C	True	atac	228	0.000000
rs58120505	7	1990232	T	C	True	atac	229	0.000000
rs58120505	7	1990232	T	C	True	atac	230	0.000000
rs58120505	7	1990232	T	C	True	atac	231	0.000000
rs58120505	7	1990232	T	C	True	atac	232	0.000000
rs58120505	7	1990232	T	C	True	atac	233	0.000000
rs58120505	7	1990232	T	C	True	atac	234	0.000000
rs58120505	7	1990232	T	C	True	atac	235	0.000000
rs58120505	7	1990232	T	C	True	atac	236	0.000000
rs58120505	7	1990232	T	C	True	atac	237	0.000000
rs58120505	7	1990232	T	C	True	atac	238	0.000000
rs58120505	7	1990232	T	C	True	atac	239	0.000000
rs58120505	7	1990232	T	C	True	atac	240	0.000000
rs58120505	7	1990232	T	C	True	atac	241	0.000000
rs58120505	7	1990232	T	C	True	atac	242	0.000000
rs58120505	7	1990232	T	C	True	atac	243	0.000000
rs58120505	7	1990232	T	C	True	atac	244	0.000000
rs58120505	7	1990232	T	C	True	atac	245	0.000000
rs58120505	7	1990232	T	C	True	atac	246	0.000000
rs58120505	7	1990232	T	C	True	atac	247	0.000000
rs58120505	7	1990232	T	C	True	atac	248	0.000000
rs58120505	7	1990232	T	C	True	atac	249	0.000000
rs58120505	7	1990232	T	C	True	atac	250	0.000000
rs58120505	7	1990232	T	C	True	atac	251	0.000000
rs58120505	7	1990232	T	C	True	atac	252	0.000000
rs58120505	7	1990232	T	C	True	atac	253	0.000000
rs58120505	7	1990232	T	C	True	atac	254	0.000000
rs58120505	7	1990232	T	C	True	atac	255	0.000000
rs58120505	7	1990232	T	C	True	dnase	0	-0.014541
rs58120505	7	1990232	T	C	True	dnase	1	-0.010929
rs58120505	7	1990232	T	C	True	dnase	2	-0.006674
rs58120505	7	1990232	T	C	True	dnase	3	-0.028281
rs58120505	7	1990232	T	C	True	dnase	4	-0.003243
rs58120505	7	1990232	T	C	True	dnase	5	-0.014514
rs58120505	7	1990232	T	C	True	dnase	6	-0.000128
rs58120505	7	1990232	T	C	True	dnase	7	-0.003384
rs58120505	7	1990232	T	C	True	dnase	8	-0.020078
rs58120505	7	1990232	T	C	True	dnase	9	-0.035516
rs58120505	7	1990232	T	C	True	dnase	10	-0.024533
rs58120505	7	1990232	T	C	True	dnase	11	-0.014190
rs58120505	7	1990232	T	C	True	dnase	12	-0.022002
rs58120505	7	1990232	T	C	True	dnase	13	-0.015489
rs58120505	7	1990232	T	C	True	dnase	14	-0.020386
rs58120505	7	1990232	T	C	True	dnase	15	-0.003210
rs58120505	7	1990232	T	C	True	dnase	16	-0.004394
rs58120505	7	1990232	T	C	True	dnase	17	-0.003913
rs58120505	7	1990232	T	C	True	dnase	18	-0.009234
rs58120505	7	1990232	T	C	True	dnase	19	-0.013715
rs58120505	7	1990232	T	C	True	dnase	20	-0.009520
rs58120505	7	1990232	T	C	True	dnase	21	-0.007870
rs58120505	7	1990232	T	C	True	dnase	22	0.001681
rs58120505	7	1990232	T	C	True	dnase	23	-0.030007
rs58120505	7	1990232	T	C	True	dnase	24	-0.024312
rs58120505	7	1990232	T	C	True	dnase	25	-0.008696
rs58120505	7	1990232	T	C	True	dnase	26	0.003297
rs58120505	7	1990232	T	C	True	dnase	27	-0.007487
rs58120505	7	1990232	T	C	True	dnase	28	-0.001700
rs58120505	7	1990232	T	C	True	dnase	29	-0.018338
rs58120505	7	1990232	T	C	True	dnase	30	-0.000632
rs58120505	7	1990232	T	C	True	dnase	31	-0.006152
rs58120505	7	1990232	T	C	True	dnase	32	-0.007061
rs58120505	7	1990232	T	C	True	dnase	33	-0.005400
rs58120505	7	1990232	T	C	True	dnase	34	-0.006473
rs58120505	7	1990232	T	C	True	dnase	35	-0.005690
rs58120505	7	1990232	T	C	True	dnase	36	-0.000458
rs58120505	7	1990232	T	C	True	dnase	37	-0.006744
rs58120505	7	1990232	T	C	True	dnase	38	-0.007732
rs58120505	7	1990232	T	C	True	dnase	39	-0.005453
rs58120505	7	1990232	T	C	True	dnase	40	-0.012212
rs58120505	7	1990232	T	C	True	dnase	41	-0.001497
rs58120505	7	1990232	T	C	True	dnase	42	-0.011757
rs58120505	7	1990232	T	C	True	dnase	43	0.000093
rs58120505	7	1990232	T	C	True	dnase	44	-0.010397
rs58120505	7	1990232	T	C	True	dnase	45	-0.006384
rs58120505	7	1990232	T	C	True	dnase	46	-0.011555
rs58120505	7	1990232	T	C	True	dnase	47	-0.017327
rs58120505	7	1990232	T	C	True	dnase	48	-0.009424
rs58120505	7	1990232	T	C	True	dnase	49	-0.023261
rs58120505	7	1990232	T	C	True	dnase	50	-0.038716
rs58120505	7	1990232	T	C	True	dnase	51	-0.020729
rs58120505	7	1990232	T	C	True	dnase	52	-0.014493
rs58120505	7	1990232	T	C	True	dnase	53	-0.005411
rs58120505	7	1990232	T	C	True	dnase	54	-0.012072
rs58120505	7	1990232	T	C	True	dnase	55	-0.020368
rs58120505	7	1990232	T	C	True	dnase	56	-0.023589
rs58120505	7	1990232	T	C	True	dnase	57	-0.031938
rs58120505	7	1990232	T	C	True	dnase	58	-0.027169
rs58120505	7	1990232	T	C	True	dnase	59	-0.017728
rs58120505	7	1990232	T	C	True	dnase	60	-0.026614
rs58120505	7	1990232	T	C	True	dnase	61	-0.029674
rs58120505	7	1990232	T	C	True	dnase	62	-0.027004
rs58120505	7	1990232	T	C	True	dnase	63	-0.039245
rs58120505	7	1990232	T	C	True	dnase	64	-0.022689
rs58120505	7	1990232	T	C	True	dnase	65	-0.012509
rs58120505	7	1990232	T	C	True	dnase	66	-0.014194
rs58120505	7	1990232	T	C	True	dnase	67	-0.032758
rs58120505	7	1990232	T	C	True	dnase	68	-0.037249
rs58120505	7	1990232	T	C	True	dnase	69	-0.018721
rs58120505	7	1990232	T	C	True	dnase	70	-0.017858
rs58120505	7	1990232	T	C	True	dnase	71	-0.015761
rs58120505	7	1990232	T	C	True	dnase	72	-0.016390
rs58120505	7	1990232	T	C	True	dnase	73	-0.009855
rs58120505	7	1990232	T	C	True	dnase	74	-0.037090
rs58120505	7	1990232	T	C	True	dnase	75	-0.006252
rs58120505	7	1990232	T	C	True	dnase	76	-0.004983
rs58120505	7	1990232	T	C	True	dnase	77	-0.030711
rs58120505	7	1990232	T	C	True	dnase	78	-0.017413
rs58120505	7	1990232	T	C	True	dnase	79	-0.012046
rs58120505	7	1990232	T	C	True	dnase	80	-0.033367
rs58120505	7	1990232	T	C	True	dnase	81	-0.011994
rs58120505	7	1990232	T	C	True	dnase	82	-0.012969
rs58120505	7	1990232	T	C	True	dnase	83	-0.024902
rs58120505	7	1990232	T	C	True	dnase	84	-0.023256
rs58120505	7	1990232	T	C	True	dnase	85	0.002259
rs58120505	7	1990232	T	C	True	dnase	86	-0.018292
rs58120505	7	1990232	T	C	True	dnase	87	-0.015535
rs58120505	7	1990232	T	C	True	dnase	88	-0.000480
rs58120505	7	1990232	T	C	True	dnase	89	-0.029224
rs58120505	7	1990232	T	C	True	dnase	90	-0.010361
rs58120505	7	1990232	T	C	True	dnase	91	-0.021144
rs58120505	7	1990232	T	C	True	dnase	92	-0.013333
rs58120505	7	1990232	T	C	True	dnase	93	0.008097
rs58120505	7	1990232	T	C	True	dnase	94	-0.018400
rs58120505	7	1990232	T	C	True	dnase	95	-0.041446
rs58120505	7	1990232	T	C	True	dnase	96	-0.002462
rs58120505	7	1990232	T	C	True	dnase	97	-0.005094
rs58120505	7	1990232	T	C	True	dnase	98	-0.026956
rs58120505	7	1990232	T	C	True	dnase	99	-0.044634
rs58120505	7	1990232	T	C	True	dnase	100	-0.031902
rs58120505	7	1990232	T	C	True	dnase	101	-0.038530
rs58120505	7	1990232	T	C	True	dnase	102	-0.014164
rs58120505	7	1990232	T	C	True	dnase	103	-0.003684
rs58120505	7	1990232	T	C	True	dnase	104	-0.008760
rs58120505	7	1990232	T	C	True	dnase	105	-0.030998
rs58120505	7	1990232	T	C	True	dnase	106	-0.030176
rs58120505	7	1990232	T	C	True	dnase	107	-0.009758
rs58120505	7	1990232	T	C	True	dnase	108	-0.019673
rs58120505	7	1990232	T	C	True	dnase	109	-0.019406
rs58120505	7	1990232	T	C	True	dnase	110	-0.037527
rs58120505	7	1990232	T	C	True	dnase	111	-0.023501
rs58120505	7	1990232	T	C	True	dnase	112	-0.049464
rs58120505	7	1990232	T	C	True	dnase	113	-0.036099
rs58120505	7	1990232	T	C	True	dnase	114	-0.031128
rs58120505	7	1990232	T	C	True	dnase	115	-0.024902
rs58120505	7	1990232	T	C	True	dnase	116	-0.051401
rs58120505	7	1990232	T	C	True	dnase	117	-0.007886
rs58120505	7	1990232	T	C	True	dnase	118	-0.030928
rs58120505	7	1990232	T	C	True	dnase	119	-0.035337
rs58120505	7	1990232	T	C	True	dnase	120	-0.035472
rs58120505	7	1990232	T	C	True	dnase	121	-0.030418
rs58120505	7	1990232	T	C	True	dnase	122	-0.017496
rs58120505	7	1990232	T	C	True	dnase	123	-0.025448
rs58120505	7	1990232	T	C	True	dnase	124	-0.008438
rs58120505	7	1990232	T	C	True	dnase	125	-0.015669
rs58120505	7	1990232	T	C	True	dnase	126	-0.024228
rs58120505	7	1990232	T	C	True	dnase	127	-0.022777
rs58120505	7	1990232	T	C	True	dnase	128	-0.045859
rs58120505	7	1990232	T	C	True	dnase	129	-0.015483
rs58120505	7	1990232	T	C	True	dnase	130	-0.028926
rs58120505	7	1990232	T	C	True	dnase	131	-0.047254
rs58120505	7	1990232	T	C	True	dnase	132	-0.016950
rs58120505	7	1990232	T	C	True	dnase	133	-0.002304
rs58120505	7	1990232	T	C	True	dnase	134	-0.052230
rs58120505	7	1990232	T	C	True	dnase	135	-0.020195
rs58120505	7	1990232	T	C	True	dnase	136	-0.000356
rs58120505	7	1990232	T	C	True	dnase	137	-0.037749
rs58120505	7	1990232	T	C	True	dnase	138	-0.005189
rs58120505	7	1990232	T	C	True	dnase	139	-0.006219
rs58120505	7	1990232	T	C	True	dnase	140	-0.007342
rs58120505	7	1990232	T	C	True	dnase	141	-0.010718
rs58120505	7	1990232	T	C	True	dnase	142	-0.034494
rs58120505	7	1990232	T	C	True	dnase	143	-0.033362
rs58120505	7	1990232	T	C	True	dnase	144	-0.022588
rs58120505	7	1990232	T	C	True	dnase	145	-0.017210
rs58120505	7	1990232	T	C	True	dnase	146	-0.033246
rs58120505	7	1990232	T	C	True	dnase	147	-0.024307
rs58120505	7	1990232	T	C	True	dnase	148	-0.016237
rs58120505	7	1990232	T	C	True	dnase	149	-0.012065
rs58120505	7	1990232	T	C	True	dnase	150	-0.020110
rs58120505	7	1990232	T	C	True	dnase	151	-0.029387
rs58120505	7	1990232	T	C	True	dnase	152	-0.020638
rs58120505	7	1990232	T	C	True	dnase	153	0.015697
rs58120505	7	1990232	T	C	True	dnase	154	-0.019631
rs58120505	7	1990232	T	C	True	dnase	155	-0.033949
rs58120505	7	1990232	T	C	True	dnase	156	-0.032977
rs58120505	7	1990232	T	C	True	dnase	157	-0.033477
rs58120505	7	1990232	T	C	True	dnase	158	-0.016926
rs58120505	7	1990232	T	C	True	dnase	159	-0.006577
rs58120505	7	1990232	T	C	True	dnase	160	-0.002455
rs58120505	7	1990232	T	C	True	dnase	161	-0.022489
rs58120505	7	1990232	T	C	True	dnase	162	-0.011952
rs58120505	7	1990232	T	C	True	dnase	163	-0.031397
rs58120505	7	1990232	T	C	True	dnase	164	-0.028685
rs58120505	7	1990232	T	C	True	dnase	165	-0.020036
rs58120505	7	1990232	T	C	True	dnase	166	-0.020122
rs58120505	7	1990232	T	C	True	dnase	167	-0.014478
rs58120505	7	1990232	T	C	True	dnase	168	-0.018673
rs58120505	7	1990232	T	C	True	dnase	169	0.003939
rs58120505	7	1990232	T	C	True	dnase	170	-0.024431
rs58120505	7	1990232	T	C	True	dnase	171	-0.018527
rs58120505	7	1990232	T	C	True	dnase	172	-0.027252
rs58120505	7	1990232	T	C	True	dnase	173	-0.022270
rs58120505	7	1990232	T	C	True	dnase	174	-0.007841
rs58120505	7	1990232	T	C	True	dnase	175	-0.000719
rs58120505	7	1990232	T	C	True	dnase	176	-0.036547
rs58120505	7	1990232	T	C	True	dnase	177	-0.020451
rs58120505	7	1990232	T	C	True	dnase	178	0.007894
rs58120505	7	1990232	T	C	True	dnase	179	-0.052033
rs58120505	7	1990232	T	C	True	dnase	180	-0.007959
rs58120505	7	1990232	T	C	True	dnase	181	-0.020527
rs58120505	7	1990232	T	C	True	dnase	182	-0.041188
rs58120505	7	1990232	T	C	True	dnase	183	-0.013397
rs58120505	7	1990232	T	C	True	dnase	184	-0.016242
rs58120505	7	1990232	T	C	True	dnase	185	-0.020181
rs58120505	7	1990232	T	C	True	dnase	186	-0.026248
rs58120505	7	1990232	T	C	True	dnase	187	-0.014380
rs58120505	7	1990232	T	C	True	dnase	188	-0.036519
rs58120505	7	1990232	T	C	True	dnase	189	-0.005108
rs58120505	7	1990232	T	C	True	dnase	190	-0.012912
rs58120505	7	1990232	T	C	True	dnase	191	-0.020381
rs58120505	7	1990232	T	C	True	dnase	192	-0.018129
rs58120505	7	1990232	T	C	True	dnase	193	-0.018548
rs58120505	7	1990232	T	C	True	dnase	194	-0.015437
rs58120505	7	1990232	T	C	True	dnase	195	-0.021789
rs58120505	7	1990232	T	C	True	dnase	196	-0.034960
rs58120505	7	1990232	T	C	True	dnase	197	-0.006300
rs58120505	7	1990232	T	C	True	dnase	198	-0.009855
rs58120505	7	1990232	T	C	True	dnase	199	-0.020976
rs58120505	7	1990232	T	C	True	dnase	200	-0.023433
rs58120505	7	1990232	T	C	True	dnase	201	-0.005315
rs58120505	7	1990232	T	C	True	dnase	202	-0.008164
rs58120505	7	1990232	T	C	True	dnase	203	-0.005463
rs58120505	7	1990232	T	C	True	dnase	204	-0.000365
rs58120505	7	1990232	T	C	True	dnase	205	-0.000608
rs58120505	7	1990232	T	C	True	dnase	206	-0.015022
rs58120505	7	1990232	T	C	True	dnase	207	-0.017966
rs58120505	7	1990232	T	C	True	dnase	208	-0.022791
rs58120505	7	1990232	T	C	True	dnase	209	-0.021438
rs58120505	7	1990232	T	C	True	dnase	210	-0.010388
rs58120505	7	1990232	T	C	True	dnase	211	-0.016203
rs58120505	7	1990232	T	C	True	dnase	212	-0.024999
rs58120505	7	1990232	T	C	True	dnase	213	-0.010161
rs58120505	7	1990232	T	C	True	dnase	214	-0.000880
rs58120505	7	1990232	T	C	True	dnase	215	-0.007689
rs58120505	7	1990232	T	C	True	dnase	216	-0.013656
rs58120505	7	1990232	T	C	True	dnase	217	-0.024142
rs58120505	7	1990232	T	C	True	dnase	218	-0.011378
rs58120505	7	1990232	T	C	True	dnase	219	-0.004308
rs58120505	7	1990232	T	C	True	dnase	220	-0.004325
rs58120505	7	1990232	T	C	True	dnase	221	-0.014433
rs58120505	7	1990232	T	C	True	dnase	222	0.018560
rs58120505	7	1990232	T	C	True	dnase	223	0.001234
rs58120505	7	1990232	T	C	True	dnase	224	0.003691
rs58120505	7	1990232	T	C	True	dnase	225	-0.026309
rs58120505	7	1990232	T	C	True	dnase	226	-0.004794
rs58120505	7	1990232	T	C	True	dnase	227	-0.008988
rs58120505	7	1990232	T	C	True	dnase	228	-0.000590
rs58120505	7	1990232	T	C	True	dnase	229	-0.005634
rs58120505	7	1990232	T	C	True	dnase	230	-0.008518
rs58120505	7	1990232	T	C	True	dnase	231	-0.015084
rs58120505	7	1990232	T	C	True	dnase	232	-0.017203
rs58120505	7	1990232	T	C	True	dnase	233	-0.005639
rs58120505	7	1990232	T	C	True	dnase	234	-0.009772
rs58120505	7	1990232	T	C	True	dnase	235	-0.022453
rs58120505	7	1990232	T	C	True	dnase	236	0.004984
rs58120505	7	1990232	T	C	True	dnase	237	-0.008329
rs58120505	7	1990232	T	C	True	dnase	238	-0.017843
rs58120505	7	1990232	T	C	True	dnase	239	0.010662
rs58120505	7	1990232	T	C	True	dnase	240	-0.006045
rs58120505	7	1990232	T	C	True	dnase	241	0.001859
rs58120505	7	1990232	T	C	True	dnase	242	-0.016363
rs58120505	7	1990232	T	C	True	dnase	243	-0.001702
rs58120505	7	1990232	T	C	True	dnase	244	0.003391
rs58120505	7	1990232	T	C	True	dnase	245	0.005504
rs58120505	7	1990232	T	C	True	dnase	246	-0.002354
rs58120505	7	1990232	T	C	True	dnase	247	-0.024447
rs58120505	7	1990232	T	C	True	dnase	248	-0.017390
rs58120505	7	1990232	T	C	True	dnase	249	-0.018133
rs58120505	7	1990232	T	C	True	dnase	250	0.000973
rs58120505	7	1990232	T	C	True	dnase	251	-0.005036
rs58120505	7	1990232	T	C	True	dnase	252	-0.043560
rs58120505	7	1990232	T	C	True	dnase	253	0.007355
rs58120505	7	1990232	T	C	True	dnase	254	0.003250
rs58120505	7	1990232	T	C	True	dnase	255	-0.007201
rs58120505	7	1990232	T	C	True	dnase	256	0.000378
rs58120505	7	1990232	T	C	True	dnase	257	0.000595
rs58120505	7	1990232	T	C	True	dnase	258	-0.004188
rs58120505	7	1990232	T	C	True	dnase	259	0.000711
rs58120505	7	1990232	T	C	True	dnase	260	-0.013698
rs58120505	7	1990232	T	C	True	dnase	261	-0.033723
rs58120505	7	1990232	T	C	True	dnase	262	0.007764
rs58120505	7	1990232	T	C	True	dnase	263	-0.019053
rs58120505	7	1990232	T	C	True	dnase	264	-0.001461
rs58120505	7	1990232	T	C	True	dnase	265	0.007673
rs58120505	7	1990232	T	C	True	dnase	266	0.000018
rs58120505	7	1990232	T	C	True	dnase	267	-0.008194
rs58120505	7	1990232	T	C	True	dnase	268	-0.030475
rs58120505	7	1990232	T	C	True	dnase	269	0.004052
rs58120505	7	1990232	T	C	True	dnase	270	0.000566
rs58120505	7	1990232	T	C	True	dnase	271	-0.014013
rs58120505	7	1990232	T	C	True	dnase	272	-0.013964
rs58120505	7	1990232	T	C	True	dnase	273	-0.012997
rs58120505	7	1990232	T	C	True	dnase	274	-0.033089
rs58120505	7	1990232	T	C	True	dnase	275	-0.013403
rs58120505	7	1990232	T	C	True	dnase	276	0.003347
rs58120505	7	1990232	T	C	True	dnase	277	-0.002155
rs58120505	7	1990232	T	C	True	dnase	278	0.003218
rs58120505	7	1990232	T	C	True	dnase	279	-0.002265
rs58120505	7	1990232	T	C	True	dnase	280	-0.025521
rs58120505	7	1990232	T	C	True	dnase	281	-0.003293
rs58120505	7	1990232	T	C	True	dnase	282	-0.004637
rs58120505	7	1990232	T	C	True	dnase	283	-0.009159
rs58120505	7	1990232	T	C	True	dnase	284	-0.017535
rs58120505	7	1990232	T	C	True	dnase	285	-0.009307
rs58120505	7	1990232	T	C	True	dnase	286	-0.007260
rs58120505	7	1990232	T	C	True	dnase	287	-0.003929
rs58120505	7	1990232	T	C	True	dnase	288	-0.001560
rs58120505	7	1990232	T	C	True	dnase	289	0.037682
rs58120505	7	1990232	T	C	True	dnase	290	0.049417
rs58120505	7	1990232	T	C	True	dnase	291	-0.018405
rs58120505	7	1990232	T	C	True	dnase	292	-0.011017
rs58120505	7	1990232	T	C	True	dnase	293	-0.021176
rs58120505	7	1990232	T	C	True	dnase	294	-0.007138
rs58120505	7	1990232	T	C	True	dnase	295	-0.000659
rs58120505	7	1990232	T	C	True	dnase	296	-0.017544
rs58120505	7	1990232	T	C	True	dnase	297	-0.018089
rs58120505	7	1990232	T	C	True	dnase	298	-0.025505
rs58120505	7	1990232	T	C	True	dnase	299	-0.024506
rs58120505	7	1990232	T	C	True	dnase	300	-0.004046
rs58120505	7	1990232	T	C	True	dnase	301	0.001176
rs58120505	7	1990232	T	C	True	dnase	302	0.008057
rs58120505	7	1990232	T	C	True	dnase	303	0.007381
rs58120505	7	1990232	T	C	True	dnase	304	0.009825
rs58120505	7	1990232	T	C	True	dnase	305	0.000000
rs58120505	7	1990232	T	C	True	dnase	306	0.000000
rs58120505	7	1990232	T	C	True	dnase	307	0.000000
rs58120505	7	1990232	T	C	True	dnase	308	0.000000
rs58120505	7	1990232	T	C	True	dnase	309	0.000000
rs58120505	7	1990232	T	C	True	dnase	310	0.000000
rs58120505	7	1990232	T	C	True	dnase	311	0.000000
rs58120505	7	1990232	T	C	True	dnase	312	0.000000
rs58120505	7	1990232	T	C	True	dnase	313	0.000000
rs58120505	7	1990232	T	C	True	dnase	314	0.000000
rs58120505	7	1990232	T	C	True	dnase	315	0.000000
rs58120505	7	1990232	T	C	True	dnase	316	0.000000
rs58120505	7	1990232	T	C	True	dnase	317	0.000000
rs58120505	7	1990232	T	C	True	dnase	318	0.000000
rs58120505	7	1990232	T	C	True	dnase	319	0.000000
rs58120505	7	1990232	T	C	True	dnase	320	0.000000
rs58120505	7	1990232	T	C	True	dnase	321	0.000000
rs58120505	7	1990232	T	C	True	dnase	322	0.000000
rs58120505	7	1990232	T	C	True	dnase	323	0.000000
rs58120505	7	1990232	T	C	True	dnase	324	0.000000
rs58120505	7	1990232	T	C	True	dnase	325	0.000000
rs58120505	7	1990232	T	C	True	dnase	326	0.000000
rs58120505	7	1990232	T	C	True	dnase	327	0.000000
rs58120505	7	1990232	T	C	True	dnase	328	0.000000
rs58120505	7	1990232	T	C	True	dnase	329	0.000000
rs58120505	7	1990232	T	C	True	dnase	330	0.000000
rs58120505	7	1990232	T	C	True	dnase	331	0.000000
rs58120505	7	1990232	T	C	True	dnase	332	0.000000
rs58120505	7	1990232	T	C	True	dnase	333	0.000000
rs58120505	7	1990232	T	C	True	dnase	334	0.000000
rs58120505	7	1990232	T	C	True	dnase	335	0.000000
rs58120505	7	1990232	T	C	True	dnase	336	0.000000
rs58120505	7	1990232	T	C	True	dnase	337	0.000000
rs58120505	7	1990232	T	C	True	dnase	338	0.000000
rs58120505	7	1990232	T	C	True	dnase	339	0.000000
rs58120505	7	1990232	T	C	True	dnase	340	0.000000
rs58120505	7	1990232	T	C	True	dnase	341	0.000000
rs58120505	7	1990232	T	C	True	dnase	342	0.000000
rs58120505	7	1990232	T	C	True	dnase	343	0.000000
rs58120505	7	1990232	T	C	True	dnase	344	0.000000
rs58120505	7	1990232	T	C	True	dnase	345	0.000000
rs58120505	7	1990232	T	C	True	dnase	346	0.000000
rs58120505	7	1990232	T	C	True	dnase	347	0.000000
rs58120505	7	1990232	T	C	True	dnase	348	0.000000
rs58120505	7	1990232	T	C	True	dnase	349	0.000000
rs58120505	7	1990232	T	C	True	dnase	350	0.000000
rs58120505	7	1990232	T	C	True	dnase	351	0.000000
rs58120505	7	1990232	T	C	True	dnase	352	0.000000
rs58120505	7	1990232	T	C	True	dnase	353	0.000000
rs58120505	7	1990232	T	C	True	dnase	354	0.000000
rs58120505	7	1990232	T	C	True	dnase	355	0.000000
rs58120505	7	1990232	T	C	True	dnase	356	0.000000
rs58120505	7	1990232	T	C	True	dnase	357	0.000000
rs58120505	7	1990232	T	C	True	dnase	358	0.000000
rs58120505	7	1990232	T	C	True	dnase	359	0.000000
rs58120505	7	1990232	T	C	True	dnase	360	0.000000
rs58120505	7	1990232	T	C	True	dnase	361	0.000000
rs58120505	7	1990232	T	C	True	dnase	362	0.000000
rs58120505	7	1990232	T	C	True	dnase	363	0.000000
rs58120505	7	1990232	T	C	True	dnase	364	0.000000
rs58120505	7	1990232	T	C	True	dnase	365	0.000000
rs58120505	7	1990232	T	C	True	dnase	366	0.000000
rs58120505	7	1990232	T	C	True	dnase	367	0.000000
rs58120505	7	1990232	T	C	True	dnase	368	0.000000
rs58120505	7	1990232	T	C	True	dnase	369	0.000000
rs58120505	7	1990232	T	C	True	dnase	370	0.000000
rs58120505	7	1990232	T	C	True	dnase	371	0.000000
rs58120505	7	1990232	T	C	True	dnase	372	0.000000
rs58120505	7	1990232	T	C	True	dnase	373	0.000000
rs58120505	7	1990232	T	C	True	dnase	374	0.000000
rs58120505	7	1990232	T	C	True	dnase	375	0.000000
rs58120505	7	1990232	T	C	True	dnase	376	0.000000
rs58120505	7	1990232	T	C	True	dnase	377	0.000000
rs58120505	7	1990232	T	C	True	dnase	378	0.000000
rs58120505	7	1990232	T	C	True	dnase	379	0.000000
rs58120505	7	1990232	T	C	True	dnase	380	0.000000
rs58120505	7	1990232	T	C	True	dnase	381	0.000000
rs58120505	7	1990232	T	C	True	dnase	382	0.000000
rs58120505	7	1990232	T	C	True	dnase	383	0.000000
rs2238057	12	2274839	T	G	True	atac	0	-0.006627
rs2238057	12	2274839	T	G	True	atac	1	-0.019377
rs2238057	12	2274839	T	G	True	atac	2	-0.000133
rs2238057	12	2274839	T	G	True	atac	3	0.015413
rs2238057	12	2274839	T	G	True	atac	4	-0.020465
rs2238057	12	2274839	T	G	True	atac	5	-0.021742
rs2238057	12	2274839	T	G	True	atac	6	-0.001515
rs2238057	12	2274839	T	G	True	atac	7	0.007474
rs2238057	12	2274839	T	G	True	atac	8	0.008823
rs2238057	12	2274839	T	G	True	atac	9	-0.000598
rs2238057	12	2274839	T	G	True	atac	10	0.004631
rs2238057	12	2274839	T	G	True	atac	11	-0.006734
rs2238057	12	2274839	T	G	True	atac	12	0.023746
rs2238057	12	2274839	T	G	True	atac	13	0.009713
rs2238057	12	2274839	T	G	True	atac	14	0.016828
rs2238057	12	2274839	T	G	True	atac	15	0.009061
rs2238057	12	2274839	T	G	True	atac	16	0.007919
rs2238057	12	2274839	T	G	True	atac	17	0.004367
rs2238057	12	2274839	T	G	True	atac	18	0.016395
rs2238057	12	2274839	T	G	True	atac	19	0.004214
rs2238057	12	2274839	T	G	True	atac	20	0.019646
rs2238057	12	2274839	T	G	True	atac	21	0.008427
rs2238057	12	2274839	T	G	True	atac	22	0.010188
rs2238057	12	2274839	T	G	True	atac	23	0.015381
rs2238057	12	2274839	T	G	True	atac	24	0.009574
rs2238057	12	2274839	T	G	True	atac	25	0.017967
rs2238057	12	2274839	T	G	True	atac	26	0.016253
rs2238057	12	2274839	T	G	True	atac	27	0.014212
rs2238057	12	2274839	T	G	True	atac	28	0.015605
rs2238057	12	2274839	T	G	True	atac	29	0.011890
rs2238057	12	2274839	T	G	True	atac	30	0.010396
rs2238057	12	2274839	T	G	True	atac	31	0.014370
rs2238057	12	2274839	T	G	True	atac	32	0.023078
rs2238057	12	2274839	T	G	True	atac	33	0.020323
rs2238057	12	2274839	T	G	True	atac	34	0.014038
rs2238057	12	2274839	T	G	True	atac	35	0.025376
rs2238057	12	2274839	T	G	True	atac	36	0.010190
rs2238057	12	2274839	T	G	True	atac	37	0.023101
rs2238057	12	2274839	T	G	True	atac	38	0.019232
rs2238057	12	2274839	T	G	True	atac	39	0.018463
rs2238057	12	2274839	T	G	True	atac	40	0.014653
rs2238057	12	2274839	T	G	True	atac	41	0.014867
rs2238057	12	2274839	T	G	True	atac	42	0.015717
rs2238057	12	2274839	T	G	True	atac	43	0.012435
rs2238057	12	2274839	T	G	True	atac	44	0.016926
rs2238057	12	2274839	T	G	True	atac	45	0.000175
rs2238057	12	2274839	T	G	True	atac	46	0.003116
rs2238057	12	2274839	T	G	True	atac	47	0.013397
rs2238057	12	2274839	T	G	True	atac	48	0.008774
rs2238057	12	2274839	T	G	True	atac	49	0.006425
rs2238057	12	2274839	T	G	True	atac	50	0.011592
rs2238057	12	2274839	T	G	True	atac	51	-0.005292
rs2238057	12	2274839	T	G	True	atac	52	-0.012405
rs2238057	12	2274839	T	G	True	atac	53	0.023846
rs2238057	12	2274839	T	G	True	atac	54	0.009619
rs2238057	12	2274839	T	G	True	atac	55	0.025035
rs2238057	12	2274839	T	G	True	atac	56	-0.039335
rs2238057	12	2274839	T	G	True	atac	57	-0.028310
rs2238057	12	2274839	T	G	True	atac	58	0.020354
rs2238057	12	2274839	T	G	True	atac	59	-0.009697
rs2238057	12	2274839	T	G	True	atac	60	-0.106109
rs2238057	12	2274839	T	G	True	atac	61	0.034197
rs2238057	12	2274839	T	G	True	atac	62	0.038919
rs2238057	12	2274839	T	G	True	atac	63	-0.003767
rs2238057	12	2274839	T	G	True	atac	64	0.022448
rs2238057	12	2274839	T	G	True	atac	65	0.023110
rs2238057	12	2274839	T	G	True	atac	66	0.000061
rs2238057	12	2274839	T	G	True	atac	67	-0.003568
rs2238057	12	2274839	T	G	True	atac	68	-0.012723
rs2238057	12	2274839	T	G	True	atac	69	-0.033532
rs2238057	12	2274839	T	G	True	atac	70	0.000411
rs2238057	12	2274839	T	G	True	atac	71	0.012332
rs2238057	12	2274839	T	G	True	atac	72	-0.005572
rs2238057	12	2274839	T	G	True	atac	73	0.003837
rs2238057	12	2274839	T	G	True	atac	74	0.013491
rs2238057	12	2274839	T	G	True	atac	75	0.020950
rs2238057	12	2274839	T	G	True	atac	76	0.008318
rs2238057	12	2274839	T	G	True	atac	77	0.013308
rs2238057	12	2274839	T	G	True	atac	78	0.004678
rs2238057	12	2274839	T	G	True	atac	79	0.009449
rs2238057	12	2274839	T	G	True	atac	80	0.004309
rs2238057	12	2274839	T	G	True	atac	81	0.010890
rs2238057	12	2274839	T	G	True	atac	82	0.012385
rs2238057	12	2274839	T	G	True	atac	83	0.009951
rs2238057	12	2274839	T	G	True	atac	84	-0.012151
rs2238057	12	2274839	T	G	True	atac	85	-0.014391
rs2238057	12	2274839	T	G	True	atac	86	-0.007928
rs2238057	12	2274839	T	G	True	atac	87	0.006853
rs2238057	12	2274839	T	G	True	atac	88	0.021279
rs2238057	12	2274839	T	G	True	atac	89	0.011462
rs2238057	12	2274839	T	G	True	atac	90	0.007434
rs2238057	12	2274839	T	G	True	atac	91	0.010789
rs2238057	12	2274839	T	G	True	atac	92	0.012364
rs2238057	12	2274839	T	G	True	atac	93	0.009233
rs2238057	12	2274839	T	G	True	atac	94	0.005964
rs2238057	12	2274839	T	G	True	atac	95	0.022878
rs2238057	12	2274839	T	G	True	atac	96	0.020898
rs2238057	12	2274839	T	G	True	atac	97	-0.001625
rs2238057	12	2274839	T	G	True	atac	98	-0.004921
rs2238057	12	2274839	T	G	True	atac	99	0.019047
rs2238057	12	2274839	T	G	True	atac	100	0.000348
rs2238057	12	2274839	T	G	True	atac	101	0.020452
rs2238057	12	2274839	T	G	True	atac	102	0.005695
rs2238057	12	2274839	T	G	True	atac	103	0.011695
rs2238057	12	2274839	T	G	True	atac	104	0.006557
rs2238057	12	2274839	T	G	True	atac	105	0.016892
rs2238057	12	2274839	T	G	True	atac	106	0.023199
rs2238057	12	2274839	T	G	True	atac	107	0.006970
rs2238057	12	2274839	T	G	True	atac	108	-0.000777
rs2238057	12	2274839	T	G	True	atac	109	0.012627
rs2238057	12	2274839	T	G	True	atac	110	0.018830
rs2238057	12	2274839	T	G	True	atac	111	0.012730
rs2238057	12	2274839	T	G	True	atac	112	0.014688
rs2238057	12	2274839	T	G	True	atac	113	0.010773
rs2238057	12	2274839	T	G	True	atac	114	0.014970
rs2238057	12	2274839	T	G	True	atac	115	0.017582
rs2238057	12	2274839	T	G	True	atac	116	0.006631
rs2238057	12	2274839	T	G	True	atac	117	0.011199
rs2238057	12	2274839	T	G	True	atac	118	0.005507
rs2238057	12	2274839	T	G	True	atac	119	0.019595
rs2238057	12	2274839	T	G	True	atac	120	0.252203
rs2238057	12	2274839	T	G	True	atac	121	0.284434
rs2238057	12	2274839	T	G	True	atac	122	0.318679
rs2238057	12	2274839	T	G	True	atac	123	0.001877
rs2238057	12	2274839	T	G	True	atac	124	0.022770
rs2238057	12	2274839	T	G	True	atac	125	0.038485
rs2238057	12	2274839	T	G	True	atac	126	0.014361
rs2238057	12	2274839	T	G	True	atac	127	0.018895
rs2238057	12	2274839	T	G	True	atac	128	0.037187
rs2238057	12	2274839	T	G	True	atac	129	0.026315
rs2238057	12	2274839	T	G	True	atac	130	0.032205
rs2238057	12	2274839	T	G	True	atac	131	-0.008076
rs2238057	12	2274839	T	G	True	atac	132	0.046743
rs2238057	12	2274839	T	G	True	atac	133	0.099525
rs2238057	12	2274839	T	G	True	atac	134	0.021749
rs2238057	12	2274839	T	G	True	atac	135	0.021511
rs2238057	12	2274839	T	G	True	atac	136	0.027932
rs2238057	12	2274839	T	G	True	atac	137	0.097042
rs2238057	12	2274839	T	G	True	atac	138	0.010800
rs2238057	12	2274839	T	G	True	atac	139	0.152857
rs2238057	12	2274839	T	G	True	atac	140	0.198395
rs2238057	12	2274839	T	G	True	atac	141	0.241593
rs2238057	12	2274839	T	G	True	atac	142	0.257263
rs2238057	12	2274839	T	G	True	atac	143	0.149824
rs2238057	12	2274839	T	G	True	atac	144	0.030305
rs2238057	12	2274839	T	G	True	atac	145	0.000207
rs2238057	12	2274839	T	G	True	atac	146	0.000188
rs2238057	12	2274839	T	G	True	atac	147	0.019448
rs2238057	12	2274839	T	G	True	atac	148	0.024149
rs2238057	12	2274839	T	G	True	atac	149	0.014721
rs2238057	12	2274839	T	G	True	atac	150	0.038582
rs2238057	12	2274839	T	G	True	atac	151	0.045700
rs2238057	12	2274839	T	G	True	atac	152	0.003277
rs2238057	12	2274839	T	G	True	atac	153	0.008988
rs2238057	12	2274839	T	G	True	atac	154	0.023043
rs2238057	12	2274839	T	G	True	atac	155	0.035729
rs2238057	12	2274839	T	G	True	atac	156	0.021757
rs2238057	12	2274839	T	G	True	atac	157	0.088145
rs2238057	12	2274839	T	G	True	atac	158	0.078645
rs2238057	12	2274839	T	G	True	atac	159	0.011176
rs2238057	12	2274839	T	G	True	atac	160	0.173821
rs2238057	12	2274839	T	G	True	atac	161	0.018413
rs2238057	12	2274839	T	G	True	atac	162	0.015209
rs2238057	12	2274839	T	G	True	atac	163	0.040912
rs2238057	12	2274839	T	G	True	atac	164	0.008608
rs2238057	12	2274839	T	G	True	atac	165	0.160821
rs2238057	12	2274839	T	G	True	atac	166	0.048152
rs2238057	12	2274839	T	G	True	atac	167	0.000000
rs2238057	12	2274839	T	G	True	atac	168	0.000000
rs2238057	12	2274839	T	G	True	atac	169	0.000000
rs2238057	12	2274839	T	G	True	atac	170	0.000000
rs2238057	12	2274839	T	G	True	atac	171	0.000000
rs2238057	12	2274839	T	G	True	atac	172	0.000000
rs2238057	12	2274839	T	G	True	atac	173	0.000000
rs2238057	12	2274839	T	G	True	atac	174	0.000000
rs2238057	12	2274839	T	G	True	atac	175	0.000000
rs2238057	12	2274839	T	G	True	atac	176	0.000000
rs2238057	12	2274839	T	G	True	atac	177	0.000000
rs2238057	12	2274839	T	G	True	atac	178	0.000000
rs2238057	12	2274839	T	G	True	atac	179	0.000000
rs2238057	12	2274839	T	G	True	atac	180	0.000000
rs2238057	12	2274839	T	G	True	atac	181	0.000000
rs2238057	12	2274839	T	G	True	atac	182	0.000000
rs2238057	12	2274839	T	G	True	atac	183	0.000000
rs2238057	12	2274839	T	G	True	atac	184	0.000000
rs2238057	12	2274839	T	G	True	atac	185	0.000000
rs2238057	12	2274839	T	G	True	atac	186	0.000000
rs2238057	12	2274839	T	G	True	atac	187	0.000000
rs2238057	12	2274839	T	G	True	atac	188	0.000000
rs2238057	12	2274839	T	G	True	atac	189	0.000000
rs2238057	12	2274839	T	G	True	atac	190	0.000000
rs2238057	12	2274839	T	G	True	atac	191	0.000000
rs2238057	12	2274839	T	G	True	atac	192	0.000000
rs2238057	12	2274839	T	G	True	atac	193	0.000000
rs2238057	12	2274839	T	G	True	atac	194	0.000000
rs2238057	12	2274839	T	G	True	atac	195	0.000000
rs2238057	12	2274839	T	G	True	atac	196	0.000000
rs2238057	12	2274839	T	G	True	atac	197	0.000000
rs2238057	12	2274839	T	G	True	atac	198	0.000000
rs2238057	12	2274839	T	G	True	atac	199	0.000000
rs2238057	12	2274839	T	G	True	atac	200	0.000000
rs2238057	12	2274839	T	G	True	atac	201	0.000000
rs2238057	12	2274839	T	G	True	atac	202	0.000000
rs2238057	12	2274839	T	G	True	atac	203	0.000000
rs2238057	12	2274839	T	G	True	atac	204	0.000000
rs2238057	12	2274839	T	G	True	atac	205	0.000000
rs2238057	12	2274839	T	G	True	atac	206	0.000000
rs2238057	12	2274839	T	G	True	atac	207	0.000000
rs2238057	12	2274839	T	G	True	atac	208	0.000000
rs2238057	12	2274839	T	G	True	atac	209	0.000000
rs2238057	12	2274839	T	G	True	atac	210	0.000000
rs2238057	12	2274839	T	G	True	atac	211	0.000000
rs2238057	12	2274839	T	G	True	atac	212	0.000000
rs2238057	12	2274839	T	G	True	atac	213	0.000000
rs2238057	12	2274839	T	G	True	atac	214	0.000000
rs2238057	12	2274839	T	G	True	atac	215	0.000000
rs2238057	12	2274839	T	G	True	atac	216	0.000000
rs2238057	12	2274839	T	G	True	atac	217	0.000000
rs2238057	12	2274839	T	G	True	atac	218	0.000000
rs2238057	12	2274839	T	G	True	atac	219	0.000000
rs2238057	12	2274839	T	G	True	atac	220	0.000000
rs2238057	12	2274839	T	G	True	atac	221	0.000000
rs2238057	12	2274839	T	G	True	atac	222	0.000000
rs2238057	12	2274839	T	G	True	atac	223	0.000000
rs2238057	12	2274839	T	G	True	atac	224	0.000000
rs2238057	12	2274839	T	G	True	atac	225	0.000000
rs2238057	12	2274839	T	G	True	atac	226	0.000000
rs2238057	12	2274839	T	G	True	atac	227	0.000000
rs2238057	12	2274839	T	G	True	atac	228	0.000000
rs2238057	12	2274839	T	G	True	atac	229	0.000000
rs2238057	12	2274839	T	G	True	atac	230	0.000000
rs2238057	12	2274839	T	G	True	atac	231	0.000000
rs2238057	12	2274839	T	G	True	atac	232	0.000000
rs2238057	12	2274839	T	G	True	atac	233	0.000000
rs2238057	12	2274839	T	G	True	atac	234	0.000000
rs2238057	12	2274839	T	G	True	atac	235	0.000000
rs2238057	12	2274839	T	G	True	atac	236	0.000000
rs2238057	12	2274839	T	G	True	atac	237	0.000000
rs2238057	12	2274839	T	G	True	atac	238	0.000000
rs2238057	12	2274839	T	G	True	atac	239	0.000000
rs2238057	12	2274839	T	G	True	atac	240	0.000000
rs2238057	12	2274839	T	G	True	atac	241	0.000000
rs2238057	12	2274839	T	G	True	atac	242	0.000000
rs2238057	12	2274839	T	G	True	atac	243	0.000000
rs2238057	12	2274839	T	G	True	atac	244	0.000000
rs2238057	12	2274839	T	G	True	atac	245	0.000000
rs2238057	12	2274839	T	G	True	atac	246	0.000000
rs2238057	12	2274839	T	G	True	atac	247	0.000000
rs2238057	12	2274839	T	G	True	atac	248	0.000000
rs2238057	12	2274839	T	G	True	atac	249	0.000000
rs2238057	12	2274839	T	G	True	atac	250	0.000000
rs2238057	12	2274839	T	G	True	atac	251	0.000000
rs2238057	12	2274839	T	G	True	atac	252	0.000000
rs2238057	12	2274839	T	G	True	atac	253	0.000000
rs2238057	12	2274839	T	G	True	atac	254	0.000000
rs2238057	12	2274839	T	G	True	atac	255	0.000000
rs2238057	12	2274839	T	G	True	dnase	0	-0.030228
rs2238057	12	2274839	T	G	True	dnase	1	-0.008910
rs2238057	12	2274839	T	G	True	dnase	2	-0.012134
rs2238057	12	2274839	T	G	True	dnase	3	-0.032168
rs2238057	12	2274839	T	G	True	dnase	4	-0.069369
rs2238057	12	2274839	T	G	True	dnase	5	-0.014234
rs2238057	12	2274839	T	G	True	dnase	6	0.016742
rs2238057	12	2274839	T	G	True	dnase	7	-0.008859
rs2238057	12	2274839	T	G	True	dnase	8	0.105670
rs2238057	12	2274839	T	G	True	dnase	9	-0.006878
rs2238057	12	2274839	T	G	True	dnase	10	-0.005928
rs2238057	12	2274839	T	G	True	dnase	11	0.000715
rs2238057	12	2274839	T	G	True	dnase	12	-0.004584
rs2238057	12	2274839	T	G	True	dnase	13	-0.073617
rs2238057	12	2274839	T	G	True	dnase	14	0.040233
rs2238057	12	2274839	T	G	True	dnase	15	0.012035
rs2238057	12	2274839	T	G	True	dnase	16	0.030247
rs2238057	12	2274839	T	G	True	dnase	17	0.003230
rs2238057	12	2274839	T	G	True	dnase	18	-0.007688
rs2238057	12	2274839	T	G	True	dnase	19	-0.009551
rs2238057	12	2274839	T	G	True	dnase	20	-0.013803
rs2238057	12	2274839	T	G	True	dnase	21	-0.015849
rs2238057	12	2274839	T	G	True	dnase	22	-0.008223
rs2238057	12	2274839	T	G	True	dnase	23	-0.044332
rs2238057	12	2274839	T	G	True	dnase	24	-0.011505
rs2238057	12	2274839	T	G	True	dnase	25	0.011660
rs2238057	12	2274839	T	G	True	dnase	26	0.015845
rs2238057	12	2274839	T	G	True	dnase	27	0.004844
rs2238057	12	2274839	T	G	True	dnase	28	0.002484
rs2238057	12	2274839	T	G	True	dnase	29	-0.005651
rs2238057	12	2274839	T	G	True	dnase	30	-0.017438
rs2238057	12	2274839	T	G	True	dnase	31	-0.023750
rs2238057	12	2274839	T	G	True	dnase	32	-0.010239
rs2238057	12	2274839	T	G	True	dnase	33	-0.007864
rs2238057	12	2274839	T	G	True	dnase	34	0.012264
rs2238057	12	2274839	T	G	True	dnase	35	-0.000702
rs2238057	12	2274839	T	G	True	dnase	36	0.003482
rs2238057	12	2274839	T	G	True	dnase	37	-0.004642
rs2238057	12	2274839	T	G	True	dnase	38	0.008968
rs2238057	12	2274839	T	G	True	dnase	39	-0.002177
rs2238057	12	2274839	T	G	True	dnase	40	0.010035
rs2238057	12	2274839	T	G	True	dnase	41	0.017328
rs2238057	12	2274839	T	G	True	dnase	42	-0.003171
rs2238057	12	2274839	T	G	True	dnase	43	-0.012089
rs2238057	12	2274839	T	G	True	dnase	44	0.019454
rs2238057	12	2274839	T	G	True	dnase	45	-0.004845
rs2238057	12	2274839	T	G	True	dnase	46	-0.002783
rs2238057	12	2274839	T	G	True	dnase	47	0.008786
rs2238057	12	2274839	T	G	True	dnase	48	-0.008765
rs2238057	12	2274839	T	G	True	dnase	49	-0.075107
rs2238057	12	2274839	T	G	True	dnase	50	-0.003326
rs2238057	12	2274839	T	G	True	dnase	51	-0.007307
rs2238057	12	2274839	T	G	True	dnase	52	-0.008110
rs2238057	12	2274839	T	G	True	dnase	53	-0.006456
rs2238057	12	2274839	T	G	True	dnase	54	0.050970
rs2238057	12	2274839	T	G	True	dnase	55	-0.036895
rs2238057	12	2274839	T	G	True	dnase	56	-0.063529
rs2238057	12	2274839	T	G	True	dnase	57	0.025297
rs2238057	12	2274839	T	G	True	dnase	58	-0.039798
rs2238057	12	2274839	T	G	True	dnase	59	0.040620
rs2238057	12	2274839	T	G	True	dnase	60	0.180051
rs2238057	12	2274839	T	G	True	dnase	61	0.072895
rs2238057	12	2274839	T	G	True	dnase	62	-0.025147
rs2238057	12	2274839	T	G	True	dnase	63	-0.004800
rs2238057	12	2274839	T	G	True	dnase	64	-0.028149
rs2238057	12	2274839	T	G	True	dnase	65	-0.088569
rs2238057	12	2274839	T	G	True	dnase	66	-0.063928
rs2238057	12	2274839	T	G	True	dnase	67	-0.023187
rs2238057	12	2274839	T	G	True	dnase	68	0.054179
rs2238057	12	2274839	T	G	True	dnase	69	-0.010813
rs2238057	12	2274839	T	G	True	dnase	70	-0.004350
rs2238057	12	2274839	T	G	True	dnase	71	0.017933
rs2238057	12	2274839	T	G	True	dnase	72	-0.014725
rs2238057	12	2274839	T	G	True	dnase	73	-0.023871
rs2238057	12	2274839	T	G	True	dnase	74	0.037011
rs2238057	12	2274839	T	G	True	dnase	75	-0.020340
rs2238057	12	2274839	T	G	True	dnase	76	-0.016099
rs2238057	12	2274839	T	G	True	dnase	77	-0.009324
rs2238057	12	2274839	T	G	True	dnase	78	-0.045107
rs2238057	12	2274839	T	G	True	dnase	79	-0.012130
rs2238057	12	2274839	T	G	True	dnase	80	-0.021727
rs2238057	12	2274839	T	G	True	dnase	81	-0.025900
rs2238057	12	2274839	T	G	True	dnase	82	-0.023361
rs2238057	12	2274839	T	G	True	dnase	83	-0.012066
rs2238057	12	2274839	T	G	True	dnase	84	0.010548
rs2238057	12	2274839	T	G	True	dnase	85	-0.002781
rs2238057	12	2274839	T	G	True	dnase	86	-0.033488
rs2238057	12	2274839	T	G	True	dnase	87	-0.058553
rs2238057	12	2274839	T	G	True	dnase	88	-0.036551
rs2238057	12	2274839	T	G	True	dnase	89	-0.011325
rs2238057	12	2274839	T	G	True	dnase	90	-0.003800
rs2238057	12	2274839	T	G	True	dnase	91	0.016973
rs2238057	12	2274839	T	G	True	dnase	92	-0.059896
rs2238057	12	2274839	T	G	True	dnase	93	-0.015402
rs2238057	12	2274839	T	G	True	dnase	94	-0.016654
rs2238057	12	2274839	T	G	True	dnase	95	-0.010320
rs2238057	12	2274839	T	G	True	dnase	96	0.041503
rs2238057	12	2274839	T	G	True	dnase	97	0.040331
rs2238057	12	2274839	T	G	True	dnase	98	0.031877
rs2238057	12	2274839	T	G	True	dnase	99	0.044063
rs2238057	12	2274839	T	G	True	dnase	100	0.057789
rs2238057	12	2274839	T	G	True	dnase	101	-0.003212
rs2238057	12	2274839	T	G	True	dnase	102	0.015303
rs2238057	12	2274839	T	G	True	dnase	103	0.028682
rs2238057	12	2274839	T	G	True	dnase	104	0.029728
rs2238057	12	2274839	T	G	True	dnase	105	-0.015898
rs2238057	12	2274839	T	G	True	dnase	106	0.036934
rs2238057	12	2274839	T	G	True	dnase	107	0.021656
rs2238057	12	2274839	T	G	True	dnase	108	-0.036515
rs2238057	12	2274839	T	G	True	dnase	109	-0.039346
rs2238057	12	2274839	T	G	True	dnase	110	0.000331
rs2238057	12	2274839	T	G	True	dnase	111	-0.041272
rs2238057	12	2274839	T	G	True	dnase	112	0.016459
rs2238057	12	2274839	T	G	True	dnase	113	-0.003725
rs2238057	12	2274839	T	G	True	dnase	114	-0.041099
rs2238057	12	2274839	T	G	True	dnase	115	-0.006502
rs2238057	12	2274839	T	G	True	dnase	116	0.018996
rs2238057	12	2274839	T	G	True	dnase	117	0.006710
rs2238057	12	2274839	T	G	True	dnase	118	-0.112485
rs2238057	12	2274839	T	G	True	dnase	119	-0.006759
rs2238057	12	2274839	T	G	True	dnase	120	-0.022539
rs2238057	12	2274839	T	G	True	dnase	121	0.029260
rs2238057	12	2274839	T	G	True	dnase	122	0.018072
rs2238057	12	2274839	T	G	True	dnase	123	0.022161
rs2238057	12	2274839	T	G	True	dnase	124	-0.001071
rs2238057	12	2274839	T	G	True	dnase	125	0.023325
rs2238057	12	2274839	T	G	True	dnase	126	0.185194
rs2238057	12	2274839	T	G	True	dnase	127	0.023113
rs2238057	12	2274839	T	G	True	dnase	128	0.367288
rs2238057	12	2274839	T	G	True	dnase	129	-0.038822
rs2238057	12	2274839	T	G	True	dnase	130	0.023537
rs2238057	12	2274839	T	G	True	dnase	131	0.002154
rs2238057	12	2274839	T	G	True	dnase	132	0.002790
rs2238057	12	2274839	T	G	True	dnase	133	-0.008724
rs2238057	12	2274839	T	G	True	dnase	134	0.029121
rs2238057	12	2274839	T	G	True	dnase	135	-0.010264
rs2238057	12	2274839	T	G	True	dnase	136	0.024495
rs2238057	12	2274839	T	G	True	dnase	137	-0.007244
rs2238057	12	2274839	T	G	True	dnase	138	0.014821
rs2238057	12	2274839	T	G	True	dnase	139	0.009453
rs2238057	12	2274839	T	G	True	dnase	140	0.004471
rs2238057	12	2274839	T	G	True	dnase	141	0.008727
rs2238057	12	2274839	T	G	True	dnase	142	0.012456
rs2238057	12	2274839	T	G	True	dnase	143	-0.005651
rs2238057	12	2274839	T	G	True	dnase	144	-0.021158
rs2238057	12	2274839	T	G	True	dnase	145	0.021453
rs2238057	12	2274839	T	G	True	dnase	146	-0.011259
rs2238057	12	2274839	T	G	True	dnase	147	-0.013358
rs2238057	12	2274839	T	G	True	dnase	148	-0.033935
rs2238057	12	2274839	T	G	True	dnase	149	-0.044179
rs2238057	12	2274839	T	G	True	dnase	150	0.003846
rs2238057	12	2274839	T	G	True	dnase	151	0.010979
rs2238057	12	2274839	T	G	True	dnase	152	-0.008372
rs2238057	12	2274839	T	G	True	dnase	153	0.113177
rs2238057	12	2274839	T	G	True	dnase	154	-0.041199
rs2238057	12	2274839	T	G	True	dnase	155	-0.023014
rs2238057	12	2274839	T	G	True	dnase	156	-0.014388
rs2238057	12	2274839	T	G	True	dnase	157	-0.027614
rs2238057	12	2274839	T	G	True	dnase	158	-0.020640
rs2238057	12	2274839	T	G	True	dnase	159	0.012438
rs2238057	12	2274839	T	G	True	dnase	160	0.000292
rs2238057	12	2274839	T	G	True	dnase	161	-0.031853
rs2238057	12	2274839	T	G	True	dnase	162	-0.005993
rs2238057	12	2274839	T	G	True	dnase	163	0.031136
rs2238057	12	2274839	T	G	True	dnase	164	0.023433
rs2238057	12	2274839	T	G	True	dnase	165	-0.019069
rs2238057	12	2274839	T	G	True	dnase	166	-0.007979
rs2238057	12	2274839	T	G	True	dnase	167	-0.003974
rs2238057	12	2274839	T	G	True	dnase	168	-0.010708
rs2238057	12	2274839	T	G	True	dnase	169	0.017910
rs2238057	12	2274839	T	G	True	dnase	170	-0.012241
rs2238057	12	2274839	T	G	True	dnase	171	-0.035284
rs2238057	12	2274839	T	G	True	dnase	172	-0.026440
rs2238057	12	2274839	T	G	True	dnase	173	-0.009914
rs2238057	12	2274839	T	G	True	dnase	174	0.005654
rs2238057	12	2274839	T	G	True	dnase	175	-0.055640
rs2238057	12	2274839	T	G	True	dnase	176	0.055242
rs2238057	12	2274839	T	G	True	dnase	177	-0.032596
rs2238057	12	2274839	T	G	True	dnase	178	0.091789
rs2238057	12	2274839	T	G	True	dnase	179	0.129369
rs2238057	12	2274839	T	G	True	dnase	180	-0.075699
rs2238057	12	2274839	T	G	True	dnase	181	-0.030622
rs2238057	12	2274839	T	G	True	dnase	182	-0.033917
rs2238057	12	2274839	T	G	True	dnase	183	0.022175
rs2238057	12	2274839	T	G	True	dnase	184	-0.033545
rs2238057	12	2274839	T	G	True	dnase	185	0.001000
rs2238057	12	2274839	T	G	True	dnase	186	-0.031170
rs2238057	12	2274839	T	G	True	dnase	187	0.002678
rs2238057	12	2274839	T	G	True	dnase	188	-0.018512
rs2238057	12	2274839	T	G	True	dnase	189	-0.036048
rs2238057	12	2274839	T	G	True	dnase	190	0.033610
rs2238057	12	2274839	T	G	True	dnase	191	-0.022561
rs2238057	12	2274839	T	G	True	dnase	192	0.010366
rs2238057	12	2274839	T	G	True	dnase	193	-0.009450
rs2238057	12	2274839	T	G	True	dnase	194	-0.026655
rs2238057	12	2274839	T	G	True	dnase	195	-0.039995
rs2238057	12	2274839	T	G	True	dnase	196	-0.031619
rs2238057	12	2274839	T	G	True	dnase	197	0.021778
rs2238057	12	2274839	T	G	True	dnase	198	-0.005409
rs2238057	12	2274839	T	G	True	dnase	199	-0.044626
rs2238057	12	2274839	T	G	True	dnase	200	-0.008848
rs2238057	12	2274839	T	G	True	dnase	201	-0.009218
rs2238057	12	2274839	T	G	True	dnase	202	0.155912
rs2238057	12	2274839	T	G	True	dnase	203	0.272339
rs2238057	12	2274839	T	G	True	dnase	204	0.298068
rs2238057	12	2274839	T	G	True	dnase	205	0.358198
rs2238057	12	2274839	T	G	True	dnase	206	-0.029987
rs2238057	12	2274839	T	G	True	dnase	207	-0.041667
rs2238057	12	2274839	T	G	True	dnase	208	-0.050715
rs2238057	12	2274839	T	G	True	dnase	209	-0.050397
rs2238057	12	2274839	T	G	True	dnase	210	-0.003355
rs2238057	12	2274839	T	G	True	dnase	211	-0.048850
rs2238057	12	2274839	T	G	True	dnase	212	-0.032262
rs2238057	12	2274839	T	G	True	dnase	213	-0.031847
rs2238057	12	2274839	T	G	True	dnase	214	0.015815
rs2238057	12	2274839	T	G	True	dnase	215	0.014173
rs2238057	12	2274839	T	G	True	dnase	216	0.023994
rs2238057	12	2274839	T	G	True	dnase	217	0.037696
rs2238057	12	2274839	T	G	True	dnase	218	0.032320
rs2238057	12	2274839	T	G	True	dnase	219	0.064828
rs2238057	12	2274839	T	G	True	dnase	220	0.210872
rs2238057	12	2274839	T	G	True	dnase	221	0.103009
rs2238057	12	2274839	T	G	True	dnase	222	0.009267
rs2238057	12	2274839	T	G	True	dnase	223	0.003078
rs2238057	12	2274839	T	G	True	dnase	224	0.127272
rs2238057	12	2274839	T	G	True	dnase	225	0.063987
rs2238057	12	2274839	T	G	True	dnase	226	0.028224
rs2238057	12	2274839	T	G	True	dnase	227	0.060844
rs2238057	12	2274839	T	G	True	dnase	228	0.028752
rs2238057	12	2274839	T	G	True	dnase	229	0.044593
rs2238057	12	2274839	T	G	True	dnase	230	0.040674
rs2238057	12	2274839	T	G	True	dnase	231	0.046834
rs2238057	12	2274839	T	G	True	dnase	232	0.038860
rs2238057	12	2274839	T	G	True	dnase	233	0.069996
rs2238057	12	2274839	T	G	True	dnase	234	0.007611
rs2238057	12	2274839	T	G	True	dnase	235	-0.046772
rs2238057	12	2274839	T	G	True	dnase	236	0.038032
rs2238057	12	2274839	T	G	True	dnase	237	0.026723
rs2238057	12	2274839	T	G	True	dnase	238	0.012030
rs2238057	12	2274839	T	G	True	dnase	239	0.168189
rs2238057	12	2274839	T	G	True	dnase	240	0.037669
rs2238057	12	2274839	T	G	True	dnase	241	0.110839
rs2238057	12	2274839	T	G	True	dnase	242	0.052221
rs2238057	12	2274839	T	G	True	dnase	243	0.025736
rs2238057	12	2274839	T	G	True	dnase	244	0.110736
rs2238057	12	2274839	T	G	True	dnase	245	0.149232
rs2238057	12	2274839	T	G	True	dnase	246	0.067274
rs2238057	12	2274839	T	G	True	dnase	247	0.044597
rs2238057	12	2274839	T	G	True	dnase	248	0.083560
rs2238057	12	2274839	T	G	True	dnase	249	0.090817
rs2238057	12	2274839	T	G	True	dnase	250	0.013778
rs2238057	12	2274839	T	G	True	dnase	251	0.195697
rs2238057	12	2274839	T	G	True	dnase	252	0.199805
rs2238057	12	2274839	T	G	True	dnase	253	-0.010809
rs2238057	12	2274839	T	G	True	dnase	254	0.260250
rs2238057	12	2274839	T	G	True	dnase	255	0.214511
rs2238057	12	2274839	T	G	True	dnase	256	0.274479
rs2238057	12	2274839	T	G	True	dnase	257	0.254771
rs2238057	12	2274839	T	G	True	dnase	258	0.107880
rs2238057	12	2274839	T	G	True	dnase	259	0.022776
rs2238057	12	2274839	T	G	True	dnase	260	0.001755
rs2238057	12	2274839	T	G	True	dnase	261	0.026568
rs2238057	12	2274839	T	G	True	dnase	262	0.018624
rs2238057	12	2274839	T	G	True	dnase	263	0.227762
rs2238057	12	2274839	T	G	True	dnase	264	0.030358
rs2238057	12	2274839	T	G	True	dnase	265	0.062185
rs2238057	12	2274839	T	G	True	dnase	266	0.031773
rs2238057	12	2274839	T	G	True	dnase	267	0.034536
rs2238057	12	2274839	T	G	True	dnase	268	0.102143
rs2238057	12	2274839	T	G	True	dnase	269	0.103837
rs2238057	12	2274839	T	G	True	dnase	270	-0.009749
rs2238057	12	2274839	T	G	True	dnase	271	0.024704
rs2238057	12	2274839	T	G	True	dnase	272	0.049950
rs2238057	12	2274839	T	G	True	dnase	273	-0.015135
rs2238057	12	2274839	T	G	True	dnase	274	0.043127
rs2238057	12	2274839	T	G	True	dnase	275	0.057693
rs2238057	12	2274839	T	G	True	dnase	276	-0.039164
rs2238057	12	2274839	T	G	True	dnase	277	0.083175
rs2238057	12	2274839	T	G	True	dnase	278	0.123509
rs2238057	12	2274839	T	G	True	dnase	279	0.025096
rs2238057	12	2274839	T	G	True	dnase	280	-0.044756
rs2238057	12	2274839	T	G	True	dnase	281	-0.027772
rs2238057	12	2274839	T	G	True	dnase	282	0.052863
rs2238057	12	2274839	T	G	True	dnase	283	0.039673
rs2238057	12	2274839	T	G	True	dnase	284	-0.048122
rs2238057	12	2274839	T	G	True	dnase	285	0.049154
rs2238057	12	2274839	T	G	True	dnase	286	0.067391
rs2238057	12	2274839	T	G	True	dnase	287	0.025173
rs2238057	12	2274839	T	G	True	dnase	288	0.203334
rs2238057	12	2274839	T	G	True	dnase	289	0.103491
rs2238057	12	2274839	T	G	True	dnase	290	0.107140
rs2238057	12	2274839	T	G	True	dnase	291	0.050810
rs2238057	12	2274839	T	G	True	dnase	292	0.058417
rs2238057	12	2274839	T	G	True	dnase	293	-0.006430
rs2238057	12	2274839	T	G	True	dnase	294	0.227878
rs2238057	12	2274839	T	G	True	dnase	295	0.000961
rs2238057	12	2274839	T	G	True	dnase	296	-0.044677
rs2238057	12	2274839	T	G	True	dnase	297	-0.048721
rs2238057	12	2274839	T	G	True	dnase	298	-0.051423
rs2238057	12	2274839	T	G	True	dnase	299	-0.050733
rs2238057	12	2274839	T	G	True	dnase	300	0.020552
rs2238057	12	2274839	T	G	True	dnase	301	0.050376
rs2238057	12	2274839	T	G	True	dnase	302	0.029395
rs2238057	12	2274839	T	G	True	dnase	303	0.120927
rs2238057	12	2274839	T	G	True	dnase	304	0.095216
rs2238057	12	2274839	T	G	True	dnase	305	0.000000
rs2238057	12	2274839	T	G	True	dnase	306	0.000000
rs2238057	12	2274839	T	G	True	dnase	307	0.000000
rs2238057	12	2274839	T	G	True	dnase	308	0.000000
rs2238057	12	2274839	T	G	True	dnase	309	0.000000
rs2238057	12	2274839	T	G	True	dnase	310	0.000000
rs2238057	12	2274839	T	G	True	dnase	311	0.000000
rs2238057	12	2274839	T	G	True	dnase	312	0.000000
rs2238057	12	2274839	T	G	True	dnase	313	0.000000
rs2238057	12	2274839	T	G	True	dnase	314	0.000000
rs2238057	12	2274839	T	G	True	dnase	315	0.000000
rs2238057	12	2274839	T	G	True	dnase	316	0.000000
rs2238057	12	2274839	T	G	True	dnase	317	0.000000
rs2238057	12	2274839	T	G	True	dnase	318	0.000000
rs2238057	12	2274839	T	G	True	dnase	319	0.000000
rs2238057	12	2274839	T	G	True	dnase	320	0.000000
rs2238057	12	2274839	T	G	True	dnase	321	0.000000
rs2238057	12	2274839	T	G	True	dnase	322	0.000000
rs2238057	12	2274839	T	G	True	dnase	323	0.000000
rs2238057	12	2274839	T	G	True	dnase	324	0.000000
rs2238057	12	2274839	T	G	True	dnase	325	0.000000
rs2238057	12	2274839	T	G	True	dnase	326	0.000000
rs2238057	12	2274839	T	G	True	dnase	327	0.000000
rs2238057	12	2274839	T	G	True	dnase	328	0.000000
rs2238057	12	2274839	T	G	True	dnase	329	0.000000
rs2238057	12	2274839	T	G	True	dnase	330	0.000000
rs2238057	12	2274839	T	G	True	dnase	331	0.000000
rs2238057	12	2274839	T	G	True	dnase	332	0.000000
rs2238057	12	2274839	T	G	True	dnase	333	0.000000
rs2238057	12	2274839	T	G	True	dnase	334	0.000000
rs2238057	12	2274839	T	G	True	dnase	335	0.000000
rs2238057	12	2274839	T	G	True	dnase	336	0.000000
rs2238057	12	2274839	T	G	True	dnase	337	0.000000
rs2238057	12	2274839	T	G	True	dnase	338	0.000000
rs2238057	12	2274839	T	G	True	dnase	339	0.000000
rs2238057	12	2274839	T	G	True	dnase	340	0.000000
rs2238057	12	2274839	T	G	True	dnase	341	0.000000
rs2238057	12	2274839	T	G	True	dnase	342	0.000000
rs2238057	12	2274839	T	G	True	dnase	343	0.000000
rs2238057	12	2274839	T	G	True	dnase	344	0.000000
rs2238057	12	2274839	T	G	True	dnase	345	0.000000
rs2238057	12	2274839	T	G	True	dnase	346	0.000000
rs2238057	12	2274839	T	G	True	dnase	347	0.000000
rs2238057	12	2274839	T	G	True	dnase	348	0.000000
rs2238057	12	2274839	T	G	True	dnase	349	0.000000
rs2238057	12	2274839	T	G	True	dnase	350	0.000000
rs2238057	12	2274839	T	G	True	dnase	351	0.000000
rs2238057	12	2274839	T	G	True	dnase	352	0.000000
rs2238057	12	2274839	T	G	True	dnase	353	0.000000
rs2238057	12	2274839	T	G	True	dnase	354	0.000000
rs2238057	12	2274839	T	G	True	dnase	355	0.000000
rs2238057	12	2274839	T	G	True	dnase	356	0.000000
rs2238057	12	2274839	T	G	True	dnase	357	0.000000
rs2238057	12	2274839	T	G	True	dnase	358	0.000000
rs2238057	12	2274839	T	G	True	dnase	359	0.000000
rs2238057	12	2274839	T	G	True	dnase	360	0.000000
rs2238057	12	2274839	T	G	True	dnase	361	0.000000
rs2238057	12	2274839	T	G	True	dnase	362	0.000000
rs2238057	12	2274839	T	G	True	dnase	363	0.000000
rs2238057	12	2274839	T	G	True	dnase	364	0.000000
rs2238057	12	2274839	T	G	True	dnase	365	0.000000
rs2238057	12	2274839	T	G	True	dnase	366	0.000000
rs2238057	12	2274839	T	G	True	dnase	367	0.000000
rs2238057	12	2274839	T	G	True	dnase	368	0.000000
rs2238057	12	2274839	T	G	True	dnase	369	0.000000
rs2238057	12	2274839	T	G	True	dnase	370	0.000000
rs2238057	12	2274839	T	G	True	dnase	371	0.000000
rs2238057	12	2274839	T	G	True	dnase	372	0.000000
rs2238057	12	2274839	T	G	True	dnase	373	0.000000
rs2238057	12	2274839	T	G	True	dnase	374	0.000000
rs2238057	12	2274839	T	G	True	dnase	375	0.000000
rs2238057	12	2274839	T	G	True	dnase	376	0.000000
rs2238057	12	2274839	T	G	True	dnase	377	0.000000
rs2238057	12	2274839	T	G	True	dnase	378	0.000000
rs2238057	12	2274839	T	G	True	dnase	379	0.000000
rs2238057	12	2274839	T	G	True	dnase	380	0.000000
rs2238057	12	2274839	T	G	True	dnase	381	0.000000
rs2238057	12	2274839	T	G	True	dnase	382	0.000000
rs2238057	12	2274839	T	G	True	dnase	383	0.000000
rs1198588	1	98087276	A	T	True	atac	0	-0.010300
rs1198588	1	98087276	A	T	True	atac	1	0.129485
rs1198588	1	98087276	A	T	True	atac	2	-0.029420
rs1198588	1	98087276	A	T	True	atac	3	-0.018307
rs1198588	1	98087276	A	T	True	atac	4	0.013384
rs1198588	1	98087276	A	T	True	atac	5	0.007260
rs1198588	1	98087276	A	T	True	atac	6	-0.092881
rs1198588	1	98087276	A	T	True	atac	7	-0.151846
rs1198588	1	98087276	A	T	True	atac	8	0.010821
rs1198588	1	98087276	A	T	True	atac	9	-0.040626
rs1198588	1	98087276	A	T	True	atac	10	-0.083037
rs1198588	1	98087276	A	T	True	atac	11	-0.094331
rs1198588	1	98087276	A	T	True	atac	12	-0.043682
rs1198588	1	98087276	A	T	True	atac	13	-0.069377
rs1198588	1	98087276	A	T	True	atac	14	-0.015811
rs1198588	1	98087276	A	T	True	atac	15	-0.000335
rs1198588	1	98087276	A	T	True	atac	16	-0.020607
rs1198588	1	98087276	A	T	True	atac	17	0.004401
rs1198588	1	98087276	A	T	True	atac	18	0.001206
rs1198588	1	98087276	A	T	True	atac	19	0.010570
rs1198588	1	98087276	A	T	True	atac	20	-0.007475
rs1198588	1	98087276	A	T	True	atac	21	0.000253
rs1198588	1	98087276	A	T	True	atac	22	0.004087
rs1198588	1	98087276	A	T	True	atac	23	-0.008691
rs1198588	1	98087276	A	T	True	atac	24	-0.009991
rs1198588	1	98087276	A	T	True	atac	25	-0.002479
rs1198588	1	98087276	A	T	True	atac	26	-0.003176
rs1198588	1	98087276	A	T	True	atac	27	-0.029822
rs1198588	1	98087276	A	T	True	atac	28	-0.017368
rs1198588	1	98087276	A	T	True	atac	29	-0.052532
rs1198588	1	98087276	A	T	True	atac	30	-0.017151
rs1198588	1	98087276	A	T	True	atac	31	0.039531
rs1198588	1	98087276	A	T	True	atac	32	0.012404
rs1198588	1	98087276	A	T	True	atac	33	-0.027953
rs1198588	1	98087276	A	T	True	atac	34	0.020792
rs1198588	1	98087276	A	T	True	atac	35	-0.011613
rs1198588	1	98087276	A	T	True	atac	36	0.016970
rs1198588	1	98087276	A	T	True	atac	37	-0.017576
rs1198588	1	98087276	A	T	True	atac	38	0.020091
rs1198588	1	98087276	A	T	True	atac	39	-0.004098
rs1198588	1	98087276	A	T	True	atac	40	0.000595
rs1198588	1	98087276	A	T	True	atac	41	-0.096399
rs1198588	1	98087276	A	T	True	atac	42	-0.019321
rs1198588	1	98087276	A	T	True	atac	43	-0.016114
rs1198588	1	98087276	A	T	True	atac	44	-0.018068
rs1198588	1	98087276	A	T	True	atac	45	-0.007986
rs1198588	1	98087276	A	T	True	atac	46	-0.016587
rs1198588	1	98087276	A	T	True	atac	47	-0.020942
rs1198588	1	98087276	A	T	True	atac	48	0.021482
rs1198588	1	98087276	A	T	True	atac	49	-0.078015
rs1198588	1	98087276	A	T	True	atac	50	-0.010929
rs1198588	1	98087276	A	T	True	atac	51	-0.000979
rs1198588	1	98087276	A	T	True	atac	52	-0.016465
rs1198588	1	98087276	A	T	True	atac	53	0.009976
rs1198588	1	98087276	A	T	True	atac	54	-0.017786
rs1198588	1	98087276	A	T	True	atac	55	0.008110
rs1198588	1	98087276	A	T	True	atac	56	-0.115818
rs1198588	1	98087276	A	T	True	atac	57	0.007412
rs1198588	1	98087276	A	T	True	atac	58	-0.021157
rs1198588	1	98087276	A	T	True	atac	59	-0.001877
rs1198588	1	98087276	A	T	True	atac	60	0.073753
rs1198588	1	98087276	A	T	True	atac	61	-0.027850
rs1198588	1	98087276	A	T	True	atac	62	-0.018715
rs1198588	1	98087276	A	T	True	atac	63	-0.147389
rs1198588	1	98087276	A	T	True	atac	64	-0.100129
rs1198588	1	98087276	A	T	True	atac	65	-0.029012
rs1198588	1	98087276	A	T	True	atac	66	-0.006804
rs1198588	1	98087276	A	T	True	atac	67	-0.017622
rs1198588	1	98087276	A	T	True	atac	68	0.049812
rs1198588	1	98087276	A	T	True	atac	69	0.057324
rs1198588	1	98087276	A	T	True	atac	70	-0.020242
rs1198588	1	98087276	A	T	True	atac	71	-0.011781
rs1198588	1	98087276	A	T	True	atac	72	-0.019218
rs1198588	1	98087276	A	T	True	atac	73	0.013136
rs1198588	1	98087276	A	T	True	atac	74	-0.004844
rs1198588	1	98087276	A	T	True	atac	75	-0.043923
rs1198588	1	98087276	A	T	True	atac	76	0.017039
rs1198588	1	98087276	A	T	True	atac	77	-0.008051
rs1198588	1	98087276	A	T	True	atac	78	-0.023180
rs1198588	1	98087276	A	T	True	atac	79	-0.006050
rs1198588	1	98087276	A	T	True	atac	80	-0.014061
rs1198588	1	98087276	A	T	True	atac	81	-0.047690
rs1198588	1	98087276	A	T	True	atac	82	-0.002844
rs1198588	1	98087276	A	T	True	atac	83	0.021263
rs1198588	1	98087276	A	T	True	atac	84	-0.018617
rs1198588	1	98087276	A	T	True	atac	85	0.014211
rs1198588	1	98087276	A	T	True	atac	86	-0.016318
rs1198588	1	98087276	A	T	True	atac	87	-0.007080
rs1198588	1	98087276	A	T	True	atac	88	0.005631
rs1198588	1	98087276	A	T	True	atac	89	-0.010652
rs1198588	1	98087276	A	T	True	atac	90	-0.003379
rs1198588	1	98087276	A	T	True	atac	91	-0.035744
rs1198588	1	98087276	A	T	True	atac	92	0.008478
rs1198588	1	98087276	A	T	True	atac	93	0.003166
rs1198588	1	98087276	A	T	True	atac	94	0.016989
rs1198588	1	98087276	A	T	True	atac	95	-0.013096
rs1198588	1	98087276	A	T	True	atac	96	-0.004305
rs1198588	1	98087276	A	T	True	atac	97	0.000463
rs1198588	1	98087276	A	T	True	atac	98	0.006422
rs1198588	1	98087276	A	T	True	atac	99	-0.016533
rs1198588	1	98087276	A	T	True	atac	100	-0.020891
rs1198588	1	98087276	A	T	True	atac	101	-0.002212
rs1198588	1	98087276	A	T	True	atac	102	-0.009594
rs1198588	1	98087276	A	T	True	atac	103	-0.010207
rs1198588	1	98087276	A	T	True	atac	104	-0.029421
rs1198588	1	98087276	A	T	True	atac	105	-0.025360
rs1198588	1	98087276	A	T	True	atac	106	-0.003007
rs1198588	1	98087276	A	T	True	atac	107	0.027254
rs1198588	1	98087276	A	T	True	atac	108	-0.039974
rs1198588	1	98087276	A	T	True	atac	109	-0.008348
rs1198588	1	98087276	A	T	True	atac	110	-0.032857
rs1198588	1	98087276	A	T	True	atac	111	0.022991
rs1198588	1	98087276	A	T	True	atac	112	-0.004085
rs1198588	1	98087276	A	T	True	atac	113	-0.027596
rs1198588	1	98087276	A	T	True	atac	114	-0.014268
rs1198588	1	98087276	A	T	True	atac	115	-0.021738
rs1198588	1	98087276	A	T	True	atac	116	-0.016607
rs1198588	1	98087276	A	T	True	atac	117	0.010383
rs1198588	1	98087276	A	T	True	atac	118	-0.001225
rs1198588	1	98087276	A	T	True	atac	119	-0.002799
rs1198588	1	98087276	A	T	True	atac	120	-0.009601
rs1198588	1	98087276	A	T	True	atac	121	0.023679
rs1198588	1	98087276	A	T	True	atac	122	0.036981
rs1198588	1	98087276	A	T	True	atac	123	-0.011832
rs1198588	1	98087276	A	T	True	atac	124	-0.036310
rs1198588	1	98087276	A	T	True	atac	125	-0.036985
rs1198588	1	98087276	A	T	True	atac	126	-0.019604
rs1198588	1	98087276	A	T	True	atac	127	-0.018545
rs1198588	1	98087276	A	T	True	atac	128	-0.052539
rs1198588	1	98087276	A	T	True	atac	129	-0.043812
rs1198588	1	98087276	A	T	True	atac	130	-0.038451
rs1198588	1	98087276	A	T	True	atac	131	-0.045376
rs1198588	1	98087276	A	T	True	atac	132	0.007264
rs1198588	1	98087276	A	T	True	atac	133	0.034917
rs1198588	1	98087276	A	T	True	atac	134	0.062964
rs1198588	1	98087276	A	T	True	atac	135	-0.019697
rs1198588	1	98087276	A	T	True	atac	136	0.058540
rs1198588	1	98087276	A	T	True	atac	137	-0.095849
rs1198588	1	98087276	A	T	True	atac	138	-0.063850
rs1198588	1	98087276	A	T	True	atac	139	-0.007715
rs1198588	1	98087276	A	T	True	atac	140	0.037557
rs1198588	1	98087276	A	T	True	atac	141	0.014948
rs1198588	1	98087276	A	T	True	atac	142	0.024683
rs1198588	1	98087276	A	T	True	atac	143	0.004704
rs1198588	1	98087276	A	T	True	atac	144	-0.031101
rs1198588	1	98087276	A	T	True	atac	145	-0.047377
rs1198588	1	98087276	A	T	True	atac	146	-0.046337
rs1198588	1	98087276	A	T	True	atac	147	-0.066976
rs1198588	1	98087276	A	T	True	atac	148	-0.057643
rs1198588	1	98087276	A	T	True	atac	149	-0.051902
rs1198588	1	98087276	A	T	True	atac	150	-0.046013
rs1198588	1	98087276	A	T	True	atac	151	0.068016
rs1198588	1	98087276	A	T	True	atac	152	-0.048446
rs1198588	1	98087276	A	T	True	atac	153	-0.130696
rs1198588	1	98087276	A	T	True	atac	154	-0.060586
rs1198588	1	98087276	A	T	True	atac	155	-0.050602
rs1198588	1	98087276	A	T	True	atac	156	-0.046726
rs1198588	1	98087276	A	T	True	atac	157	-0.011054
rs1198588	1	98087276	A	T	True	atac	158	-0.014353
rs1198588	1	98087276	A	T	True	atac	159	0.019884
rs1198588	1	98087276	A	T	True	atac	160	-0.051095
rs1198588	1	98087276	A	T	True	atac	161	-0.045773
rs1198588	1	98087276	A	T	True	atac	162	-0.059118
rs1198588	1	98087276	A	T	True	atac	163	-0.035601
rs1198588	1	98087276	A	T	True	atac	164	-0.034255
rs1198588	1	98087276	A	T	True	atac	165	-0.023919
rs1198588	1	98087276	A	T	True	atac	166	-0.045878
rs1198588	1	98087276	A	T	True	atac	167	0.000000
rs1198588	1	98087276	A	T	True	atac	168	0.000000
rs1198588	1	98087276	A	T	True	atac	169	0.000000
rs1198588	1	98087276	A	T	True	atac	170	0.000000
rs1198588	1	98087276	A	T	True	atac	171	0.000000
rs1198588	1	98087276	A	T	True	atac	172	0.000000
rs1198588	1	98087276	A	T	True	atac	173	0.000000
rs1198588	1	98087276	A	T	True	atac	174	0.000000
rs1198588	1	98087276	A	T	True	atac	175	0.000000
rs1198588	1	98087276	A	T	True	atac	176	0.000000
rs1198588	1	98087276	A	T	True	atac	177	0.000000
rs1198588	1	98087276	A	T	True	atac	178	0.000000
rs1198588	1	98087276	A	T	True	atac	179	0.000000
rs1198588	1	98087276	A	T	True	atac	180	0.000000
rs1198588	1	98087276	A	T	True	atac	181	0.000000
rs1198588	1	98087276	A	T	True	atac	182	0.000000
rs1198588	1	98087276	A	T	True	atac	183	0.000000
rs1198588	1	98087276	A	T	True	atac	184	0.000000
rs1198588	1	98087276	A	T	True	atac	185	0.000000
rs1198588	1	98087276	A	T	True	atac	186	0.000000
rs1198588	1	98087276	A	T	True	atac	187	0.000000
rs1198588	1	98087276	A	T	True	atac	188	0.000000
rs1198588	1	98087276	A	T	True	atac	189	0.000000
rs1198588	1	98087276	A	T	True	atac	190	0.000000
rs1198588	1	98087276	A	T	True	atac	191	0.000000
rs1198588	1	98087276	A	T	True	atac	192	0.000000
rs1198588	1	98087276	A	T	True	atac	193	0.000000
rs1198588	1	98087276	A	T	True	atac	194	0.000000
rs1198588	1	98087276	A	T	True	atac	195	0.000000
rs1198588	1	98087276	A	T	True	atac	196	0.000000
rs1198588	1	98087276	A	T	True	atac	197	0.000000
rs1198588	1	98087276	A	T	True	atac	198	0.000000
rs1198588	1	98087276	A	T	True	atac	199	0.000000
rs1198588	1	98087276	A	T	True	atac	200	0.000000
rs1198588	1	98087276	A	T	True	atac	201	0.000000
rs1198588	1	98087276	A	T	True	atac	202	0.000000
rs1198588	1	98087276	A	T	True	atac	203	0.000000
rs1198588	1	98087276	A	T	True	atac	204	0.000000
rs1198588	1	98087276	A	T	True	atac	205	0.000000
rs1198588	1	98087276	A	T	True	atac	206	0.000000
rs1198588	1	98087276	A	T	True	atac	207	0.000000
rs1198588	1	98087276	A	T	True	atac	208	0.000000
rs1198588	1	98087276	A	T	True	atac	209	0.000000
rs1198588	1	98087276	A	T	True	atac	210	0.000000
rs1198588	1	98087276	A	T	True	atac	211	0.000000
rs1198588	1	98087276	A	T	True	atac	212	0.000000
rs1198588	1	98087276	A	T	True	atac	213	0.000000
rs1198588	1	98087276	A	T	True	atac	214	0.000000
rs1198588	1	98087276	A	T	True	atac	215	0.000000
rs1198588	1	98087276	A	T	True	atac	216	0.000000
rs1198588	1	98087276	A	T	True	atac	217	0.000000
rs1198588	1	98087276	A	T	True	atac	218	0.000000
rs1198588	1	98087276	A	T	True	atac	219	0.000000
rs1198588	1	98087276	A	T	True	atac	220	0.000000
rs1198588	1	98087276	A	T	True	atac	221	0.000000
rs1198588	1	98087276	A	T	True	atac	222	0.000000
rs1198588	1	98087276	A	T	True	atac	223	0.000000
rs1198588	1	98087276	A	T	True	atac	224	0.000000
rs1198588	1	98087276	A	T	True	atac	225	0.000000
rs1198588	1	98087276	A	T	True	atac	226	0.000000
rs1198588	1	98087276	A	T	True	atac	227	0.000000
rs1198588	1	98087276	A	T	True	atac	228	0.000000
rs1198588	1	98087276	A	T	True	atac	229	0.000000
rs1198588	1	98087276	A	T	True	atac	230	0.000000
rs1198588	1	98087276	A	T	True	atac	231	0.000000
rs1198588	1	98087276	A	T	True	atac	232	0.000000
rs1198588	1	98087276	A	T	True	atac	233	0.000000
rs1198588	1	98087276	A	T	True	atac	234	0.000000
rs1198588	1	98087276	A	T	True	atac	235	0.000000
rs1198588	1	98087276	A	T	True	atac	236	0.000000
rs1198588	1	98087276	A	T	True	atac	237	0.000000
rs1198588	1	98087276	A	T	True	atac	238	0.000000
rs1198588	1	98087276	A	T	True	atac	239	0.000000
rs1198588	1	98087276	A	T	True	atac	240	0.000000
rs1198588	1	98087276	A	T	True	atac	241	0.000000
rs1198588	1	98087276	A	T	True	atac	242	0.000000
rs1198588	1	98087276	A	T	True	atac	243	0.000000
rs1198588	1	98087276	A	T	True	atac	244	0.000000
rs1198588	1	98087276	A	T	True	atac	245	0.000000
rs1198588	1	98087276	A	T	True	atac	246	0.000000
rs1198588	1	98087276	A	T	True	atac	247	0.000000
rs1198588	1	98087276	A	T	True	atac	248	0.000000
rs1198588	1	98087276	A	T	True	atac	249	0.000000
rs1198588	1	98087276	A	T	True	atac	250	0.000000
rs1198588	1	98087276	A	T	True	atac	251	0.000000
rs1198588	1	98087276	A	T	True	atac	252	0.000000
rs1198588	1	98087276	A	T	True	atac	253	0.000000
rs1198588	1	98087276	A	T	True	atac	254	0.000000
rs1198588	1	98087276	A	T	True	atac	255	0.000000
rs1198588	1	98087276	A	T	True	dnase	0	-0.325071
rs1198588	1	98087276	A	T	True	dnase	1	-0.001789
rs1198588	1	98087276	A	T	True	dnase	2	-0.061149
rs1198588	1	98087276	A	T	True	dnase	3	0.015161
rs1198588	1	98087276	A	T	True	dnase	4	-0.038195
rs1198588	1	98087276	A	T	True	dnase	5	-0.075493
rs1198588	1	98087276	A	T	True	dnase	6	-0.026113
rs1198588	1	98087276	A	T	True	dnase	7	-0.085881
rs1198588	1	98087276	A	T	True	dnase	8	-0.082549
rs1198588	1	98087276	A	T	True	dnase	9	-0.000878
rs1198588	1	98087276	A	T	True	dnase	10	-0.032199
rs1198588	1	98087276	A	T	True	dnase	11	-0.001904
rs1198588	1	98087276	A	T	True	dnase	12	0.019532
rs1198588	1	98087276	A	T	True	dnase	13	0.050761
rs1198588	1	98087276	A	T	True	dnase	14	-0.024162
rs1198588	1	98087276	A	T	True	dnase	15	0.038254
rs1198588	1	98087276	A	T	True	dnase	16	0.000292
rs1198588	1	98087276	A	T	True	dnase	17	0.024620
rs1198588	1	98087276	A	T	True	dnase	18	0.007665
rs1198588	1	98087276	A	T	True	dnase	19	-0.013330
rs1198588	1	98087276	A	T	True	dnase	20	-0.002933
rs1198588	1	98087276	A	T	True	dnase	21	-0.081188
rs1198588	1	98087276	A	T	True	dnase	22	-0.009805
rs1198588	1	98087276	A	T	True	dnase	23	0.071466
rs1198588	1	98087276	A	T	True	dnase	24	0.010431
rs1198588	1	98087276	A	T	True	dnase	25	-0.007978
rs1198588	1	98087276	A	T	True	dnase	26	-0.045368
rs1198588	1	98087276	A	T	True	dnase	27	0.071143
rs1198588	1	98087276	A	T	True	dnase	28	0.046227
rs1198588	1	98087276	A	T	True	dnase	29	-0.086975
rs1198588	1	98087276	A	T	True	dnase	30	-0.013739
rs1198588	1	98087276	A	T	True	dnase	31	0.027842
rs1198588	1	98087276	A	T	True	dnase	32	0.010453
rs1198588	1	98087276	A	T	True	dnase	33	-0.025894
rs1198588	1	98087276	A	T	True	dnase	34	-0.025468
rs1198588	1	98087276	A	T	True	dnase	35	-0.006211
rs1198588	1	98087276	A	T	True	dnase	36	-0.019234
rs1198588	1	98087276	A	T	True	dnase	37	-0.029855
rs1198588	1	98087276	A	T	True	dnase	38	0.013532
rs1198588	1	98087276	A	T	True	dnase	39	-0.009199
rs1198588	1	98087276	A	T	True	dnase	40	0.007365
rs1198588	1	98087276	A	T	True	dnase	41	-0.056837
rs1198588	1	98087276	A	T	True	dnase	42	-0.038301
rs1198588	1	98087276	A	T	True	dnase	43	-0.085053
rs1198588	1	98087276	A	T	True	dnase	44	-0.075008
rs1198588	1	98087276	A	T	True	dnase	45	-0.006594
rs1198588	1	98087276	A	T	True	dnase	46	-0.041908
rs1198588	1	98087276	A	T	True	dnase	47	-0.042837
rs1198588	1	98087276	A	T	True	dnase	48	-0.002713
rs1198588	1	98087276	A	T	True	dnase	49	-0.038464
rs1198588	1	98087276	A	T	True	dnase	50	-0.233694
rs1198588	1	98087276	A	T	True	dnase	51	0.025802
rs1198588	1	98087276	A	T	True	dnase	52	0.004620
rs1198588	1	98087276	A	T	True	dnase	53	-0.065981
rs1198588	1	98087276	A	T	True	dnase	54	0.007848
rs1198588	1	98087276	A	T	True	dnase	55	-0.090365
rs1198588	1	98087276	A	T	True	dnase	56	-0.113186
rs1198588	1	98087276	A	T	True	dnase	57	-0.046050
rs1198588	1	98087276	A	T	True	dnase	58	0.056472
rs1198588	1	98087276	A	T	True	dnase	59	-0.027763
rs1198588	1	98087276	A	T	True	dnase	60	-0.043504
rs1198588	1	98087276	A	T	True	dnase	61	-0.010509
rs1198588	1	98087276	A	T	True	dnase	62	0.024101
rs1198588	1	98087276	A	T	True	dnase	63	0.032374
rs1198588	1	98087276	A	T	True	dnase	64	0.037359
rs1198588	1	98087276	A	T	True	dnase	65	-0.067343
rs1198588	1	98087276	A	T	True	dnase	66	-0.043030
rs1198588	1	98087276	A	T	True	dnase	67	-0.149492
rs1198588	1	98087276	A	T	True	dnase	68	-0.701522
rs1198588	1	98087276	A	T	True	dnase	69	0.143966
rs1198588	1	98087276	A	T	True	dnase	70	0.017356
rs1198588	1	98087276	A	T	True	dnase	71	0.013434
rs1198588	1	98087276	A	T	True	dnase	72	0.088848
rs1198588	1	98087276	A	T	True	dnase	73	-0.033757
rs1198588	1	98087276	A	T	True	dnase	74	-0.028134
rs1198588	1	98087276	A	T	True	dnase	75	-0.047074
rs1198588	1	98087276	A	T	True	dnase	76	-0.089949
rs1198588	1	98087276	A	T	True	dnase	77	-0.457429
rs1198588	1	98087276	A	T	True	dnase	78	-0.005239
rs1198588	1	98087276	A	T	True	dnase	79	0.019857
rs1198588	1	98087276	A	T	True	dnase	80	-0.097574
rs1198588	1	98087276	A	T	True	dnase	81	0.052413
rs1198588	1	98087276	A	T	True	dnase	82	-0.038400
rs1198588	1	98087276	A	T	True	dnase	83	0.027309
rs1198588	1	98087276	A	T	True	dnase	84	-0.022062
rs1198588	1	98087276	A	T	True	dnase	85	-0.044482
rs1198588	1	98087276	A	T	True	dnase	86	-0.007594
rs1198588	1	98087276	A	T	True	dnase	87	-0.044286
rs1198588	1	98087276	A	T	True	dnase	88	0.021795
rs1198588	1	98087276	A	T	True	dnase	89	-0.019292
rs1198588	1	98087276	A	T	True	dnase	90	0.063617
rs1198588	1	98087276	A	T	True	dnase	91	0.143854
rs1198588	1	98087276	A	T	True	dnase	92	0.033909
rs1198588	1	98087276	A	T	True	dnase	93	-0.039080
rs1198588	1	98087276	A	T	True	dnase	94	-0.159997
rs1198588	1	98087276	A	T	True	dnase	95	-0.012582
rs1198588	1	98087276	A	T	True	dnase	96	-0.061746
rs1198588	1	98087276	A	T	True	dnase	97	-0.045378
rs1198588	1	98087276	A	T	True	dnase	98	-0.035266
rs1198588	1	98087276	A	T	True	dnase	99	-0.048338
rs1198588	1	98087276	A	T	True	dnase	100	0.018638
rs1198588	1	98087276	A	T	True	dnase	101	-0.035564
rs1198588	1	98087276	A	T	True	dnase	102	-0.096472
rs1198588	1	98087276	A	T	True	dnase	103	-0.025318
rs1198588	1	98087276	A	T	True	dnase	104	-0.080866
rs1198588	1	98087276	A	T	True	dnase	105	-0.014440
rs1198588	1	98087276	A	T	True	dnase	106	-0.088349
rs1198588	1	98087276	A	T	True	dnase	107	-0.029471
rs1198588	1	98087276	A	T	True	dnase	108	-0.123275
rs1198588	1	98087276	A	T	True	dnase	109	-0.043180
rs1198588	1	98087276	A	T	True	dnase	110	-0.122812
rs1198588	1	98087276	A	T	True	dnase	111	0.025287
rs1198588	1	98087276	A	T	True	dnase	112	0.050233
rs1198588	1	98087276	A	T	True	dnase	113	-0.022610
rs1198588	1	98087276	A	T	True	dnase	114	0.021829
rs1198588	1	98087276	A	T	True	dnase	115	-0.098402
rs1198588	1	98087276	A	T	True	dnase	116	-0.043796
rs1198588	1	98087276	A	T	True	dnase	117	0.041310
rs1198588	1	98087276	A	T	True	dnase	118	0.060911
rs1198588	1	98087276	A	T	True	dnase	119	-0.002596
rs1198588	1	98087276	A	T	True	dnase	120	0.050904
rs1198588	1	98087276	A	T	True	dnase	121	-0.007461
rs1198588	1	98087276	A	T	True	dnase	122	-0.466851
rs1198588	1	98087276	A	T	True	dnase	123	-0.088778
rs1198588	1	98087276	A	T	True	dnase	124	-0.107633
rs1198588	1	98087276	A	T	True	dnase	125	-0.139074
rs1198588	1	98087276	A	T	True	dnase	126	-0.139722
rs1198588	1	98087276	A	T	True	dnase	127	-0.016293
rs1198588	1	98087276	A	T	True	dnase	128	-0.037872
rs1198588	1	98087276	A	T	True	dnase	129	-0.021435
rs1198588	1	98087276	A	T	True	dnase	130	-0.000204
rs1198588	1	98087276	A	T	True	dnase	131	0.073968
rs1198588	1	98087276	A	T	True	dnase	132	-0.090700
rs1198588	1	98087276	A	T	True	dnase	133	0.027311
rs1198588	1	98087276	A	T	True	dnase	134	0.001701
rs1198588	1	98087276	A	T	True	dnase	135	-0.024717
rs1198588	1	98087276	A	T	True	dnase	136	-0.049866
rs1198588	1	98087276	A	T	True	dnase	137	-0.084272
rs1198588	1	98087276	A	T	True	dnase	138	0.028569
rs1198588	1	98087276	A	T	True	dnase	139	0.011255
rs1198588	1	98087276	A	T	True	dnase	140	-0.010045
rs1198588	1	98087276	A	T	True	dnase	141	-0.007271
rs1198588	1	98087276	A	T	True	dnase	142	-0.091977
rs1198588	1	98087276	A	T	True	dnase	143	-0.067266
rs1198588	1	98087276	A	T	True	dnase	144	0.003094
rs1198588	1	98087276	A	T	True	dnase	145	-0.039072
rs1198588	1	98087276	A	T	True	dnase	146	-0.108896
rs1198588	1	98087276	A	T	True	dnase	147	-0.090312
rs1198588	1	98087276	A	T	True	dnase	148	-0.221910
rs1198588	1	98087276	A	T	True	dnase	149	0.005505
rs1198588	1	98087276	A	T	True	dnase	150	0.059488
rs1198588	1	98087276	A	T	True	dnase	151	0.032954
rs1198588	1	98087276	A	T	True	dnase	152	0.092393
rs1198588	1	98087276	A	T	True	dnase	153	0.049066
rs1198588	1	98087276	A	T	True	dnase	154	0.032980
rs1198588	1	98087276	A	T	True	dnase	155	-0.046338
rs1198588	1	98087276	A	T	True	dnase	156	-0.045000
rs1198588	1	98087276	A	T	True	dnase	157	0.027824
rs1198588	1	98087276	A	T	True	dnase	158	0.014763
rs1198588	1	98087276	A	T	True	dnase	159	0.036280
rs1198588	1	98087276	A	T	True	dnase	160	-0.006412
rs1198588	1	98087276	A	T	True	dnase	161	-0.136390
rs1198588	1	98087276	A	T	True	dnase	162	-0.553503
rs1198588	1	98087276	A	T	True	dnase	163	0.004084
rs1198588	1	98087276	A	T	True	dnase	164	0.032457
rs1198588	1	98087276	A	T	True	dnase	165	-0.093033
rs1198588	1	98087276	A	T	True	dnase	166	-0.073880
rs1198588	1	98087276	A	T	True	dnase	167	-0.061144
rs1198588	1	98087276	A	T	True	dnase	168	0.000167
rs1198588	1	98087276	A	T	True	dnase	169	0.064825
rs1198588	1	98087276	A	T	True	dnase	170	-0.030896
rs1198588	1	98087276	A	T	True	dnase	171	-0.663562
rs1198588	1	98087276	A	T	True	dnase	172	-0.158784
rs1198588	1	98087276	A	T	True	dnase	173	-0.002016
rs1198588	1	98087276	A	T	True	dnase	174	-0.178289
rs1198588	1	98087276	A	T	True	dnase	175	-0.415733
rs1198588	1	98087276	A	T	True	dnase	176	-0.015557
rs1198588	1	98087276	A	T	True	dnase	177	-0.031224
rs1198588	1	98087276	A	T	True	dnase	178	-0.065087
rs1198588	1	98087276	A	T	True	dnase	179	-0.026881
rs1198588	1	98087276	A	T	True	dnase	180	0.045933
rs1198588	1	98087276	A	T	True	dnase	181	-0.087987
rs1198588	1	98087276	A	T	True	dnase	182	-0.066996
rs1198588	1	98087276	A	T	True	dnase	183	-0.007259
rs1198588	1	98087276	A	T	True	dnase	184	0.008316
rs1198588	1	98087276	A	T	True	dnase	185	-0.100183
rs1198588	1	98087276	A	T	True	dnase	186	-0.007249
rs1198588	1	98087276	A	T	True	dnase	187	-0.001727
rs1198588	1	98087276	A	T	True	dnase	188	0.081551
rs1198588	1	98087276	A	T	True	dnase	189	-0.275112
rs1198588	1	98087276	A	T	True	dnase	190	0.134270
rs1198588	1	98087276	A	T	True	dnase	191	0.211221
rs1198588	1	98087276	A	T	True	dnase	192	-0.028688
rs1198588	1	98087276	A	T	True	dnase	193	-0.009262
rs1198588	1	98087276	A	T	True	dnase	194	0.006591
rs1198588	1	98087276	A	T	True	dnase	195	0.012451
rs1198588	1	98087276	A	T	True	dnase	196	0.085279
rs1198588	1	98087276	A	T	True	dnase	197	-0.034145
rs1198588	1	98087276	A	T	True	dnase	198	-0.048695
rs1198588	1	98087276	A	T	True	dnase	199	-0.079081
rs1198588	1	98087276	A	T	True	dnase	200	0.062419
rs1198588	1	98087276	A	T	True	dnase	201	-0.257656
rs1198588	1	98087276	A	T	True	dnase	202	0.007285
rs1198588	1	98087276	A	T	True	dnase	203	0.007973
rs1198588	1	98087276	A	T	True	dnase	204	0.014111
rs1198588	1	98087276	A	T	True	dnase	205	0.020350
rs1198588	1	98087276	A	T	True	dnase	206	-0.154106
rs1198588	1	98087276	A	T	True	dnase	207	-0.065347
rs1198588	1	98087276	A	T	True	dnase	208	-0.066876
rs1198588	1	98087276	A	T	True	dnase	209	-0.059441
rs1198588	1	98087276	A	T	True	dnase	210	0.012753
rs1198588	1	98087276	A	T	True	dnase	211	-0.043816
rs1198588	1	98087276	A	T	True	dnase	212	-0.144867
rs1198588	1	98087276	A	T	True	dnase	213	-0.065544
rs1198588	1	98087276	A	T	True	dnase	214	-0.007640
rs1198588	1	98087276	A	T	True	dnase	215	-0.095020
rs1198588	1	98087276	A	T	True	dnase	216	-0.034659
rs1198588	1	98087276	A	T	True	dnase	217	0.008545
rs1198588	1	98087276	A	T	True	dnase	218	-0.030022
rs1198588	1	98087276	A	T	True	dnase	219	-0.028071
rs1198588	1	98087276	A	T	True	dnase	220	0.037008
rs1198588	1	98087276	A	T	True	dnase	221	0.019579
rs1198588	1	98087276	A	T	True	dnase	222	-0.330983
rs1198588	1	98087276	A	T	True	dnase	223	-0.315153
rs1198588	1	98087276	A	T	True	dnase	224	0.006232
rs1198588	1	98087276	A	T	True	dnase	225	0.431121
rs1198588	1	98087276	A	T	True	dnase	226	0.012374
rs1198588	1	98087276	A	T	True	dnase	227	-0.008443
rs1198588	1	98087276	A	T	True	dnase	228	-0.036164
rs1198588	1	98087276	A	T	True	dnase	229	-0.039142
rs1198588	1	98087276	A	T	True	dnase	230	-0.024547
rs1198588	1	98087276	A	T	True	dnase	231	-0.006831
rs1198588	1	98087276	A	T	True	dnase	232	-0.024935
rs1198588	1	98087276	A	T	True	dnase	233	-0.001047
rs1198588	1	98087276	A	T	True	dnase	234	-0.013778
rs1198588	1	98087276	A	T	True	dnase	235	-0.092402
rs1198588	1	98087276	A	T	True	dnase	236	-0.025882
rs1198588	1	98087276	A	T	True	dnase	237	-0.007925
rs1198588	1	98087276	A	T	True	dnase	238	0.020587
rs1198588	1	98087276	A	T	True	dnase	239	-0.120696
rs1198588	1	98087276	A	T	True	dnase	240	0.005967
rs1198588	1	98087276	A	T	True	dnase	241	-0.042550
rs1198588	1	98087276	A	T	True	dnase	242	0.007131
rs1198588	1	98087276	A	T	True	dnase	243	-0.003591
rs1198588	1	98087276	A	T	True	dnase	244	-0.062764
rs1198588	1	98087276	A	T	True	dnase	245	-0.089517
rs1198588	1	98087276	A	T	True	dnase	246	0.166481
rs1198588	1	98087276	A	T	True	dnase	247	0.506083
rs1198588	1	98087276	A	T	True	dnase	248	0.534479
rs1198588	1	98087276	A	T	True	dnase	249	0.383257
rs1198588	1	98087276	A	T	True	dnase	250	0.055538
rs1198588	1	98087276	A	T	True	dnase	251	0.016840
rs1198588	1	98087276	A	T	True	dnase	252	-0.126306
rs1198588	1	98087276	A	T	True	dnase	253	-0.078695
rs1198588	1	98087276	A	T	True	dnase	254	-0.004172
rs1198588	1	98087276	A	T	True	dnase	255	-0.008174
rs1198588	1	98087276	A	T	True	dnase	256	0.015328
rs1198588	1	98087276	A	T	True	dnase	257	0.000874
rs1198588	1	98087276	A	T	True	dnase	258	0.000592
rs1198588	1	98087276	A	T	True	dnase	259	0.010661
rs1198588	1	98087276	A	T	True	dnase	260	0.003671
rs1198588	1	98087276	A	T	True	dnase	261	-0.114739
rs1198588	1	98087276	A	T	True	dnase	262	-0.039748
rs1198588	1	98087276	A	T	True	dnase	263	-0.020905
rs1198588	1	98087276	A	T	True	dnase	264	-0.096485
rs1198588	1	98087276	A	T	True	dnase	265	-0.002848
rs1198588	1	98087276	A	T	True	dnase	266	-0.033052
rs1198588	1	98087276	A	T	True	dnase	267	-0.048225
rs1198588	1	98087276	A	T	True	dnase	268	0.192263
rs1198588	1	98087276	A	T	True	dnase	269	-0.066009
rs1198588	1	98087276	A	T	True	dnase	270	-0.225097
rs1198588	1	98087276	A	T	True	dnase	271	0.009542
rs1198588	1	98087276	A	T	True	dnase	272	0.032079
rs1198588	1	98087276	A	T	True	dnase	273	0.018267
rs1198588	1	98087276	A	T	True	dnase	274	0.422943
rs1198588	1	98087276	A	T	True	dnase	275	0.349587
rs1198588	1	98087276	A	T	True	dnase	276	0.058707
rs1198588	1	98087276	A	T	True	dnase	277	-0.080669
rs1198588	1	98087276	A	T	True	dnase	278	-0.051673
rs1198588	1	98087276	A	T	True	dnase	279	-0.009214
rs1198588	1	98087276	A	T	True	dnase	280	-0.073133
rs1198588	1	98087276	A	T	True	dnase	281	-0.032515
rs1198588	1	98087276	A	T	True	dnase	282	-0.016002
rs1198588	1	98087276	A	T	True	dnase	283	-0.015521
rs1198588	1	98087276	A	T	True	dnase	284	-0.087801
rs1198588	1	98087276	A	T	True	dnase	285	0.001825
rs1198588	1	98087276	A	T	True	dnase	286	-0.014762
rs1198588	1	98087276	A	T	True	dnase	287	0.030072
rs1198588	1	98087276	A	T	True	dnase	288	-0.035262
rs1198588	1	98087276	A	T	True	dnase	289	0.019417
rs1198588	1	98087276	A	T	True	dnase	290	0.036471
rs1198588	1	98087276	A	T	True	dnase	291	-0.027132
rs1198588	1	98087276	A	T	True	dnase	292	0.332429
rs1198588	1	98087276	A	T	True	dnase	293	-0.027598
rs1198588	1	98087276	A	T	True	dnase	294	-0.016621
rs1198588	1	98087276	A	T	True	dnase	295	-0.031478
rs1198588	1	98087276	A	T	True	dnase	296	-0.071968
rs1198588	1	98087276	A	T	True	dnase	297	-0.074882
rs1198588	1	98087276	A	T	True	dnase	298	-0.067830
rs1198588	1	98087276	A	T	True	dnase	299	-0.067213
rs1198588	1	98087276	A	T	True	dnase	300	-0.032217
rs1198588	1	98087276	A	T	True	dnase	301	0.003934
rs1198588	1	98087276	A	T	True	dnase	302	-0.010575
rs1198588	1	98087276	A	T	True	dnase	303	-0.033253
rs1198588	1	98087276	A	T	True	dnase	304	-0.001782
rs1198588	1	98087276	A	T	True	dnase	305	0.000000
rs1198588	1	98087276	A	T	True	dnase	306	0.000000
rs1198588	1	98087276	A	T	True	dnase	307	0.000000
rs1198588	1	98087276	A	T	True	dnase	308	0.000000
rs1198588	1	98087276	A	T	True	dnase	309	0.000000
rs1198588	1	98087276	A	T	True	dnase	310	0.000000
rs1198588	1	98087276	A	T	True	dnase	311	0.000000
rs1198588	1	98087276	A	T	True	dnase	312	0.000000
rs1198588	1	98087276	A	T	True	dnase	313	0.000000
rs1198588	1	98087276	A	T	True	dnase	314	0.000000
rs1198588	1	98087276	A	T	True	dnase	315	0.000000
rs1198588	1	98087276	A	T	True	dnase	316	0.000000
rs1198588	1	98087276	A	T	True	dnase	317	0.000000
rs1198588	1	98087276	A	T	True	dnase	318	0.000000
rs1198588	1	98087276	A	T	True	dnase	319	0.000000
rs1198588	1	98087276	A	T	True	dnase	320	0.000000
rs1198588	1	98087276	A	T	True	dnase	321	0.000000
rs1198588	1	98087276	A	T	True	dnase	322	0.000000
rs1198588	1	98087276	A	T	True	dnase	323	0.000000
rs1198588	1	98087276	A	T	True	dnase	324	0.000000
rs1198588	1	98087276	A	T	True	dnase	325	0.000000
rs1198588	1	98087276	A	T	True	dnase	326	0.000000
rs1198588	1	98087276	A	T	True	dnase	327	0.000000
rs1198588	1	98087276	A	T	True	dnase	328	0.000000
rs1198588	1	98087276	A	T	True	dnase	329	0.000000
rs1198588	1	98087276	A	T	True	dnase	330	0.000000
rs1198588	1	98087276	A	T	True	dnase	331	0.000000
rs1198588	1	98087276	A	T	True	dnase	332	0.000000
rs1198588	1	98087276	A	T	True	dnase	333	0.000000
rs1198588	1	98087276	A	T	True	dnase	334	0.000000
rs1198588	1	98087276	A	T	True	dnase	335	0.000000
rs1198588	1	98087276	A	T	True	dnase	336	0.000000
rs1198588	1	98087276	A	T	True	dnase	337	0.000000
rs1198588	1	98087276	A	T	True	dnase	338	0.000000
rs1198588	1	98087276	A	T	True	dnase	339	0.000000
rs1198588	1	98087276	A	T	True	dnase	340	0.000000
rs1198588	1	98087276	A	T	True	dnase	341	0.000000
rs1198588	1	98087276	A	T	True	dnase	342	0.000000
rs1198588	1	98087276	A	T	True	dnase	343	0.000000
rs1198588	1	98087276	A	T	True	dnase	344	0.000000
rs1198588	1	98087276	A	T	True	dnase	345	0.000000
rs1198588	1	98087276	A	T	True	dnase	346	0.000000
rs1198588	1	98087276	A	T	True	dnase	347	0.000000
rs1198588	1	98087276	A	T	True	dnase	348	0.000000
rs1198588	1	98087276	A	T	True	dnase	349	0.000000
rs1198588	1	98087276	A	T	True	dnase	350	0.000000
rs1198588	1	98087276	A	T	True	dnase	351	0.000000
rs1198588	1	98087276	A	T	True	dnase	352	0.000000
rs1198588	1	98087276	A	T	True	dnase	353	0.000000
rs1198588	1	98087276	A	T	True	dnase	354	0.000000
rs1198588	1	98087276	A	T	True	dnase	355	0.000000
rs1198588	1	98087276	A	T	True	dnase	356	0.000000
rs1198588	1	98087276	A	T	True	dnase	357	0.000000
rs1198588	1	98087276	A	T	True	dnase	358	0.000000
rs1198588	1	98087276	A	T	True	dnase	359	0.000000
rs1198588	1	98087276	A	T	True	dnase	360	0.000000
rs1198588	1	98087276	A	T	True	dnase	361	0.000000
rs1198588	1	98087276	A	T	True	dnase	362	0.000000
rs1198588	1	98087276	A	T	True	dnase	363	0.000000
rs1198588	1	98087276	A	T	True	dnase	364	0.000000
rs1198588	1	98087276	A	T	True	dnase	365	0.000000
rs1198588	1	98087276	A	T	True	dnase	366	0.000000
rs1198588	1	98087276	A	T	True	dnase	367	0.000000
rs1198588	1	98087276	A	T	True	dnase	368	0.000000
rs1198588	1	98087276	A	T	True	dnase	369	0.000000
rs1198588	1	98087276	A	T	True	dnase	370	0.000000
rs1198588	1	98087276	A	T	True	dnase	371	0.000000
rs1198588	1	98087276	A	T	True	dnase	372	0.000000
rs1198588	1	98087276	A	T	True	dnase	373	0.000000
rs1198588	1	98087276	A	T	True	dnase	374	0.000000
rs1198588	1	98087276	A	T	True	dnase	375	0.000000
rs1198588	1	98087276	A	T	True	dnase	376	0.000000
rs1198588	1	98087276	A	T	True	dnase	377	0.000000
rs1198588	1	98087276	A	T	True	dnase	378	0.000000
rs1198588	1	98087276	A	T	True	dnase	379	0.000000
rs1198588	1	98087276	A	T	True	dnase	380	0.000000
rs1198588	1	98087276	A	T	True	dnase	381	0.000000
rs1198588	1	98087276	A	T	True	dnase	382	0.000000
rs1198588	1	98087276	A	T	True	dnase	383	0.000000
rs4702	15	90883330	G	A	True	atac	0	-0.026367
rs4702	15	90883330	G	A	True	atac	1	-0.046525
rs4702	15	90883330	G	A	True	atac	2	-0.017513
rs4702	15	90883330	G	A	True	atac	3	0.007311
rs4702	15	90883330	G	A	True	atac	4	-0.068163
rs4702	15	90883330	G	A	True	atac	5	-0.059879
rs4702	15	90883330	G	A	True	atac	6	-0.032078
rs4702	15	90883330	G	A	True	atac	7	-0.000885
rs4702	15	90883330	G	A	True	atac	8	-0.012045
rs4702	15	90883330	G	A	True	atac	9	-0.010025
rs4702	15	90883330	G	A	True	atac	10	-0.033099
rs4702	15	90883330	G	A	True	atac	11	-0.024044
rs4702	15	90883330	G	A	True	atac	12	-0.017437
rs4702	15	90883330	G	A	True	atac	13	-0.014616
rs4702	15	90883330	G	A	True	atac	14	0.028991
rs4702	15	90883330	G	A	True	atac	15	0.021870
rs4702	15	90883330	G	A	True	atac	16	0.021498
rs4702	15	90883330	G	A	True	atac	17	0.013974
rs4702	15	90883330	G	A	True	atac	18	0.016732
rs4702	15	90883330	G	A	True	atac	19	0.012768
rs4702	15	90883330	G	A	True	atac	20	0.019658
rs4702	15	90883330	G	A	True	atac	21	0.030713
rs4702	15	90883330	G	A	True	atac	22	0.021392
rs4702	15	90883330	G	A	True	atac	23	0.018741
rs4702	15	90883330	G	A	True	atac	24	0.008234
rs4702	15	90883330	G	A	True	atac	25	0.022320
rs4702	15	90883330	G	A	True	atac	26	0.013837
rs4702	15	90883330	G	A	True	atac	27	0.020408
rs4702	15	90883330	G	A	True	atac	28	0.031521
rs4702	15	90883330	G	A	True	atac	29	0.018312
rs4702	15	90883330	G	A	True	atac	30	0.013128
rs4702	15	90883330	G	A	True	atac	31	0.035784
rs4702	15	90883330	G	A	True	atac	32	0.014732
rs4702	15	90883330	G	A	True	atac	33	0.040206
rs4702	15	90883330	G	A	True	atac	34	0.023192
rs4702	15	90883330	G	A	True	atac	35	0.011894
rs4702	15	90883330	G	A	True	atac	36	0.015941
rs4702	15	90883330	G	A	True	atac	37	0.033930
rs4702	15	90883330	G	A	True	atac	38	0.025525
rs4702	15	90883330	G	A	True	atac	39	0.035575
rs4702	15	90883330	G	A	True	atac	40	0.002171
rs4702	15	90883330	G	A	True	atac	41	0.021623
rs4702	15	90883330	G	A	True	atac	42	0.022484
rs4702	15	90883330	G	A	True	atac	43	0.019280
rs4702	15	90883330	G	A	True	atac	44	0.013332
rs4702	15	90883330	G	A	True	atac	45	0.013502
rs4702	15	90883330	G	A	True	atac	46	0.022222
rs4702	15	90883330	G	A	True	atac	47	0.019441
rs4702	15	90883330	G	A	True	atac	48	0.008993
rs4702	15	90883330	G	A	True	atac	49	0.021336
rs4702	15	90883330	G	A	True	atac	50	0.020431
rs4702	15	90883330	G	A	True	atac	51	0.013233
rs4702	15	90883330	G	A	True	atac	52	-0.004149
rs4702	15	90883330	G	A	True	atac	53	0.013711
rs4702	15	90883330	G	A	True	atac	54	0.007909
rs4702	15	90883330	G	A	True	atac	55	0.035578
rs4702	15	90883330	G	A	True	atac	56	0.039795
rs4702	15	90883330	G	A	True	atac	57	-0.166952
rs4702	15	90883330	G	A	True	atac	58	0.074887
rs4702	15	90883330	G	A	True	atac	59	0.023028
rs4702	15	90883330	G	A	True	atac	60	0.063313
rs4702	15	90883330	G	A	True	atac	61	0.058145
rs4702	15	90883330	G	A	True	atac	62	0.046765
rs4702	15	90883330	G	A	True	atac	63	0.042248
rs4702	15	90883330	G	A	True	atac	64	0.040793
rs4702	15	90883330	G	A	True	atac	65	0.010702
rs4702	15	90883330	G	A	True	atac	66	0.018794
rs4702	15	90883330	G	A	True	atac	67	0.040917
rs4702	15	90883330	G	A	True	atac	68	0.003386
rs4702	15	90883330	G	A	True	atac	69	-0.010113
rs4702	15	90883330	G	A	True	atac	70	0.018385
rs4702	15	90883330	G	A	True	atac	71	0.012012
rs4702	15	90883330	G	A	True	atac	72	0.012863
rs4702	15	90883330	G	A	True	atac	73	0.016114
rs4702	15	90883330	G	A	True	atac	74	0.020946
rs4702	15	90883330	G	A	True	atac	75	0.021204
rs4702	15	90883330	G	A	True	atac	76	0.019577
rs4702	15	90883330	G	A	True	atac	77	0.016260
rs4702	15	90883330	G	A	True	atac	78	0.026697
rs4702	15	90883330	G	A	True	atac	79	0.012722
rs4702	15	90883330	G	A	True	atac	80	0.027611
rs4702	15	90883330	G	A	True	atac	81	0.020302
rs4702	15	90883330	G	A	True	atac	82	0.024446
rs4702	15	90883330	G	A	True	atac	83	0.022601
rs4702	15	90883330	G	A	True	atac	84	0.016038
rs4702	15	90883330	G	A	True	atac	85	0.009315
rs4702	15	90883330	G	A	True	atac	86	0.017031
rs4702	15	90883330	G	A	True	atac	87	0.022496
rs4702	15	90883330	G	A	True	atac	88	0.027479
rs4702	15	90883330	G	A	True	atac	89	0.020831
rs4702	15	90883330	G	A	True	atac	90	0.025186
rs4702	15	90883330	G	A	True	atac	91	0.030326
rs4702	15	90883330	G	A	True	atac	92	0.006762
rs4702	15	90883330	G	A	True	atac	93	0.012443
rs4702	15	90883330	G	A	True	atac	94	0.023030
rs4702	15	90883330	G	A	True	atac	95	0.027609
rs4702	15	90883330	G	A	True	atac	96	0.018456
rs4702	15	90883330	G	A	True	atac	97	0.019949
rs4702	15	90883330	G	A	True	atac	98	0.011980
rs4702	15	90883330	G	A	True	atac	99	0.038501
rs4702	15	90883330	G	A	True	atac	100	-0.001857
rs4702	15	90883330	G	A	True	atac	101	0.034407
rs4702	15	90883330	G	A	True	atac	102	0.027963
rs4702	15	90883330	G	A	True	atac	103	0.019884
rs4702	15	90883330	G	A	True	atac	104	0.017713
rs4702	15	90883330	G	A	True	atac	105	0.016812
rs4702	15	90883330	G	A	True	atac	106	0.034965
rs4702	15	90883330	G	A	True	atac	107	0.011788
rs4702	15	90883330	G	A	True	atac	108	0.017209
rs4702	15	90883330	G	A	True	atac	109	0.028659
rs4702	15	90883330	G	A	True	atac	110	0.024250
rs4702	15	90883330	G	A	True	atac	111	0.019600
rs4702	15	90883330	G	A	True	atac	112	0.022272
rs4702	15	90883330	G	A	True	atac	113	0.032712
rs4702	15	90883330	G	A	True	atac	114	0.033152
rs4702	15	90883330	G	A	True	atac	115	0.012421
rs4702	15	90883330	G	A	True	atac	116	0.012908
rs4702	15	90883330	G	A	True	atac	117	0.010758
rs4702	15	90883330	G	A	True	atac	118	0.016294
rs4702	15	90883330	G	A	True	atac	119	0.021261
rs4702	15	90883330	G	A	True	atac	120	0.020348
rs4702	15	90883330	G	A	True	atac	121	0.042361
rs4702	15	90883330	G	A	True	atac	122	0.040476
rs4702	15	90883330	G	A	True	atac	123	0.039833
rs4702	15	90883330	G	A	True	atac	124	0.076612
rs4702	15	90883330	G	A	True	atac	125	0.045269
rs4702	15	90883330	G	A	True	atac	126	-0.006889
rs4702	15	90883330	G	A	True	atac	127	0.004786
rs4702	15	90883330	G	A	True	atac	128	-0.008111
rs4702	15	90883330	G	A	True	atac	129	0.047761
rs4702	15	90883330	G	A	True	atac	130	0.042642
rs4702	15	90883330	G	A	True	atac	131	0.129423
rs4702	15	90883330	G	A	True	atac	132	-0.019062
rs4702	15	90883330	G	A	True	atac	133	-0.081574
rs4702	15	90883330	G	A	True	atac	134	0.066072
rs4702	15	90883330	G	A	True	atac	135	0.105303
rs4702	15	90883330	G	A	True	atac	136	-0.009304
rs4702	15	90883330	G	A	True	atac	137	0.109125
rs4702	15	90883330	G	A	True	atac	138	0.023142
rs4702	15	90883330	G	A	True	atac	139	0.027810
rs4702	15	90883330	G	A	True	atac	140	0.014469
rs4702	15	90883330	G	A	True	atac	141	0.027108
rs4702	15	90883330	G	A	True	atac	142	0.023997
rs4702	15	90883330	G	A	True	atac	143	0.030091
rs4702	15	90883330	G	A	True	atac	144	0.018248
rs4702	15	90883330	G	A	True	atac	145	0.042559
rs4702	15	90883330	G	A	True	atac	146	0.009893
rs4702	15	90883330	G	A	True	atac	147	0.036176
rs4702	15	90883330	G	A	True	atac	148	0.033580
rs4702	15	90883330	G	A	True	atac	149	0.039666
rs4702	15	90883330	G	A	True	atac	150	-0.013682
rs4702	15	90883330	G	A	True	atac	151	0.035455
rs4702	15	90883330	G	A	True	atac	152	0.043691
rs4702	15	90883330	G	A	True	atac	153	0.022966
rs4702	15	90883330	G	A	True	atac	154	0.040717
rs4702	15	90883330	G	A	True	atac	155	-0.031136
rs4702	15	90883330	G	A	True	atac	156	0.079142
rs4702	15	90883330	G	A	True	atac	157	0.092594
rs4702	15	90883330	G	A	True	atac	158	-0.010887
rs4702	15	90883330	G	A	True	atac	159	0.038093
rs4702	15	90883330	G	A	True	atac	160	0.030733
rs4702	15	90883330	G	A	True	atac	161	-0.001492
rs4702	15	90883330	G	A	True	atac	162	0.041099
rs4702	15	90883330	G	A	True	atac	163	0.102862
rs4702	15	90883330	G	A	True	atac	164	-0.008757
rs4702	15	90883330	G	A	True	atac	165	0.058657
rs4702	15	90883330	G	A	True	atac	166	0.021700
rs4702	15	90883330	G	A	True	atac	167	0.000000
rs4702	15	90883330	G	A	True	atac	168	0.000000
rs4702	15	90883330	G	A	True	atac	169	0.000000
rs4702	15	90883330	G	A	True	atac	170	0.000000
rs4702	15	90883330	G	A	True	atac	171	0.000000
rs4702	15	90883330	G	A	True	atac	172	0.000000
rs4702	15	90883330	G	A	True	atac	173	0.000000
rs4702	15	90883330	G	A	True	atac	174	0.000000
rs4702	15	90883330	G	A	True	atac	175	0.000000
rs4702	15	90883330	G	A	True	atac	176	0.000000
rs4702	15	90883330	G	A	True	atac	177	0.000000
rs4702	15	90883330	G	A	True	atac	178	0.000000
rs4702	15	90883330	G	A	True	atac	179	0.000000
rs4702	15	90883330	G	A	True	atac	180	0.000000
rs4702	15	90883330	G	A	True	atac	181	0.000000
rs4702	15	90883330	G	A	True	atac	182	0.000000
rs4702	15	90883330	G	A	True	atac	183	0.000000
rs4702	15	90883330	G	A	True	atac	184	0.000000
rs4702	15	90883330	G	A	True	atac	185	0.000000
rs4702	15	90883330	G	A	True	atac	186	0.000000
rs4702	15	90883330	G	A	True	atac	187	0.000000
rs4702	15	90883330	G	A	True	atac	188	0.000000
rs4702	15	90883330	G	A	True	atac	189	0.000000
rs4702	15	90883330	G	A	True	atac	190	0.000000
rs4702	15	90883330	G	A	True	atac	191	0.000000
rs4702	15	90883330	G	A	True	atac	192	0.000000
rs4702	15	90883330	G	A	True	atac	193	0.000000
rs4702	15	90883330	G	A	True	atac	194	0.000000
rs4702	15	90883330	G	A	True	atac	195	0.000000
rs4702	15	90883330	G	A	True	atac	196	0.000000
rs4702	15	90883330	G	A	True	atac	197	0.000000
rs4702	15	90883330	G	A	True	atac	198	0.000000
rs4702	15	90883330	G	A	True	atac	199	0.000000
rs4702	15	90883330	G	A	True	atac	200	0.000000
rs4702	15	90883330	G	A	True	atac	201	0.000000
rs4702	15	90883330	G	A	True	atac	202	0.000000
rs4702	15	90883330	G	A	True	atac	203	0.000000
rs4702	15	90883330	G	A	True	atac	204	0.000000
rs4702	15	90883330	G	A	True	atac	205	0.000000
rs4702	15	90883330	G	A	True	atac	206	0.000000
rs4702	15	90883330	G	A	True	atac	207	0.000000
rs4702	15	90883330	G	A	True	atac	208	0.000000
rs4702	15	90883330	G	A	True	atac	209	0.000000
rs4702	15	90883330	G	A	True	atac	210	0.000000
rs4702	15	90883330	G	A	True	atac	211	0.000000
rs4702	15	90883330	G	A	True	atac	212	0.000000
rs4702	15	90883330	G	A	True	atac	213	0.000000
rs4702	15	90883330	G	A	True	atac	214	0.000000
rs4702	15	90883330	G	A	True	atac	215	0.000000
rs4702	15	90883330	G	A	True	atac	216	0.000000
rs4702	15	90883330	G	A	True	atac	217	0.000000
rs4702	15	90883330	G	A	True	atac	218	0.000000
rs4702	15	90883330	G	A	True	atac	219	0.000000
rs4702	15	90883330	G	A	True	atac	220	0.000000
rs4702	15	90883330	G	A	True	atac	221	0.000000
rs4702	15	90883330	G	A	True	atac	222	0.000000
rs4702	15	90883330	G	A	True	atac	223	0.000000
rs4702	15	90883330	G	A	True	atac	224	0.000000
rs4702	15	90883330	G	A	True	atac	225	0.000000
rs4702	15	90883330	G	A	True	atac	226	0.000000
rs4702	15	90883330	G	A	True	atac	227	0.000000
rs4702	15	90883330	G	A	True	atac	228	0.000000
rs4702	15	90883330	G	A	True	atac	229	0.000000
rs4702	15	90883330	G	A	True	atac	230	0.000000
rs4702	15	90883330	G	A	True	atac	231	0.000000
rs4702	15	90883330	G	A	True	atac	232	0.000000
rs4702	15	90883330	G	A	True	atac	233	0.000000
rs4702	15	90883330	G	A	True	atac	234	0.000000
rs4702	15	90883330	G	A	True	atac	235	0.000000
rs4702	15	90883330	G	A	True	atac	236	0.000000
rs4702	15	90883330	G	A	True	atac	237	0.000000
rs4702	15	90883330	G	A	True	atac	238	0.000000
rs4702	15	90883330	G	A	True	atac	239	0.000000
rs4702	15	90883330	G	A	True	atac	240	0.000000
rs4702	15	90883330	G	A	True	atac	241	0.000000
rs4702	15	90883330	G	A	True	atac	242	0.000000
rs4702	15	90883330	G	A	True	atac	243	0.000000
rs4702	15	90883330	G	A	True	atac	244	0.000000
rs4702	15	90883330	G	A	True	atac	245	0.000000
rs4702	15	90883330	G	A	True	atac	246	0.000000
rs4702	15	90883330	G	A	True	atac	247	0.000000
rs4702	15	90883330	G	A	True	atac	248	0.000000
rs4702	15	90883330	G	A	True	atac	249	0.000000
rs4702	15	90883330	G	A	True	atac	250	0.000000
rs4702	15	90883330	G	A	True	atac	251	0.000000
rs4702	15	90883330	G	A	True	atac	252	0.000000
rs4702	15	90883330	G	A	True	atac	253	0.000000
rs4702	15	90883330	G	A	True	atac	254	0.000000
rs4702	15	90883330	G	A	True	atac	255	0.000000
rs4702	15	90883330	G	A	True	dnase	0	-0.046956
rs4702	15	90883330	G	A	True	dnase	1	-0.009387
rs4702	15	90883330	G	A	True	dnase	2	0.060439
rs4702	15	90883330	G	A	True	dnase	3	-0.108018
rs4702	15	90883330	G	A	True	dnase	4	-0.164465
rs4702	15	90883330	G	A	True	dnase	5	-0.105356
rs4702	15	90883330	G	A	True	dnase	6	-0.031393
rs4702	15	90883330	G	A	True	dnase	7	0.000576
rs4702	15	90883330	G	A	True	dnase	8	0.046489
rs4702	15	90883330	G	A	True	dnase	9	-0.168914
rs4702	15	90883330	G	A	True	dnase	10	-0.006998
rs4702	15	90883330	G	A	True	dnase	11	0.004470
rs4702	15	90883330	G	A	True	dnase	12	0.012619
rs4702	15	90883330	G	A	True	dnase	13	-0.033826
rs4702	15	90883330	G	A	True	dnase	14	-0.023881
rs4702	15	90883330	G	A	True	dnase	15	-0.020066
rs4702	15	90883330	G	A	True	dnase	16	-0.015568
rs4702	15	90883330	G	A	True	dnase	17	-0.001459
rs4702	15	90883330	G	A	True	dnase	18	-0.008830
rs4702	15	90883330	G	A	True	dnase	19	-0.007502
rs4702	15	90883330	G	A	True	dnase	20	-0.085918
rs4702	15	90883330	G	A	True	dnase	21	0.014582
rs4702	15	90883330	G	A	True	dnase	22	-0.045420
rs4702	15	90883330	G	A	True	dnase	23	-0.198345
rs4702	15	90883330	G	A	True	dnase	24	-0.071982
rs4702	15	90883330	G	A	True	dnase	25	-0.009369
rs4702	15	90883330	G	A	True	dnase	26	0.008054
rs4702	15	90883330	G	A	True	dnase	27	-0.027218
rs4702	15	90883330	G	A	True	dnase	28	0.021714
rs4702	15	90883330	G	A	True	dnase	29	0.125812
rs4702	15	90883330	G	A	True	dnase	30	0.003582
rs4702	15	90883330	G	A	True	dnase	31	-0.000220
rs4702	15	90883330	G	A	True	dnase	32	-0.006719
rs4702	15	90883330	G	A	True	dnase	33	-0.027159
rs4702	15	90883330	G	A	True	dnase	34	-0.001050
rs4702	15	90883330	G	A	True	dnase	35	-0.008080
rs4702	15	90883330	G	A	True	dnase	36	0.001423
rs4702	15	90883330	G	A	True	dnase	37	0.000817
rs4702	15	90883330	G	A	True	dnase	38	-0.011842
rs4702	15	90883330	G	A	True	dnase	39	-0.008462
rs4702	15	90883330	G	A	True	dnase	40	-0.007400
rs4702	15	90883330	G	A	True	dnase	41	-0.014279
rs4702	15	90883330	G	A	True	dnase	42	-0.006102
rs4702	15	90883330	G	A	True	dnase	43	0.012606
rs4702	15	90883330	G	A	True	dnase	44	0.218150
rs4702	15	90883330	G	A	True	dnase	45	-0.029830
rs4702	15	90883330	G	A	True	dnase	46	-0.011821
rs4702	15	90883330	G	A	True	dnase	47	0.016161
rs4702	15	90883330	G	A	True	dnase	48	0.009763
rs4702	15	90883330	G	A	True	dnase	49	-0.148454
rs4702	15	90883330	G	A	True	dnase	50	0.048801
rs4702	15	90883330	G	A	True	dnase	51	0.042085
rs4702	15	90883330	G	A	True	dnase	52	0.027646
rs4702	15	90883330	G	A	True	dnase	53	0.005378
rs4702	15	90883330	G	A	True	dnase	54	-0.019740
rs4702	15	90883330	G	A	True	dnase	55	-0.011869
rs4702	15	90883330	G	A	True	dnase	56	-0.127589
rs4702	15	90883330	G	A	True	dnase	57	-0.118216
rs4702	15	90883330	G	A	True	dnase	58	-0.117171
rs4702	15	90883330	G	A	True	dnase	59	-0.113922
rs4702	15	90883330	G	A	True	dnase	60	-0.124045
rs4702	15	90883330	G	A	True	dnase	61	-0.124297
rs4702	15	90883330	G	A	True	dnase	62	-0.123336
rs4702	15	90883330	G	A	True	dnase	63	-0.150815
rs4702	15	90883330	G	A	True	dnase	64	-0.068947
rs4702	15	90883330	G	A	True	dnase	65	-0.152686
rs4702	15	90883330	G	A	True	dnase	66	-0.169273
rs4702	15	90883330	G	A	True	dnase	67	0.031197
rs4702	15	90883330	G	A	True	dnase	68	-0.088601
rs4702	15	90883330	G	A	True	dnase	69	-0.119737
rs4702	15	90883330	G	A	True	dnase	70	-0.096064
rs4702	15	90883330	G	A	True	dnase	71	-0.058374
rs4702	15	90883330	G	A	True	dnase	72	-0.131510
rs4702	15	90883330	G	A	True	dnase	73	0.107160
rs4702	15	90883330	G	A	True	dnase	74	-0.119171
rs4702	15	90883330	G	A	True	dnase	75	-0.031930
rs4702	15	90883330	G	A	True	dnase	76	-0.021754
rs4702	15	90883330	G	A	True	dnase	77	-0.068821
rs4702	15	90883330	G	A	True	dnase	78	-0.132113
rs4702	15	90883330	G	A	True	dnase	79	-0.120165
rs4702	15	90883330	G	A	True	dnase	80	0.048597
rs4702	15	90883330	G	A	True	dnase	81	0.045987
rs4702	15	90883330	G	A	True	dnase	82	0.049256
rs4702	15	90883330	G	A	True	dnase	83	0.028382
rs4702	15	90883330	G	A	True	dnase	84	-0.127469
rs4702	15	90883330	G	A	True	dnase	85	0.000419
rs4702	15	90883330	G	A	True	dnase	86	0.096313
rs4702	15	90883330	G	A	True	dnase	87	-0.123311
rs4702	15	90883330	G	A	True	dnase	88	0.020814
rs4702	15	90883330	G	A	True	dnase	89	-0.179323
rs4702	15	90883330	G	A	True	dnase	90	0.122507
rs4702	15	90883330	G	A	True	dnase	91	-0.110640
rs4702	15	90883330	G	A	True	dnase	92	-0.106761
rs4702	15	90883330	G	A	True	dnase	93	0.016321
rs4702	15	90883330	G	A	True	dnase	94	0.049295
rs4702	15	90883330	G	A	True	dnase	95	0.053927
rs4702	15	90883330	G	A	True	dnase	96	-0.079346
rs4702	15	90883330	G	A	True	dnase	97	-0.056090
rs4702	15	90883330	G	A	True	dnase	98	-0.123654
rs4702	15	90883330	G	A	True	dnase	99	-0.121999
rs4702	15	90883330	G	A	True	dnase	100	-0.117802
rs4702	15	90883330	G	A	True	dnase	101	-0.133824
rs4702	15	90883330	G	A	True	dnase	102	-0.154820
rs4702	15	90883330	G	A	True	dnase	103	-0.107310
rs4702	15	90883330	G	A	True	dnase	104	-0.070952
rs4702	15	90883330	G	A	True	dnase	105	-0.148718
rs4702	15	90883330	G	A	True	dnase	106	0.048685
rs4702	15	90883330	G	A	True	dnase	107	0.018917
rs4702	15	90883330	G	A	True	dnase	108	0.084083
rs4702	15	90883330	G	A	True	dnase	109	0.080265
rs4702	15	90883330	G	A	True	dnase	110	0.063687
rs4702	15	90883330	G	A	True	dnase	111	-0.236406
rs4702	15	90883330	G	A	True	dnase	112	0.053032
rs4702	15	90883330	G	A	True	dnase	113	0.041736
rs4702	15	90883330	G	A	True	dnase	114	-0.018803
rs4702	15	90883330	G	A	True	dnase	115	0.016603
rs4702	15	90883330	G	A	True	dnase	116	0.060569
rs4702	15	90883330	G	A	True	dnase	117	0.009462
rs4702	15	90883330	G	A	True	dnase	118	0.113630
rs4702	15	90883330	G	A	True	dnase	119	0.032498
rs4702	15	90883330	G	A	True	dnase	120	0.065493
rs4702	15	90883330	G	A	True	dnase	121	0.034359
rs4702	15	90883330	G	A	True	dnase	122	-0.035950
rs4702	15	90883330	G	A	True	dnase	123	0.043092
rs4702	15	90883330	G	A	True	dnase	124	-0.002044
rs4702	15	90883330	G	A	True	dnase	125	0.064111
rs4702	15	90883330	G	A	True	dnase	126	-0.012931
rs4702	15	90883330	G	A	True	dnase	127	-0.008895
rs4702	15	90883330	G	A	True	dnase	128	-0.025281
rs4702	15	90883330	G	A	True	dnase	129	-0.033268
rs4702	15	90883330	G	A	True	dnase	130	0.024418
rs4702	15	90883330	G	A	True	dnase	131	-0.009460
rs4702	15	90883330	G	A	True	dnase	132	0.038409
rs4702	15	90883330	G	A	True	dnase	133	-0.035395
rs4702	15	90883330	G	A	True	dnase	134	0.032369
rs4702	15	90883330	G	A	True	dnase	135	-0.166691
rs4702	15	90883330	G	A	True	dnase	136	-0.000354
rs4702	15	90883330	G	A	True	dnase	137	0.000302
rs4702	15	90883330	G	A	True	dnase	138	0.017909
rs4702	15	90883330	G	A	True	dnase	139	0.018223
rs4702	15	90883330	G	A	True	dnase	140	0.002570
rs4702	15	90883330	G	A	True	dnase	141	0.010071
rs4702	15	90883330	G	A	True	dnase	142	0.045846
rs4702	15	90883330	G	A	True	dnase	143	-0.002552
rs4702	15	90883330	G	A	True	dnase	144	-0.002866
rs4702	15	90883330	G	A	True	dnase	145	0.090132
rs4702	15	90883330	G	A	True	dnase	146	0.038053
rs4702	15	90883330	G	A	True	dnase	147	0.057739
rs4702	15	90883330	G	A	True	dnase	148	-0.009696
rs4702	15	90883330	G	A	True	dnase	149	0.176660
rs4702	15	90883330	G	A	True	dnase	150	-0.009245
rs4702	15	90883330	G	A	True	dnase	151	0.000375
rs4702	15	90883330	G	A	True	dnase	152	-0.016630
rs4702	15	90883330	G	A	True	dnase	153	0.060735
rs4702	15	90883330	G	A	True	dnase	154	-0.062486
rs4702	15	90883330	G	A	True	dnase	155	-0.033718
rs4702	15	90883330	G	A	True	dnase	156	0.005857
rs4702	15	90883330	G	A	True	dnase	157	-0.009294
rs4702	15	90883330	G	A	True	dnase	158	-0.007646
rs4702	15	90883330	G	A	True	dnase	159	0.030873
rs4702	15	90883330	G	A	True	dnase	160	0.024371
rs4702	15	90883330	G	A	True	dnase	161	0.053960
rs4702	15	90883330	G	A	True	dnase	162	0.026803
rs4702	15	90883330	G	A	True	dnase	163	-0.032304
rs4702	15	90883330	G	A	True	dnase	164	0.018674
rs4702	15	90883330	G	A	True	dnase	165	0.044663
rs4702	15	90883330	G	A	True	dnase	166	0.053052
rs4702	15	90883330	G	A	True	dnase	167	0.020102
rs4702	15	90883330	G	A	True	dnase	168	-0.059533
rs4702	15	90883330	G	A	True	dnase	169	-0.013976
rs4702	15	90883330	G	A	True	dnase	170	-0.009409
rs4702	15	90883330	G	A	True	dnase	171	0.006792
rs4702	15	90883330	G	A	True	dnase	172	-0.139337
rs4702	15	90883330	G	A	True	dnase	173	0.016362
rs4702	15	90883330	G	A	True	dnase	174	-0.063179
rs4702	15	90883330	G	A	True	dnase	175	0.000123
rs4702	15	90883330	G	A	True	dnase	176	-0.154425
rs4702	15	90883330	G	A	True	dnase	177	-0.000905
rs4702	15	90883330	G	A	True	dnase	178	0.002612
rs4702	15	90883330	G	A	True	dnase	179	0.139793
rs4702	15	90883330	G	A	True	dnase	180	-0.022907
rs4702	15	90883330	G	A	True	dnase	181	0.100690
rs4702	15	90883330	G	A	True	dnase	182	-0.026195
rs4702	15	90883330	G	A	True	dnase	183	0.011445
rs4702	15	90883330	G	A	True	dnase	184	-0.206389
rs4702	15	90883330	G	A	True	dnase	185	0.060383
rs4702	15	90883330	G	A	True	dnase	186	-0.041234
rs4702	15	90883330	G	A	True	dnase	187	0.003122
rs4702	15	90883330	G	A	True	dnase	188	-0.020862
rs4702	15	90883330	G	A	True	dnase	189	-0.034252
rs4702	15	90883330	G	A	True	dnase	190	-0.040615
rs4702	15	90883330	G	A	True	dnase	191	-0.036801
rs4702	15	90883330	G	A	True	dnase	192	0.004766
rs4702	15	90883330	G	A	True	dnase	193	-0.192288
rs4702	15	90883330	G	A	True	dnase	194	-0.090026
rs4702	15	90883330	G	A	True	dnase	195	-0.103578
rs4702	15	90883330	G	A	True	dnase	196	-0.030842
rs4702	15	90883330	G	A	True	dnase	197	-0.009768
rs4702	15	90883330	G	A	True	dnase	198	-0.131820
rs4702	15	90883330	G	A	True	dnase	199	-0.129063
rs4702	15	90883330	G	A	True	dnase	200	-0.031561
rs4702	15	90883330	G	A	True	dnase	201	-0.039347
rs4702	15	90883330	G	A	True	dnase	202	-0.029902
rs4702	15	90883330	G	A	True	dnase	203	-0.021174
rs4702	15	90883330	G	A	True	dnase	204	-0.005404
rs4702	15	90883330	G	A	True	dnase	205	-0.011895
rs4702	15	90883330	G	A	True	dnase	206	-0.029099
rs4702	15	90883330	G	A	True	dnase	207	-0.110720
rs4702	15	90883330	G	A	True	dnase	208	-0.117772
rs4702	15	90883330	G	A	True	dnase	209	-0.128015
rs4702	15	90883330	G	A	True	dnase	210	-0.128038
rs4702	15	90883330	G	A	True	dnase	211	-0.145103
rs4702	15	90883330	G	A	True	dnase	212	-0.013285
rs4702	15	90883330	G	A	True	dnase	213	-0.023728
rs4702	15	90883330	G	A	True	dnase	214	-0.016075
rs4702	15	90883330	G	A	True	dnase	215	0.104168
rs4702	15	90883330	G	A	True	dnase	216	0.024720
rs4702	15	90883330	G	A	True	dnase	217	0.023840
rs4702	15	90883330	G	A	True	dnase	218	0.057219
rs4702	15	90883330	G	A	True	dnase	219	-0.031621
rs4702	15	90883330	G	A	True	dnase	220	0.013727
rs4702	15	90883330	G	A	True	dnase	221	-0.130383
rs4702	15	90883330	G	A	True	dnase	222	-0.074341
rs4702	15	90883330	G	A	True	dnase	223	-0.083312
rs4702	15	90883330	G	A	True	dnase	224	-0.029315
rs4702	15	90883330	G	A	True	dnase	225	-0.019644
rs4702	15	90883330	G	A	True	dnase	226	-0.036515
rs4702	15	90883330	G	A	True	dnase	227	-0.066551
rs4702	15	90883330	G	A	True	dnase	228	-0.036270
rs4702	15	90883330	G	A	True	dnase	229	0.041760
rs4702	15	90883330	G	A	True	dnase	230	0.040368
rs4702	15	90883330	G	A	True	dnase	231	0.110124
rs4702	15	90883330	G	A	True	dnase	232	0.005201
rs4702	15	90883330	G	A	True	dnase	233	-0.070549
rs4702	15	90883330	G	A	True	dnase	234	0.022799
rs4702	15	90883330	G	A	True	dnase	235	-0.016108
rs4702	15	90883330	G	A	True	dnase	236	0.054181
rs4702	15	90883330	G	A	True	dnase	237	-0.023940
rs4702	15	90883330	G	A	True	dnase	238	-0.018086
rs4702	15	90883330	G	A	True	dnase	239	-0.049665
rs4702	15	90883330	G	A	True	dnase	240	-0.031233
rs4702	15	90883330	G	A	True	dnase	241	-0.051620
rs4702	15	90883330	G	A	True	dnase	242	-0.027634
rs4702	15	90883330	G	A	True	dnase	243	-0.012488
rs4702	15	90883330	G	A	True	dnase	244	-0.055461
rs4702	15	90883330	G	A	True	dnase	245	-0.028310
rs4702	15	90883330	G	A	True	dnase	246	0.001283
rs4702	15	90883330	G	A	True	dnase	247	-0.018240
rs4702	15	90883330	G	A	True	dnase	248	-0.007178
rs4702	15	90883330	G	A	True	dnase	249	-0.006020
rs4702	15	90883330	G	A	True	dnase	250	0.000622
rs4702	15	90883330	G	A	True	dnase	251	0.006743
rs4702	15	90883330	G	A	True	dnase	252	0.073503
rs4702	15	90883330	G	A	True	dnase	253	-0.034494
rs4702	15	90883330	G	A	True	dnase	254	-0.009473
rs4702	15	90883330	G	A	True	dnase	255	0.002048
rs4702	15	90883330	G	A	True	dnase	256	0.009250
rs4702	15	90883330	G	A	True	dnase	257	0.002739
rs4702	15	90883330	G	A	True	dnase	258	0.001290
rs4702	15	90883330	G	A	True	dnase	259	-0.003264
rs4702	15	90883330	G	A	True	dnase	260	0.038101
rs4702	15	90883330	G	A	True	dnase	261	0.151493
rs4702	15	90883330	G	A	True	dnase	262	-0.021125
rs4702	15	90883330	G	A	True	dnase	263	-0.008674
rs4702	15	90883330	G	A	True	dnase	264	-0.008854
rs4702	15	90883330	G	A	True	dnase	265	-0.014424
rs4702	15	90883330	G	A	True	dnase	266	0.028593
rs4702	15	90883330	G	A	True	dnase	267	-0.001313
rs4702	15	90883330	G	A	True	dnase	268	-0.094214
rs4702	15	90883330	G	A	True	dnase	269	-0.031997
rs4702	15	90883330	G	A	True	dnase	270	-0.083295
rs4702	15	90883330	G	A	True	dnase	271	0.031897
rs4702	15	90883330	G	A	True	dnase	272	0.036348
rs4702	15	90883330	G	A	True	dnase	273	-0.008204
rs4702	15	90883330	G	A	True	dnase	274	-0.002653
rs4702	15	90883330	G	A	True	dnase	275	-0.008523
rs4702	15	90883330	G	A	True	dnase	276	0.003963
rs4702	15	90883330	G	A	True	dnase	277	-0.053261
rs4702	15	90883330	G	A	True	dnase	278	-0.044049
rs4702	15	90883330	G	A	True	dnase	279	-0.003880
rs4702	15	90883330	G	A	True	dnase	280	-0.011977
rs4702	15	90883330	G	A	True	dnase	281	0.007455
rs4702	15	90883330	G	A	True	dnase	282	0.010083
rs4702	15	90883330	G	A	True	dnase	283	-0.015901
rs4702	15	90883330	G	A	True	dnase	284	-0.020375
rs4702	15	90883330	G	A	True	dnase	285	-0.013543
rs4702	15	90883330	G	A	True	dnase	286	-0.020306
rs4702	15	90883330	G	A	True	dnase	287	0.010816
rs4702	15	90883330	G	A	True	dnase	288	-0.021036
rs4702	15	90883330	G	A	True	dnase	289	0.018061
rs4702	15	90883330	G	A	True	dnase	290	0.011593
rs4702	15	90883330	G	A	True	dnase	291	-0.003573
rs4702	15	90883330	G	A	True	dnase	292	-0.011089
rs4702	15	90883330	G	A	True	dnase	293	-0.021572
rs4702	15	90883330	G	A	True	dnase	294	0.008666
rs4702	15	90883330	G	A	True	dnase	295	-0.008758
rs4702	15	90883330	G	A	True	dnase	296	-0.012237
rs4702	15	90883330	G	A	True	dnase	297	-0.013978
rs4702	15	90883330	G	A	True	dnase	298	-0.014491
rs4702	15	90883330	G	A	True	dnase	299	-0.016280
rs4702	15	90883330	G	A	True	dnase	300	-0.016113
rs4702	15	90883330	G	A	True	dnase	301	-0.026217
rs4702	15	90883330	G	A	True	dnase	302	-0.023517
rs4702	15	90883330	G	A	True	dnase	303	-0.029414
rs4702	15	90883330	G	A	True	dnase	304	-0.021415
rs4702	15	90883330	G	A	True	dnase	305	0.000000
rs4702	15	90883330	G	A	True	dnase	306	0.000000
rs4702	15	90883330	G	A	True	dnase	307	0.000000
rs4702	15	90883330	G	A	True	dnase	308	0.000000
rs4702	15	90883330	G	A	True	dnase	309	0.000000
rs4702	15	90883330	G	A	True	dnase	310	0.000000
rs4702	15	90883330	G	A	True	dnase	311	0.000000
rs4702	15	90883330	G	A	True	dnase	312	0.000000
rs4702	15	90883330	G	A	True	dnase	313	0.000000
rs4702	15	90883330	G	A	True	dnase	314	0.000000
rs4702	15	90883330	G	A	True	dnase	315	0.000000
rs4702	15	90883330	G	A	True	dnase	316	0.000000
rs4702	15	90883330	G	A	True	dnase	317	0.000000
rs4702	15	90883330	G	A	True	dnase	318	0.000000
rs4702	15	90883330	G	A	True	dnase	319	0.000000
rs4702	15	90883330	G	A	True	dnase	320	0.000000
rs4702	15	90883330	G	A	True	dnase	321	0.000000
rs4702	15	90883330	G	A	True	dnase	322	0.000000
rs4702	15	90883330	G	A	True	dnase	323	0.000000
rs4702	15	90883330	G	A	True	dnase	324	0.000000
rs4702	15	90883330	G	A	True	dnase	325	0.000000
rs4702	15	90883330	G	A	True	dnase	326	0.000000
rs4702	15	90883330	G	A	True	dnase	327	0.000000
rs4702	15	90883330	G	A	True	dnase	328	0.000000
rs4702	15	90883330	G	A	True	dnase	329	0.000000
rs4702	15	90883330	G	A	True	dnase	330	0.000000
rs4702	15	90883330	G	A	True	dnase	331	0.000000
rs4702	15	90883330	G	A	True	dnase	332	0.000000
rs4702	15	90883330	G	A	True	dnase	333	0.000000
rs4702	15	90883330	G	A	True	dnase	334	0.000000
rs4702	15	90883330	G	A	True	dnase	335	0.000000
rs4702	15	90883330	G	A	True	dnase	336	0.000000
rs4702	15	90883330	G	A	True	dnase	337	0.000000
rs4702	15	90883330	G	A	True	dnase	338	0.000000
rs4702	15	90883330	G	A	True	dnase	339	0.000000
rs4702	15	90883330	G	A	True	dnase	340	0.000000
rs4702	15	90883330	G	A	True	dnase	341	0.000000
rs4702	15	90883330	G	A	True	dnase	342	0.000000
rs4702	15	90883330	G	A	True	dnase	343	0.000000
rs4702	15	90883330	G	A	True	dnase	344	0.000000
rs4702	15	90883330	G	A	True	dnase	345	0.000000
rs4702	15	90883330	G	A	True	dnase	346	0.000000
rs4702	15	90883330	G	A	True	dnase	347	0.000000
rs4702	15	90883330	G	A	True	dnase	348	0.000000
rs4702	15	90883330	G	A	True	dnase	349	0.000000
rs4702	15	90883330	G	A	True	dnase	350	0.000000
rs4702	15	90883330	G	A	True	dnase	351	0.000000
rs4702	15	90883330	G	A	True	dnase	352	0.000000
rs4702	15	90883330	G	A	True	dnase	353	0.000000
rs4702	15	90883330	G	A	True	dnase	354	0.000000
rs4702	15	90883330	G	A	True	dnase	355	0.000000
rs4702	15	90883330	G	A	True	dnase	356	0.000000
rs4702	15	90883330	G	A	True	dnase	357	0.000000
rs4702	15	90883330	G	A	True	dnase	358	0.000000
rs4702	15	90883330	G	A	True	dnase	359	0.000000
rs4702	15	90883330	G	A	True	dnase	360	0.000000
rs4702	15	90883330	G	A	True	dnase	361	0.000000
rs4702	15	90883330	G	A	True	dnase	362	0.000000
rs4702	15	90883330	G	A	True	dnase	363	0.000000
rs4702	15	90883330	G	A	True	dnase	364	0.000000
rs4702	15	90883330	G	A	True	dnase	365	0.000000
rs4702	15	90883330	G	A	True	dnase	366	0.000000
rs4702	15	90883330	G	A	True	dnase	367	0.000000
rs4702	15	90883330	G	A	True	dnase	368	0.000000
rs4702	15	90883330	G	A	True	dnase	369	0.000000
rs4702	15	90883330	G	A	True	dnase	370	0.000000
rs4702	15	90883330	G	A	True	dnase	371	0.000000
rs4702	15	90883330	G	A	True	dnase	372	0.000000
rs4702	15	90883330	G	A	True	dnase	373	0.000000
rs4702	15	90883330	G	A	True	dnase	374	0.000000
rs4702	15	90883330	G	A	True	dnase	375	0.000000
rs4702	15	90883330	G	A	True	dnase	376	0.000000
rs4702	15	90883330	G	A	True	dnase	377	0.000000
rs4702	15	90883330	G	A	True	dnase	378	0.000000
rs4702	15	90883330	G	A	True	dnase	379	0.000000
rs4702	15	90883330	G	A	True	dnase	380	0.000000
rs4702	15	90883330	G	A	True	dnase	381	0.000000
rs4702	15	90883330	G	A	True	dnase	382	0.000000
rs4702	15	90883330	G	A	True	dnase	383	0.000000
rs13107325	4	102267552	C	T	True	atac	0	0.016524
rs13107325	4	102267552	C	T	True	atac	1	0.030846
rs13107325	4	102267552	C	T	True	atac	2	0.017347
rs13107325	4	102267552	C	T	True	atac	3	0.009231
rs13107325	4	102267552	C	T	True	atac	4	0.014489
rs13107325	4	102267552	C	T	True	atac	5	0.012793
rs13107325	4	102267552	C	T	True	atac	6	0.012989
rs13107325	4	102267552	C	T	True	atac	7	0.016733
rs13107325	4	102267552	C	T	True	atac	8	0.014914
rs13107325	4	102267552	C	T	True	atac	9	0.015668
rs13107325	4	102267552	C	T	True	atac	10	0.013812
rs13107325	4	102267552	C	T	True	atac	11	0.032348
rs13107325	4	102267552	C	T	True	atac	12	0.010704
rs13107325	4	102267552	C	T	True	atac	13	0.012643
rs13107325	4	102267552	C	T	True	atac	14	0.013478
rs13107325	4	102267552	C	T	True	atac	15	0.025905
rs13107325	4	102267552	C	T	True	atac	16	0.016246
rs13107325	4	102267552	C	T	True	atac	17	0.025278
rs13107325	4	102267552	C	T	True	atac	18	0.022078
rs13107325	4	102267552	C	T	True	atac	19	0.018047
rs13107325	4	102267552	C	T	True	atac	20	0.023598
rs13107325	4	102267552	C	T	True	atac	21	0.023056
rs13107325	4	102267552	C	T	True	atac	22	0.024702
rs13107325	4	102267552	C	T	True	atac	23	0.019158
rs13107325	4	102267552	C	T	True	atac	24	0.030247
rs13107325	4	102267552	C	T	True	atac	25	0.023617
rs13107325	4	102267552	C	T	True	atac	26	0.025159
rs13107325	4	102267552	C	T	True	atac	27	0.023812
rs13107325	4	102267552	C	T	True	atac	28	0.025421
rs13107325	4	102267552	C	T	True	atac	29	0.024221
rs13107325	4	102267552	C	T	True	atac	30	0.031551
rs13107325	4	102267552	C	T	True	atac	31	0.025159
rs13107325	4	102267552	C	T	True	atac	32	0.030263
rs13107325	4	102267552	C	T	True	atac	33	0.027591
rs13107325	4	102267552	C	T	True	atac	34	0.033363
rs13107325	4	102267552	C	T	True	atac	35	0.024426
rs13107325	4	102267552	C	T	True	atac	36	0.025472
rs13107325	4	102267552	C	T	True	atac	37	0.019708
rs13107325	4	102267552	C	T	True	atac	38	0.021756
rs13107325	4	102267552	C	T	True	atac	39	0.029874
rs13107325	4	102267552	C	T	True	atac	40	0.018932
rs13107325	4	102267552	C	T	True	atac	41	0.028246
rs13107325	4	102267552	C	T	True	atac	42	0.028840
rs13107325	4	102267552	C	T	True	atac	43	0.035662
rs13107325	4	102267552	C	T	True	atac	44	0.022000
rs13107325	4	102267552	C	T	True	atac	45	0.025964
rs13107325	4	102267552	C	T	True	atac	46	0.022383
rs13107325	4	102267552	C	T	True	atac	47	0.026994
rs13107325	4	102267552	C	T	True	atac	48	0.023776
rs13107325	4	102267552	C	T	True	atac	49	0.027891
rs13107325	4	102267552	C	T	True	atac	50	0.017634
rs13107325	4	102267552	C	T	True	atac	51	0.027039
rs13107325	4	102267552	C	T	True	atac	52	0.029864
rs13107325	4	102267552	C	T	True	atac	53	0.018945
rs13107325	4	102267552	C	T	True	atac	54	0.027420
rs13107325	4	102267552	C	T	True	atac	55	0.007694
rs13107325	4	102267552	C	T	True	atac	56	-0.000090
rs13107325	4	102267552	C	T	True	atac	57	0.023906
rs13107325	4	102267552	C	T	True	atac	58	0.001429
rs13107325	4	102267552	C	T	True	atac	59	0.018112
rs13107325	4	102267552	C	T	True	atac	60	-0.011243
rs13107325	4	102267552	C	T	True	atac	61	0.024563
rs13107325	4	102267552	C	T	True	atac	62	0.004642
rs13107325	4	102267552	C	T	True	atac	63	0.018004
rs13107325	4	102267552	C	T	True	atac	64	0.012283
rs13107325	4	102267552	C	T	True	atac	65	0.025176
rs13107325	4	102267552	C	T	True	atac	66	-0.003101
rs13107325	4	102267552	C	T	True	atac	67	0.021146
rs13107325	4	102267552	C	T	True	atac	68	-0.007573
rs13107325	4	102267552	C	T	True	atac	69	-0.017295
rs13107325	4	102267552	C	T	True	atac	70	0.019672
rs13107325	4	102267552	C	T	True	atac	71	0.024776
rs13107325	4	102267552	C	T	True	atac	72	0.027428
rs13107325	4	102267552	C	T	True	atac	73	0.021953
rs13107325	4	102267552	C	T	True	atac	74	0.017926
rs13107325	4	102267552	C	T	True	atac	75	0.026714
rs13107325	4	102267552	C	T	True	atac	76	0.019561
rs13107325	4	102267552	C	T	True	atac	77	0.022312
rs13107325	4	102267552	C	T	True	atac	78	0.023376
rs13107325	4	102267552	C	T	True	atac	79	0.028985
rs13107325	4	102267552	C	T	True	atac	80	0.025613
rs13107325	4	102267552	C	T	True	atac	81	0.023201
rs13107325	4	102267552	C	T	True	atac	82	0.022335
rs13107325	4	102267552	C	T	True	atac	83	0.023968
rs13107325	4	102267552	C	T	True	atac	84	0.028367
rs13107325	4	102267552	C	T	True	atac	85	0.030574
rs13107325	4	102267552	C	T	True	atac	86	0.030898
rs13107325	4	102267552	C	T	True	atac	87	0.028536
rs13107325	4	102267552	C	T	True	atac	88	0.018313
rs13107325	4	102267552	C	T	True	atac	89	0.020081
rs13107325	4	102267552	C	T	True	atac	90	0.024205
rs13107325	4	102267552	C	T	True	atac	91	0.025523
rs13107325	4	102267552	C	T	True	atac	92	0.023077
rs13107325	4	102267552	C	T	True	atac	93	0.023289
rs13107325	4	102267552	C	T	True	atac	94	0.018526
rs13107325	4	102267552	C	T	True	atac	95	0.030584
rs13107325	4	102267552	C	T	True	atac	96	0.025727
rs13107325	4	102267552	C	T	True	atac	97	0.026833
rs13107325	4	102267552	C	T	True	atac	98	0.023946
rs13107325	4	102267552	C	T	True	atac	99	0.015435
rs13107325	4	102267552	C	T	True	atac	100	0.027316
rs13107325	4	102267552	C	T	True	atac	101	0.021959
rs13107325	4	102267552	C	T	True	atac	102	0.020243
rs13107325	4	102267552	C	T	True	atac	103	0.024014
rs13107325	4	102267552	C	T	True	atac	104	0.022128
rs13107325	4	102267552	C	T	True	atac	105	0.023226
rs13107325	4	102267552	C	T	True	atac	106	0.020887
rs13107325	4	102267552	C	T	True	atac	107	0.024354
rs13107325	4	102267552	C	T	True	atac	108	0.024392
rs13107325	4	102267552	C	T	True	atac	109	0.026188
rs13107325	4	102267552	C	T	True	atac	110	0.024802
rs13107325	4	102267552	C	T	True	atac	111	0.019445
rs13107325	4	102267552	C	T	True	atac	112	0.023609
rs13107325	4	102267552	C	T	True	atac	113	0.016911
rs13107325	4	102267552	C	T	True	atac	114	0.024000
rs13107325	4	102267552	C	T	True	atac	115	0.029299
rs13107325	4	102267552	C	T	True	atac	116	0.025441
rs13107325	4	102267552	C	T	True	atac	117	0.022079
rs13107325	4	102267552	C	T	True	atac	118	0.034627
rs13107325	4	102267552	C	T	True	atac	119	0.023040
rs13107325	4	102267552	C	T	True	atac	120	-0.003204
rs13107325	4	102267552	C	T	True	atac	121	0.000827
rs13107325	4	102267552	C	T	True	atac	122	-0.000914
rs13107325	4	102267552	C	T	True	atac	123	-0.004701
rs13107325	4	102267552	C	T	True	atac	124	0.001305
rs13107325	4	102267552	C	T	True	atac	125	-0.005548
rs13107325	4	102267552	C	T	True	atac	126	-0.008829
rs13107325	4	102267552	C	T	True	atac	127	0.000620
rs13107325	4	102267552	C	T	True	atac	128	-0.001714
rs13107325	4	102267552	C	T	True	atac	129	-0.000886
rs13107325	4	102267552	C	T	True	atac	130	-0.000580
rs13107325	4	102267552	C	T	True	atac	131	-0.006244
rs13107325	4	102267552	C	T	True	atac	132	-0.002656
rs13107325	4	102267552	C	T	True	atac	133	-0.004790
rs13107325	4	102267552	C	T	True	atac	134	-0.007343
rs13107325	4	102267552	C	T	True	atac	135	-0.003808
rs13107325	4	102267552	C	T	True	atac	136	-0.002737
rs13107325	4	102267552	C	T	True	atac	137	0.010325
rs13107325	4	102267552	C	T	True	atac	138	0.007917
rs13107325	4	102267552	C	T	True	atac	139	-0.002065
rs13107325	4	102267552	C	T	True	atac	140	-0.004351
rs13107325	4	102267552	C	T	True	atac	141	-0.000981
rs13107325	4	102267552	C	T	True	atac	142	-0.001630
rs13107325	4	102267552	C	T	True	atac	143	-0.003764
rs13107325	4	102267552	C	T	True	atac	144	0.009637
rs13107325	4	102267552	C	T	True	atac	145	0.002038
rs13107325	4	102267552	C	T	True	atac	146	0.004388
rs13107325	4	102267552	C	T	True	atac	147	0.010661
rs13107325	4	102267552	C	T	True	atac	148	-0.000940
rs13107325	4	102267552	C	T	True	atac	149	0.003339
rs13107325	4	102267552	C	T	True	atac	150	-0.005832
rs13107325	4	102267552	C	T	True	atac	151	-0.003653
rs13107325	4	102267552	C	T	True	atac	152	-0.000558
rs13107325	4	102267552	C	T	True	atac	153	0.004967
rs13107325	4	102267552	C	T	True	atac	154	0.007851
rs13107325	4	102267552	C	T	True	atac	155	-0.000688
rs13107325	4	102267552	C	T	True	atac	156	0.002525
rs13107325	4	102267552	C	T	True	atac	157	-0.000886
rs13107325	4	102267552	C	T	True	atac	158	-0.002272
rs13107325	4	102267552	C	T	True	atac	159	-0.002649
rs13107325	4	102267552	C	T	True	atac	160	-0.000844
rs13107325	4	102267552	C	T	True	atac	161	0.001976
rs13107325	4	102267552	C	T	True	atac	162	0.014540
rs13107325	4	102267552	C	T	True	atac	163	-0.003512
rs13107325	4	102267552	C	T	True	atac	164	-0.004767
rs13107325	4	102267552	C	T	True	atac	165	-0.004174
rs13107325	4	102267552	C	T	True	atac	166	0.002252
rs13107325	4	102267552	C	T	True	atac	167	0.000000
rs13107325	4	102267552	C	T	True	atac	168	0.000000
rs13107325	4	102267552	C	T	True	atac	169	0.000000
rs13107325	4	102267552	C	T	True	atac	170	0.000000
rs13107325	4	102267552	C	T	True	atac	171	0.000000
rs13107325	4	102267552	C	T	True	atac	172	0.000000
rs13107325	4	102267552	C	T	True	atac	173	0.000000
rs13107325	4	102267552	C	T	True	atac	174	0.000000
rs13107325	4	102267552	C	T	True	atac	175	0.000000
rs13107325	4	102267552	C	T	True	atac	176	0.000000
rs13107325	4	102267552	C	T	True	atac	177	0.000000
rs13107325	4	102267552	C	T	True	atac	178	0.000000
rs13107325	4	102267552	C	T	True	atac	179	0.000000
rs13107325	4	102267552	C	T	True	atac	180	0.000000
rs13107325	4	102267552	C	T	True	atac	181	0.000000
rs13107325	4	102267552	C	T	True	atac	182	0.000000
rs13107325	4	102267552	C	T	True	atac	183	0.000000
rs13107325	4	102267552	C	T	True	atac	184	0.000000
rs13107325	4	102267552	C	T	True	atac	185	0.000000
rs13107325	4	102267552	C	T	True	atac	186	0.000000
rs13107325	4	102267552	C	T	True	atac	187	0.000000
rs13107325	4	102267552	C	T	True	atac	188	0.000000
rs13107325	4	102267552	C	T	True	atac	189	0.000000
rs13107325	4	102267552	C	T	True	atac	190	0.000000
rs13107325	4	102267552	C	T	True	atac	191	0.000000
rs13107325	4	102267552	C	T	True	atac	192	0.000000
rs13107325	4	102267552	C	T	True	atac	193	0.000000
rs13107325	4	102267552	C	T	True	atac	194	0.000000
rs13107325	4	102267552	C	T	True	atac	195	0.000000
rs13107325	4	102267552	C	T	True	atac	196	0.000000
rs13107325	4	102267552	C	T	True	atac	197	0.000000
rs13107325	4	102267552	C	T	True	atac	198	0.000000
rs13107325	4	102267552	C	T	True	atac	199	0.000000
rs13107325	4	102267552	C	T	True	atac	200	0.000000
rs13107325	4	102267552	C	T	True	atac	201	0.000000
rs13107325	4	102267552	C	T	True	atac	202	0.000000
rs13107325	4	102267552	C	T	True	atac	203	0.000000
rs13107325	4	102267552	C	T	True	atac	204	0.000000
rs13107325	4	102267552	C	T	True	atac	205	0.000000
rs13107325	4	102267552	C	T	True	atac	206	0.000000
rs13107325	4	102267552	C	T	True	atac	207	0.000000
rs13107325	4	102267552	C	T	True	atac	208	0.000000
rs13107325	4	102267552	C	T	True	atac	209	0.000000
rs13107325	4	102267552	C	T	True	atac	210	0.000000
rs13107325	4	102267552	C	T	True	atac	211	0.000000
rs13107325	4	102267552	C	T	True	atac	212	0.000000
rs13107325	4	102267552	C	T	True	atac	213	0.000000
rs13107325	4	102267552	C	T	True	atac	214	0.000000
rs13107325	4	102267552	C	T	True	atac	215	0.000000
rs13107325	4	102267552	C	T	True	atac	216	0.000000
rs13107325	4	102267552	C	T	True	atac	217	0.000000
rs13107325	4	102267552	C	T	True	atac	218	0.000000
rs13107325	4	102267552	C	T	True	atac	219	0.000000
rs13107325	4	102267552	C	T	True	atac	220	0.000000
rs13107325	4	102267552	C	T	True	atac	221	0.000000
rs13107325	4	102267552	C	T	True	atac	222	0.000000
rs13107325	4	102267552	C	T	True	atac	223	0.000000
rs13107325	4	102267552	C	T	True	atac	224	0.000000
rs13107325	4	102267552	C	T	True	atac	225	0.000000
rs13107325	4	102267552	C	T	True	atac	226	0.000000
rs13107325	4	102267552	C	T	True	atac	227	0.000000
rs13107325	4	102267552	C	T	True	atac	228	0.000000
rs13107325	4	102267552	C	T	True	atac	229	0.000000
rs13107325	4	102267552	C	T	True	atac	230	0.000000
rs13107325	4	102267552	C	T	True	atac	231	0.000000
rs13107325	4	102267552	C	T	True	atac	232	0.000000
rs13107325	4	102267552	C	T	True	atac	233	0.000000
rs13107325	4	102267552	C	T	True	atac	234	0.000000
rs13107325	4	102267552	C	T	True	atac	235	0.000000
rs13107325	4	102267552	C	T	True	atac	236	0.000000
rs13107325	4	102267552	C	T	True	atac	237	0.000000
rs13107325	4	102267552	C	T	True	atac	238	0.000000
rs13107325	4	102267552	C	T	True	atac	239	0.000000
rs13107325	4	102267552	C	T	True	atac	240	0.000000
rs13107325	4	102267552	C	T	True	atac	241	0.000000
rs13107325	4	102267552	C	T	True	atac	242	0.000000
rs13107325	4	102267552	C	T	True	atac	243	0.000000
rs13107325	4	102267552	C	T	True	atac	244	0.000000
rs13107325	4	102267552	C	T	True	atac	245	0.000000
rs13107325	4	102267552	C	T	True	atac	246	0.000000
rs13107325	4	102267552	C	T	True	atac	247	0.000000
rs13107325	4	102267552	C	T	True	atac	248	0.000000
rs13107325	4	102267552	C	T	True	atac	249	0.000000
rs13107325	4	102267552	C	T	True	atac	250	0.000000
rs13107325	4	102267552	C	T	True	atac	251	0.000000
rs13107325	4	102267552	C	T	True	atac	252	0.000000
rs13107325	4	102267552	C	T	True	atac	253	0.000000
rs13107325	4	102267552	C	T	True	atac	254	0.000000
rs13107325	4	102267552	C	T	True	atac	255	0.000000
rs13107325	4	102267552	C	T	True	dnase	0	-0.007177
rs13107325	4	102267552	C	T	True	dnase	1	-0.098388
rs13107325	4	102267552	C	T	True	dnase	2	-0.025649
rs13107325	4	102267552	C	T	True	dnase	3	0.003635
rs13107325	4	102267552	C	T	True	dnase	4	0.017576
rs13107325	4	102267552	C	T	True	dnase	5	0.020662
rs13107325	4	102267552	C	T	True	dnase	6	-0.205155
rs13107325	4	102267552	C	T	True	dnase	7	-0.018657
rs13107325	4	102267552	C	T	True	dnase	8	0.017418
rs13107325	4	102267552	C	T	True	dnase	9	0.004301
rs13107325	4	102267552	C	T	True	dnase	10	-0.099526
rs13107325	4	102267552	C	T	True	dnase	11	-0.000465
rs13107325	4	102267552	C	T	True	dnase	12	0.006308
rs13107325	4	102267552	C	T	True	dnase	13	-0.002527
rs13107325	4	102267552	C	T	True	dnase	14	0.010405
rs13107325	4	102267552	C	T	True	dnase	15	-0.037312
rs13107325	4	102267552	C	T	True	dnase	16	-0.046992
rs13107325	4	102267552	C	T	True	dnase	17	-0.131681
rs13107325	4	102267552	C	T	True	dnase	18	-0.067558
rs13107325	4	102267552	C	T	True	dnase	19	-0.083575
rs13107325	4	102267552	C	T	True	dnase	20	0.003177
rs13107325	4	102267552	C	T	True	dnase	21	-0.005295
rs13107325	4	102267552	C	T	True	dnase	22	-0.156043
rs13107325	4	102267552	C	T	True	dnase	23	0.018324
rs13107325	4	102267552	C	T	True	dnase	24	-0.008259
rs13107325	4	102267552	C	T	True	dnase	25	-0.031182
rs13107325	4	102267552	C	T	True	dnase	26	-0.006983
rs13107325	4	102267552	C	T	True	dnase	27	-0.017826
rs13107325	4	102267552	C	T	True	dnase	28	-0.000921
rs13107325	4	102267552	C	T	True	dnase	29	0.008837
rs13107325	4	102267552	C	T	True	dnase	30	0.005445
rs13107325	4	102267552	C	T	True	dnase	31	0.017459
rs13107325	4	102267552	C	T	True	dnase	32	-0.087366
rs13107325	4	102267552	C	T	True	dnase	33	-0.097868
rs13107325	4	102267552	C	T	True	dnase	34	-0.117533
rs13107325	4	102267552	C	T	True	dnase	35	-0.091072
rs13107325	4	102267552	C	T	True	dnase	36	-0.009422
rs13107325	4	102267552	C	T	True	dnase	37	-0.127987
rs13107325	4	102267552	C	T	True	dnase	38	-0.077563
rs13107325	4	102267552	C	T	True	dnase	39	-0.123289
rs13107325	4	102267552	C	T	True	dnase	40	-0.047855
rs13107325	4	102267552	C	T	True	dnase	41	-0.114785
rs13107325	4	102267552	C	T	True	dnase	42	-0.073361
rs13107325	4	102267552	C	T	True	dnase	43	0.003400
rs13107325	4	102267552	C	T	True	dnase	44	0.005109
rs13107325	4	102267552	C	T	True	dnase	45	-0.117684
rs13107325	4	102267552	C	T	True	dnase	46	-0.109767
rs13107325	4	102267552	C	T	True	dnase	47	-0.011062
rs13107325	4	102267552	C	T	True	dnase	48	-0.005554
rs13107325	4	102267552	C	T	True	dnase	49	0.008267
rs13107325	4	102267552	C	T	True	dnase	50	0.018167
rs13107325	4	102267552	C	T	True	dnase	51	-0.010798
rs13107325	4	102267552	C	T	True	dnase	52	0.005830
rs13107325	4	102267552	C	T	True	dnase	53	-0.095055
rs13107325	4	102267552	C	T	True	dnase	54	0.013803
rs13107325	4	102267552	C	T	True	dnase	55	0.004168
rs13107325	4	102267552	C	T	True	dnase	56	0.008923
rs13107325	4	102267552	C	T	True	dnase	57	-0.006704
rs13107325	4	102267552	C	T	True	dnase	58	0.000294
rs13107325	4	102267552	C	T	True	dnase	59	-0.002857
rs13107325	4	102267552	C	T	True	dnase	60	-0.000373
rs13107325	4	102267552	C	T	True	dnase	61	-0.001056
rs13107325	4	102267552	C	T	True	dnase	62	0.003150
rs13107325	4	102267552	C	T	True	dnase	63	-0.005933
rs13107325	4	102267552	C	T	True	dnase	64	0.000157
rs13107325	4	102267552	C	T	True	dnase	65	0.001563
rs13107325	4	102267552	C	T	True	dnase	66	0.004162
rs13107325	4	102267552	C	T	True	dnase	67	0.023263
rs13107325	4	102267552	C	T	True	dnase	68	0.002750
rs13107325	4	102267552	C	T	True	dnase	69	0.013865
rs13107325	4	102267552	C	T	True	dnase	70	-0.009204
rs13107325	4	102267552	C	T	True	dnase	71	-0.000337
rs13107325	4	102267552	C	T	True	dnase	72	0.012705
rs13107325	4	102267552	C	T	True	dnase	73	0.012471
rs13107325	4	102267552	C	T	True	dnase	74	0.006082
rs13107325	4	102267552	C	T	True	dnase	75	-0.049493
rs13107325	4	102267552	C	T	True	dnase	76	-0.116460
rs13107325	4	102267552	C	T	True	dnase	77	-0.020554
rs13107325	4	102267552	C	T	True	dnase	78	-0.000781
rs13107325	4	102267552	C	T	True	dnase	79	0.000610
rs13107325	4	102267552	C	T	True	dnase	80	0.030734
rs13107325	4	102267552	C	T	True	dnase	81	0.029839
rs13107325	4	102267552	C	T	True	dnase	82	-0.003439
rs13107325	4	102267552	C	T	True	dnase	83	0.007571
rs13107325	4	102267552	C	T	True	dnase	84	0.008205
rs13107325	4	102267552	C	T	True	dnase	85	0.017196
rs13107325	4	102267552	C	T	True	dnase	86	0.018609
rs13107325	4	102267552	C	T	True	dnase	87	-0.007144
rs13107325	4	102267552	C	T	True	dnase	88	-0.000853
rs13107325	4	102267552	C	T	True	dnase	89	0.009528
rs13107325	4	102267552	C	T	True	dnase	90	0.006577
rs13107325	4	102267552	C	T	True	dnase	91	-0.002975
rs13107325	4	102267552	C	T	True	dnase	92	-0.054298
rs13107325	4	102267552	C	T	True	dnase	93	0.026974
rs13107325	4	102267552	C	T	True	dnase	94	-0.055912
rs13107325	4	102267552	C	T	True	dnase	95	0.001368
rs13107325	4	102267552	C	T	True	dnase	96	-0.006620
rs13107325	4	102267552	C	T	True	dnase	97	0.001735
rs13107325	4	102267552	C	T	True	dnase	98	0.008940
rs13107325	4	102267552	C	T	True	dnase	99	0.012783
rs13107325	4	102267552	C	T	True	dnase	100	0.002142
rs13107325	4	102267552	C	T	True	dnase	101	0.004466
rs13107325	4	102267552	C	T	True	dnase	102	0.006718
rs13107325	4	102267552	C	T	True	dnase	103	-0.003545
rs13107325	4	102267552	C	T	True	dnase	104	0.005517
rs13107325	4	102267552	C	T	True	dnase	105	0.006161
rs13107325	4	102267552	C	T	True	dnase	106	0.028228
rs13107325	4	102267552	C	T	True	dnase	107	0.005390
rs13107325	4	102267552	C	T	True	dnase	108	-0.076688
rs13107325	4	102267552	C	T	True	dnase	109	0.006343
rs13107325	4	102267552	C	T	True	dnase	110	0.014441
rs13107325	4	102267552	C	T	True	dnase	111	-0.007563
rs13107325	4	102267552	C	T	True	dnase	112	0.008038
rs13107325	4	102267552	C	T	True	dnase	113	-0.018090
rs13107325	4	102267552	C	T	True	dnase	114	-0.075769
rs13107325	4	102267552	C	T	True	dnase	115	0.011730
rs13107325	4	102267552	C	T	True	dnase	116	-0.008229
rs13107325	4	102267552	C	T	True	dnase	117	-0.008696
rs13107325	4	102267552	C	T	True	dnase	118	-0.014971
rs13107325	4	102267552	C	T	True	dnase	119	0.007223
rs13107325	4	102267552	C	T	True	dnase	120	0.014895
rs13107325	4	102267552	C	T	True	dnase	121	-0.000071
rs13107325	4	102267552	C	T	True	dnase	122	-0.001150
rs13107325	4	102267552	C	T	True	dnase	123	0.009074
rs13107325	4	102267552	C	T	True	dnase	124	0.004198
rs13107325	4	102267552	C	T	True	dnase	125	-0.005343
rs13107325	4	102267552	C	T	True	dnase	126	0.008841
rs13107325	4	102267552	C	T	True	dnase	127	-0.001578
rs13107325	4	102267552	C	T	True	dnase	128	-0.081353
rs13107325	4	102267552	C	T	True	dnase	129	0.016907
rs13107325	4	102267552	C	T	True	dnase	130	0.001466
rs13107325	4	102267552	C	T	True	dnase	131	-0.011546
rs13107325	4	102267552	C	T	True	dnase	132	0.000998
rs13107325	4	102267552	C	T	True	dnase	133	-0.036820
rs13107325	4	102267552	C	T	True	dnase	134	0.000020
rs13107325	4	102267552	C	T	True	dnase	135	0.012705
rs13107325	4	102267552	C	T	True	dnase	136	0.000254
rs13107325	4	102267552	C	T	True	dnase	137	0.005883
rs13107325	4	102267552	C	T	True	dnase	138	0.008444
rs13107325	4	102267552	C	T	True	dnase	139	0.001412
rs13107325	4	102267552	C	T	True	dnase	140	0.006252
rs13107325	4	102267552	C	T	True	dnase	141	0.003601
rs13107325	4	102267552	C	T	True	dnase	142	0.014806
rs13107325	4	102267552	C	T	True	dnase	143	-0.064473
rs13107325	4	102267552	C	T	True	dnase	144	-0.005511
rs13107325	4	102267552	C	T	True	dnase	145	-0.043868
rs13107325	4	102267552	C	T	True	dnase	146	0.007083
rs13107325	4	102267552	C	T	True	dnase	147	0.006017
rs13107325	4	102267552	C	T	True	dnase	148	0.008643
rs13107325	4	102267552	C	T	True	dnase	149	0.006377
rs13107325	4	102267552	C	T	True	dnase	150	-0.079569
rs13107325	4	102267552	C	T	True	dnase	151	0.004780
rs13107325	4	102267552	C	T	True	dnase	152	-0.105245
rs13107325	4	102267552	C	T	True	dnase	153	0.003245
rs13107325	4	102267552	C	T	True	dnase	154	-0.001553
rs13107325	4	102267552	C	T	True	dnase	155	0.015337
rs13107325	4	102267552	C	T	True	dnase	156	0.012479
rs13107325	4	102267552	C	T	True	dnase	157	0.001850
rs13107325	4	102267552	C	T	True	dnase	158	-0.008736
rs13107325	4	102267552	C	T	True	dnase	159	0.012114
rs13107325	4	102267552	C	T	True	dnase	160	0.004206
rs13107325	4	102267552	C	T	True	dnase	161	0.002361
rs13107325	4	102267552	C	T	True	dnase	162	-0.003159
rs13107325	4	102267552	C	T	True	dnase	163	-0.007477
rs13107325	4	102267552	C	T	True	dnase	164	-0.029072
rs13107325	4	102267552	C	T	True	dnase	165	0.008768
rs13107325	4	102267552	C	T	True	dnase	166	0.018988
rs13107325	4	102267552	C	T	True	dnase	167	0.008449
rs13107325	4	102267552	C	T	True	dnase	168	0.002973
rs13107325	4	102267552	C	T	True	dnase	169	-0.015300
rs13107325	4	102267552	C	T	True	dnase	170	0.008536
rs13107325	4	102267552	C	T	True	dnase	171	-0.072835
rs13107325	4	102267552	C	T	True	dnase	172	0.017138
rs13107325	4	102267552	C	T	True	dnase	173	0.019913
rs13107325	4	102267552	C	T	True	dnase	174	0.001578
rs13107325	4	102267552	C	T	True	dnase	175	-0.015062
rs13107325	4	102267552	C	T	True	dnase	176	-0.004464
rs13107325	4	102267552	C	T	True	dnase	177	0.017235
rs13107325	4	102267552	C	T	True	dnase	178	-0.092215
rs13107325	4	102267552	C	T	True	dnase	179	-0.010191
rs13107325	4	102267552	C	T	True	dnase	180	-0.064223
rs13107325	4	102267552	C	T	True	dnase	181	0.007198
rs13107325	4	102267552	C	T	True	dnase	182	-0.007095
rs13107325	4	102267552	C	T	True	dnase	183	-0.010985
rs13107325	4	102267552	C	T	True	dnase	184	-0.013170
rs13107325	4	102267552	C	T	True	dnase	185	-0.011419
rs13107325	4	102267552	C	T	True	dnase	186	0.021568
rs13107325	4	102267552	C	T	True	dnase	187	-0.099814
rs13107325	4	102267552	C	T	True	dnase	188	-0.024709
rs13107325	4	102267552	C	T	True	dnase	189	-0.018902
rs13107325	4	102267552	C	T	True	dnase	190	0.003385
rs13107325	4	102267552	C	T	True	dnase	191	-0.017701
rs13107325	4	102267552	C	T	True	dnase	192	-0.089317
rs13107325	4	102267552	C	T	True	dnase	193	0.004660
rs13107325	4	102267552	C	T	True	dnase	194	-0.010327
rs13107325	4	102267552	C	T	True	dnase	195	-0.002012
rs13107325	4	102267552	C	T	True	dnase	196	-0.020084
rs13107325	4	102267552	C	T	True	dnase	197	-0.008687
rs13107325	4	102267552	C	T	True	dnase	198	-0.012197
rs13107325	4	102267552	C	T	True	dnase	199	0.000785
rs13107325	4	102267552	C	T	True	dnase	200	-0.103596
rs13107325	4	102267552	C	T	True	dnase	201	-0.101792
rs13107325	4	102267552	C	T	True	dnase	202	-0.130812
rs13107325	4	102267552	C	T	True	dnase	203	-0.131531
rs13107325	4	102267552	C	T	True	dnase	204	-0.169501
rs13107325	4	102267552	C	T	True	dnase	205	-0.128963
rs13107325	4	102267552	C	T	True	dnase	206	-0.087671
rs13107325	4	102267552	C	T	True	dnase	207	0.003972
rs13107325	4	102267552	C	T	True	dnase	208	0.007931
rs13107325	4	102267552	C	T	True	dnase	209	-0.002169
rs13107325	4	102267552	C	T	True	dnase	210	-0.006301
rs13107325	4	102267552	C	T	True	dnase	211	-0.001261
rs13107325	4	102267552	C	T	True	dnase	212	0.003038
rs13107325	4	102267552	C	T	True	dnase	213	-0.102679
rs13107325	4	102267552	C	T	True	dnase	214	-0.104555
rs13107325	4	102267552	C	T	True	dnase	215	-0.007685
rs13107325	4	102267552	C	T	True	dnase	216	-0.082634
rs13107325	4	102267552	C	T	True	dnase	217	-0.090266
rs13107325	4	102267552	C	T	True	dnase	218	-0.121127
rs13107325	4	102267552	C	T	True	dnase	219	-0.173659
rs13107325	4	102267552	C	T	True	dnase	220	0.011445
rs13107325	4	102267552	C	T	True	dnase	221	0.010755
rs13107325	4	102267552	C	T	True	dnase	222	-0.009013
rs13107325	4	102267552	C	T	True	dnase	223	0.019324
rs13107325	4	102267552	C	T	True	dnase	224	-0.101823
rs13107325	4	102267552	C	T	True	dnase	225	0.013775
rs13107325	4	102267552	C	T	True	dnase	226	-0.121169
rs13107325	4	102267552	C	T	True	dnase	227	-0.128033
rs13107325	4	102267552	C	T	True	dnase	228	-0.185954
rs13107325	4	102267552	C	T	True	dnase	229	-0.119115
rs13107325	4	102267552	C	T	True	dnase	230	-0.133199
rs13107325	4	102267552	C	T	True	dnase	231	-0.097607
rs13107325	4	102267552	C	T	True	dnase	232	-0.127409
rs13107325	4	102267552	C	T	True	dnase	233	-0.129734
rs13107325	4	102267552	C	T	True	dnase	234	-0.136138
rs13107325	4	102267552	C	T	True	dnase	235	0.021590
rs13107325	4	102267552	C	T	True	dnase	236	-0.119322
rs13107325	4	102267552	C	T	True	dnase	237	-0.143744
rs13107325	4	102267552	C	T	True	dnase	238	-0.063157
rs13107325	4	102267552	C	T	True	dnase	239	-0.007108
rs13107325	4	102267552	C	T	True	dnase	240	-0.128199
rs13107325	4	102267552	C	T	True	dnase	241	-0.000051
rs13107325	4	102267552	C	T	True	dnase	242	-0.088416
rs13107325	4	102267552	C	T	True	dnase	243	-0.147415
rs13107325	4	102267552	C	T	True	dnase	244	0.009596
rs13107325	4	102267552	C	T	True	dnase	245	0.008274
rs13107325	4	102267552	C	T	True	dnase	246	0.016227
rs13107325	4	102267552	C	T	True	dnase	247	-0.004972
rs13107325	4	102267552	C	T	True	dnase	248	0.004125
rs13107325	4	102267552	C	T	True	dnase	249	-0.007047
rs13107325	4	102267552	C	T	True	dnase	250	-0.085545
rs13107325	4	102267552	C	T	True	dnase	251	0.013729
rs13107325	4	102267552	C	T	True	dnase	252	-0.095073
rs13107325	4	102267552	C	T	True	dnase	253	-0.029376
rs13107325	4	102267552	C	T	True	dnase	254	-0.116069
rs13107325	4	102267552	C	T	True	dnase	255	-0.114292
rs13107325	4	102267552	C	T	True	dnase	256	-0.068953
rs13107325	4	102267552	C	T	True	dnase	257	-0.101799
rs13107325	4	102267552	C	T	True	dnase	258	-0.154037
rs13107325	4	102267552	C	T	True	dnase	259	-0.184465
rs13107325	4	102267552	C	T	True	dnase	260	-0.093001
rs13107325	4	102267552	C	T	True	dnase	261	0.000668
rs13107325	4	102267552	C	T	True	dnase	262	-0.163455
rs13107325	4	102267552	C	T	True	dnase	263	0.012081
rs13107325	4	102267552	C	T	True	dnase	264	-0.002734
rs13107325	4	102267552	C	T	True	dnase	265	-0.093425
rs13107325	4	102267552	C	T	True	dnase	266	-0.168719
rs13107325	4	102267552	C	T	True	dnase	267	-0.131255
rs13107325	4	102267552	C	T	True	dnase	268	0.005397
rs13107325	4	102267552	C	T	True	dnase	269	-0.001344
rs13107325	4	102267552	C	T	True	dnase	270	-0.025700
rs13107325	4	102267552	C	T	True	dnase	271	-0.069641
rs13107325	4	102267552	C	T	True	dnase	272	-0.105864
rs13107325	4	102267552	C	T	True	dnase	273	-0.004693
rs13107325	4	102267552	C	T	True	dnase	274	-0.091866
rs13107325	4	102267552	C	T	True	dnase	275	-0.143726
rs13107325	4	102267552	C	T	True	dnase	276	0.002681
rs13107325	4	102267552	C	T	True	dnase	277	0.008944
rs13107325	4	102267552	C	T	True	dnase	278	-0.005333
rs13107325	4	102267552	C	T	True	dnase	279	-0.118401
rs13107325	4	102267552	C	T	True	dnase	280	0.026142
rs13107325	4	102267552	C	T	True	dnase	281	0.001412
rs13107325	4	102267552	C	T	True	dnase	282	-0.100093
rs13107325	4	102267552	C	T	True	dnase	283	-0.078829
rs13107325	4	102267552	C	T	True	dnase	284	0.018237
rs13107325	4	102267552	C	T	True	dnase	285	-0.126781
rs13107325	4	102267552	C	T	True	dnase	286	-0.150952
rs13107325	4	102267552	C	T	True	dnase	287	-0.143455
rs13107325	4	102267552	C	T	True	dnase	288	-0.165112
rs13107325	4	102267552	C	T	True	dnase	289	-0.090620
rs13107325	4	102267552	C	T	True	dnase	290	-0.141405
rs13107325	4	102267552	C	T	True	dnase	291	-0.110271
rs13107325	4	102267552	C	T	True	dnase	292	-0.146111
rs13107325	4	102267552	C	T	True	dnase	293	-0.112502
rs13107325	4	102267552	C	T	True	dnase	294	-0.111505
rs13107325	4	102267552	C	T	True	dnase	295	-0.205753
rs13107325	4	102267552	C	T	True	dnase	296	0.016754
rs13107325	4	102267552	C	T	True	dnase	297	0.016687
rs13107325	4	102267552	C	T	True	dnase	298	0.022320
rs13107325	4	102267552	C	T	True	dnase	299	0.023088
rs13107325	4	102267552	C	T	True	dnase	300	-0.129472
rs13107325	4	102267552	C	T	True	dnase	301	-0.098401
rs13107325	4	102267552	C	T	True	dnase	302	-0.126856
rs13107325	4	102267552	C	T	True	dnase	303	-0.101971
rs13107325	4	102267552	C	T	True	dnase	304	-0.113947
rs13107325	4	102267552	C	T	True	dnase	305	0.000000
rs13107325	4	102267552	C	T	True	dnase	306	0.000000
rs13107325	4	102267552	C	T	True	dnase	307	0.000000
rs13107325	4	102267552	C	T	True	dnase	308	0.000000
rs13107325	4	102267552	C	T	True	dnase	309	0.000000
rs13107325	4	102267552	C	T	True	dnase	310	0.000000
rs13107325	4	102267552	C	T	True	dnase	311	0.000000
rs13107325	4	102267552	C	T	True	dnase	312	0.000000
rs13107325	4	102267552	C	T	True	dnase	313	0.000000
rs13107325	4	102267552	C	T	True	dnase	314	0.000000
rs13107325	4	102267552	C	T	True	dnase	315	0.000000
rs13107325	4	102267552	C	T	True	dnase	316	0.000000
rs13107325	4	102267552	C	T	True	dnase	317	0.000000
rs13107325	4	102267552	C	T	True	dnase	318	0.000000
rs13107325	4	102267552	C	T	True	dnase	319	0.000000
rs13107325	4	102267552	C	T	True	dnase	320	0.000000
rs13107325	4	102267552	C	T	True	dnase	321	0.000000
rs13107325	4	102267552	C	T	True	dnase	322	0.000000
rs13107325	4	102267552	C	T	True	dnase	323	0.000000
rs13107325	4	102267552	C	T	True	dnase	324	0.000000
rs13107325	4	102267552	C	T	True	dnase	325	0.000000
rs13107325	4	102267552	C	T	True	dnase	326	0.000000
rs13107325	4	102267552	C	T	True	dnase	327	0.000000
rs13107325	4	102267552	C	T	True	dnase	328	0.000000
rs13107325	4	102267552	C	T	True	dnase	329	0.000000
rs13107325	4	102267552	C	T	True	dnase	330	0.000000
rs13107325	4	102267552	C	T	True	dnase	331	0.000000
rs13107325	4	102267552	C	T	True	dnase	332	0.000000
rs13107325	4	102267552	C	T	True	dnase	333	0.000000
rs13107325	4	102267552	C	T	True	dnase	334	0.000000
rs13107325	4	102267552	C	T	True	dnase	335	0.000000
rs13107325	4	102267552	C	T	True	dnase	336	0.000000
rs13107325	4	102267552	C	T	True	dnase	337	0.000000
rs13107325	4	102267552	C	T	True	dnase	338	0.000000
rs13107325	4	102267552	C	T	True	dnase	339	0.000000
rs13107325	4	102267552	C	T	True	dnase	340	0.000000
rs13107325	4	102267552	C	T	True	dnase	341	0.000000
rs13107325	4	102267552	C	T	True	dnase	342	0.000000
rs13107325	4	102267552	C	T	True	dnase	343	0.000000
rs13107325	4	102267552	C	T	True	dnase	344	0.000000
rs13107325	4	102267552	C	T	True	dnase	345	0.000000
rs13107325	4	102267552	C	T	True	dnase	346	0.000000
rs13107325	4	102267552	C	T	True	dnase	347	0.000000
rs13107325	4	102267552	C	T	True	dnase	348	0.000000
rs13107325	4	102267552	C	T	True	dnase	349	0.000000
rs13107325	4	102267552	C	T	True	dnase	350	0.000000
rs13107325	4	102267552	C	T	True	dnase	351	0.000000
rs13107325	4	102267552	C	T	True	dnase	352	0.000000
rs13107325	4	102267552	C	T	True	dnase	353	0.000000
rs13107325	4	102267552	C	T	True	dnase	354	0.000000
rs13107325	4	102267552	C	T	True	dnase	355	0.000000
rs13107325	4	102267552	C	T	True	dnase	356	0.000000
rs13107325	4	102267552	C	T	True	dnase	357	0.000000
rs13107325	4	102267552	C	T	True	dnase	358	0.000000
rs13107325	4	102267552	C	T	True	dnase	359	0.000000
rs13107325	4	102267552	C	T	True	dnase	360	0.000000
rs13107325	4	102267552	C	T	True	dnase	361	0.000000
rs13107325	4	102267552	C	T	True	dnase	362	0.000000
rs13107325	4	102267552	C	T	True	dnase	363	0.000000
rs13107325	4	102267552	C	T	True	dnase	364	0.000000
rs13107325	4	102267552	C	T	True	dnase	365	0.000000
rs13107325	4	102267552	C	T	True	dnase	366	0.000000
rs13107325	4	102267552	C	T	True	dnase	367	0.000000
rs13107325	4	102267552	C	T	True	dnase	368	0.000000
rs13107325	4	102267552	C	T	True	dnase	369	0.000000
rs13107325	4	102267552	C	T	True	dnase	370	0.000000
rs13107325	4	102267552	C	T	True	dnase	371	0.000000
rs13107325	4	102267552	C	T	True	dnase	372	0.000000
rs13107325	4	102267552	C	T	True	dnase	373	0.000000
rs13107325	4	102267552	C	T	True	dnase	374	0.000000
rs13107325	4	102267552	C	T	True	dnase	375	0.000000
rs13107325	4	102267552	C	T	True	dnase	376	0.000000
rs13107325	4	102267552	C	T	True	dnase	377	0.000000
rs13107325	4	102267552	C	T	True	dnase	378	0.000000
rs13107325	4	102267552	C	T	True	dnase	379	0.000000
rs13107325	4	102267552	C	T	True	dnase	380	0.000000
rs13107325	4	102267552	C	T	True	dnase	381	0.000000
rs13107325	4	102267552	C	T	True	dnase	382	0.000000
rs13107325	4	102267552	C	T	True	dnase	383	0.000000
rs2710323	3	52781889	T	C	True	atac	0	2.870538
rs2710323	3	52781889	T	C	True	atac	1	0.105856
rs2710323	3	52781889	T	C	True	atac	2	2.079777
rs2710323	3	52781889	T	C	True	atac	3	2.049565
rs2710323	3	52781889	T	C	True	atac	4	3.758762
rs2710323	3	52781889	T	C	True	atac	5	4.181563
rs2710323	3	52781889	T	C	True	atac	6	3.121200
rs2710323	3	52781889	T	C	True	atac	7	2.678675
rs2710323	3	52781889	T	C	True	atac	8	2.110788
rs2710323	3	52781889	T	C	True	atac	9	2.194460
rs2710323	3	52781889	T	C	True	atac	10	2.939834
rs2710323	3	52781889	T	C	True	atac	11	3.887551
rs2710323	3	52781889	T	C	True	atac	12	4.069582
rs2710323	3	52781889	T	C	True	atac	13	5.192541
rs2710323	3	52781889	T	C	True	atac	14	0.110244
rs2710323	3	52781889	T	C	True	atac	15	1.040422
rs2710323	3	52781889	T	C	True	atac	16	0.323828
rs2710323	3	52781889	T	C	True	atac	17	0.839119
rs2710323	3	52781889	T	C	True	atac	18	0.450245
rs2710323	3	52781889	T	C	True	atac	19	0.432702
rs2710323	3	52781889	T	C	True	atac	20	0.876156
rs2710323	3	52781889	T	C	True	atac	21	1.125747
rs2710323	3	52781889	T	C	True	atac	22	0.733187
rs2710323	3	52781889	T	C	True	atac	23	0.737447
rs2710323	3	52781889	T	C	True	atac	24	0.957221
rs2710323	3	52781889	T	C	True	atac	25	1.007064
rs2710323	3	52781889	T	C	True	atac	26	0.794495
rs2710323	3	52781889	T	C	True	atac	27	0.615782
rs2710323	3	52781889	T	C	True	atac	28	1.143713
rs2710323	3	52781889	T	C	True	atac	29	1.221723
rs2710323	3	52781889	T	C	True	atac	30	0.649352
rs2710323	3	52781889	T	C	True	atac	31	0.455360
rs2710323	3	52781889	T	C	True	atac	32	0.909570
rs2710323	3	52781889	T	C	True	atac	33	0.693250
rs2710323	3	52781889	T	C	True	atac	34	0.798168
rs2710323	3	52781889	T	C	True	atac	35	0.974289
rs2710323	3	52781889	T	C	True	atac	36	0.809431
rs2710323	3	52781889	T	C	True	atac	37	0.648530
rs2710323	3	52781889	T	C	True	atac	38	0.387518
rs2710323	3	52781889	T	C	True	atac	39	0.488645
rs2710323	3	52781889	T	C	True	atac	40	0.886161
rs2710323	3	52781889	T	C	True	atac	41	1.325977
rs2710323	3	52781889	T	C	True	atac	42	0.788090
rs2710323	3	52781889	T	C	True	atac	43	0.912298
rs2710323	3	52781889	T	C	True	atac	44	0.760823
rs2710323	3	52781889	T	C	True	atac	45	0.828080
rs2710323	3	52781889	T	C	True	atac	46	0.962669
rs2710323	3	52781889	T	C	True	atac	47	1.144621
rs2710323	3	52781889	T	C	True	atac	48	0.580953
rs2710323	3	52781889	T	C	True	atac	49	1.368312
rs2710323	3	52781889	T	C	True	atac	50	0.727315
rs2710323	3	52781889	T	C	True	atac	51	1.177009
rs2710323	3	52781889	T	C	True	atac	52	1.481365
rs2710323	3	52781889	T	C	True	atac	53	0.287879
rs2710323	3	52781889	T	C	True	atac	54	0.705710
rs2710323	3	52781889	T	C	True	atac	55	-0.056119
rs2710323	3	52781889	T	C	True	atac	56	0.201651
rs2710323	3	52781889	T	C	True	atac	57	0.315076
rs2710323	3	52781889	T	C	True	atac	58	0.571109
rs2710323	3	52781889	T	C	True	atac	59	0.898756
rs2710323	3	52781889	T	C	True	atac	60	0.166761
rs2710323	3	52781889	T	C	True	atac	61	0.932758
rs2710323	3	52781889	T	C	True	atac	62	0.178890
rs2710323	3	52781889	T	C	True	atac	63	1.425258
rs2710323	3	52781889	T	C	True	atac	64	0.367315
rs2710323	3	52781889	T	C	True	atac	65	0.848924
rs2710323	3	52781889	T	C	True	atac	66	2.381900
rs2710323	3	52781889	T	C	True	atac	67	0.278303
rs2710323	3	52781889	T	C	True	atac	68	0.152134
rs2710323	3	52781889	T	C	True	atac	69	0.318572
rs2710323	3	52781889	T	C	True	atac	70	0.841772
rs2710323	3	52781889	T	C	True	atac	71	1.009452
rs2710323	3	52781889	T	C	True	atac	72	1.364604
rs2710323	3	52781889	T	C	True	atac	73	0.564499
rs2710323	3	52781889	T	C	True	atac	74	0.782095
rs2710323	3	52781889	T	C	True	atac	75	1.078117
rs2710323	3	52781889	T	C	True	atac	76	0.453558
rs2710323	3	52781889	T	C	True	atac	77	0.659098
rs2710323	3	52781889	T	C	True	atac	78	0.873996
rs2710323	3	52781889	T	C	True	atac	79	0.807344
rs2710323	3	52781889	T	C	True	atac	80	0.987186
rs2710323	3	52781889	T	C	True	atac	81	0.978381
rs2710323	3	52781889	T	C	True	atac	82	0.583394
rs2710323	3	52781889	T	C	True	atac	83	0.359866
rs2710323	3	52781889	T	C	True	atac	84	0.979650
rs2710323	3	52781889	T	C	True	atac	85	0.900605
rs2710323	3	52781889	T	C	True	atac	86	1.099307
rs2710323	3	52781889	T	C	True	atac	87	0.798995
rs2710323	3	52781889	T	C	True	atac	88	0.650421
rs2710323	3	52781889	T	C	True	atac	89	0.331689
rs2710323	3	52781889	T	C	True	atac	90	0.597193
rs2710323	3	52781889	T	C	True	atac	91	0.941675
rs2710323	3	52781889	T	C	True	atac	92	0.333095
rs2710323	3	52781889	T	C	True	atac	93	0.493037
rs2710323	3	52781889	T	C	True	atac	94	0.339105
rs2710323	3	52781889	T	C	True	atac	95	0.688621
rs2710323	3	52781889	T	C	True	atac	96	0.806107
rs2710323	3	52781889	T	C	True	atac	97	1.023967
rs2710323	3	52781889	T	C	True	atac	98	0.742080
rs2710323	3	52781889	T	C	True	atac	99	0.702946
rs2710323	3	52781889	T	C	True	atac	100	1.096111
rs2710323	3	52781889	T	C	True	atac	101	0.969562
rs2710323	3	52781889	T	C	True	atac	102	0.726070
rs2710323	3	52781889	T	C	True	atac	103	0.960452
rs2710323	3	52781889	T	C	True	atac	104	0.717683
rs2710323	3	52781889	T	C	True	atac	105	0.979786
rs2710323	3	52781889	T	C	True	atac	106	0.579105
rs2710323	3	52781889	T	C	True	atac	107	0.621638
rs2710323	3	52781889	T	C	True	atac	108	0.729977
rs2710323	3	52781889	T	C	True	atac	109	0.612542
rs2710323	3	52781889	T	C	True	atac	110	0.873269
rs2710323	3	52781889	T	C	True	atac	111	0.426299
rs2710323	3	52781889	T	C	True	atac	112	1.042261
rs2710323	3	52781889	T	C	True	atac	113	0.697893
rs2710323	3	52781889	T	C	True	atac	114	1.060886
rs2710323	3	52781889	T	C	True	atac	115	0.924561
rs2710323	3	52781889	T	C	True	atac	116	0.754735
rs2710323	3	52781889	T	C	True	atac	117	0.803201
rs2710323	3	52781889	T	C	True	atac	118	0.978716
rs2710323	3	52781889	T	C	True	atac	119	0.701338
rs2710323	3	52781889	T	C	True	atac	120	0.090880
rs2710323	3	52781889	T	C	True	atac	121	0.150523
rs2710323	3	52781889	T	C	True	atac	122	0.163977
rs2710323	3	52781889	T	C	True	atac	123	0.312778
rs2710323	3	52781889	T	C	True	atac	124	0.390931
rs2710323	3	52781889	T	C	True	atac	125	0.164248
rs2710323	3	52781889	T	C	True	atac	126	0.116078
rs2710323	3	52781889	T	C	True	atac	127	0.034658
rs2710323	3	52781889	T	C	True	atac	128	0.149614
rs2710323	3	52781889	T	C	True	atac	129	0.225294
rs2710323	3	52781889	T	C	True	atac	130	0.313559
rs2710323	3	52781889	T	C	True	atac	131	0.133717
rs2710323	3	52781889	T	C	True	atac	132	0.555078
rs2710323	3	52781889	T	C	True	atac	133	0.162430
rs2710323	3	52781889	T	C	True	atac	134	0.749358
rs2710323	3	52781889	T	C	True	atac	135	0.290566
rs2710323	3	52781889	T	C	True	atac	136	0.402433
rs2710323	3	52781889	T	C	True	atac	137	0.495904
rs2710323	3	52781889	T	C	True	atac	138	0.265892
rs2710323	3	52781889	T	C	True	atac	139	0.042211
rs2710323	3	52781889	T	C	True	atac	140	0.198970
rs2710323	3	52781889	T	C	True	atac	141	0.138883
rs2710323	3	52781889	T	C	True	atac	142	0.110712
rs2710323	3	52781889	T	C	True	atac	143	-0.059961
rs2710323	3	52781889	T	C	True	atac	144	0.409665
rs2710323	3	52781889	T	C	True	atac	145	0.194860
rs2710323	3	52781889	T	C	True	atac	146	0.500002
rs2710323	3	52781889	T	C	True	atac	147	0.507016
rs2710323	3	52781889	T	C	True	atac	148	0.487982
rs2710323	3	52781889	T	C	True	atac	149	0.352287
rs2710323	3	52781889	T	C	True	atac	150	0.156438
rs2710323	3	52781889	T	C	True	atac	151	0.235733
rs2710323	3	52781889	T	C	True	atac	152	0.023373
rs2710323	3	52781889	T	C	True	atac	153	0.213776
rs2710323	3	52781889	T	C	True	atac	154	0.184730
rs2710323	3	52781889	T	C	True	atac	155	0.051606
rs2710323	3	52781889	T	C	True	atac	156	0.809838
rs2710323	3	52781889	T	C	True	atac	157	0.714549
rs2710323	3	52781889	T	C	True	atac	158	-0.110059
rs2710323	3	52781889	T	C	True	atac	159	0.049536
rs2710323	3	52781889	T	C	True	atac	160	0.096285
rs2710323	3	52781889	T	C	True	atac	161	0.099094
rs2710323	3	52781889	T	C	True	atac	162	0.902949
rs2710323	3	52781889	T	C	True	atac	163	0.676801
rs2710323	3	52781889	T	C	True	atac	164	-0.019906
rs2710323	3	52781889	T	C	True	atac	165	0.081296
rs2710323	3	52781889	T	C	True	atac	166	0.122280
rs2710323	3	52781889	T	C	True	atac	167	0.000000
rs2710323	3	52781889	T	C	True	atac	168	0.000000
rs2710323	3	52781889	T	C	True	atac	169	0.000000
rs2710323	3	52781889	T	C	True	atac	170	0.000000
rs2710323	3	52781889	T	C	True	atac	171	0.000000
rs2710323	3	52781889	T	C	True	atac	172	0.000000
rs2710323	3	52781889	T	C	True	atac	173	0.000000
rs2710323	3	52781889	T	C	True	atac	174	0.000000
rs2710323	3	52781889	T	C	True	atac	175	0.000000
rs2710323	3	52781889	T	C	True	atac	176	0.000000
rs2710323	3	52781889	T	C	True	atac	177	0.000000
rs2710323	3	52781889	T	C	True	atac	178	0.000000
rs2710323	3	52781889	T	C	True	atac	179	0.000000
rs2710323	3	52781889	T	C	True	atac	180	0.000000
rs2710323	3	52781889	T	C	True	atac	181	0.000000
rs2710323	3	52781889	T	C	True	atac	182	0.000000
rs2710323	3	52781889	T	C	True	atac	183	0.000000
rs2710323	3	52781889	T	C	True	atac	184	0.000000
rs2710323	3	52781889	T	C	True	atac	185	0.000000
rs2710323	3	52781889	T	C	True	atac	186	0.000000
rs2710323	3	52781889	T	C	True	atac	187	0.000000
rs2710323	3	52781889	T	C	True	atac	188	0.000000
rs2710323	3	52781889	T	C	True	atac	189	0.000000
rs2710323	3	52781889	T	C	True	atac	190	0.000000
rs2710323	3	52781889	T	C	True	atac	191	0.000000
rs2710323	3	52781889	T	C	True	atac	192	0.000000
rs2710323	3	52781889	T	C	True	atac	193	0.000000
rs2710323	3	52781889	T	C	True	atac	194	0.000000
rs2710323	3	52781889	T	C	True	atac	195	0.000000
rs2710323	3	52781889	T	C	True	atac	196	0.000000
rs2710323	3	52781889	T	C	True	atac	197	0.000000
rs2710323	3	52781889	T	C	True	atac	198	0.000000
rs2710323	3	52781889	T	C	True	atac	199	0.000000
rs2710323	3	52781889	T	C	True	atac	200	0.000000
rs2710323	3	52781889	T	C	True	atac	201	0.000000
rs2710323	3	52781889	T	C	True	atac	202	0.000000
rs2710323	3	52781889	T	C	True	atac	203	0.000000
rs2710323	3	52781889	T	C	True	atac	204	0.000000
rs2710323	3	52781889	T	C	True	atac	205	0.000000
rs2710323	3	52781889	T	C	True	atac	206	0.000000
rs2710323	3	52781889	T	C	True	atac	207	0.000000
rs2710323	3	52781889	T	C	True	atac	208	0.000000
rs2710323	3	52781889	T	C	True	atac	209	0.000000
rs2710323	3	52781889	T	C	True	atac	210	0.000000
rs2710323	3	52781889	T	C	True	atac	211	0.000000
rs2710323	3	52781889	T	C	True	atac	212	0.000000
rs2710323	3	52781889	T	C	True	atac	213	0.000000
rs2710323	3	52781889	T	C	True	atac	214	0.000000
rs2710323	3	52781889	T	C	True	atac	215	0.000000
rs2710323	3	52781889	T	C	True	atac	216	0.000000
rs2710323	3	52781889	T	C	True	atac	217	0.000000
rs2710323	3	52781889	T	C	True	atac	218	0.000000
rs2710323	3	52781889	T	C	True	atac	219	0.000000
rs2710323	3	52781889	T	C	True	atac	220	0.000000
rs2710323	3	52781889	T	C	True	atac	221	0.000000
rs2710323	3	52781889	T	C	True	atac	222	0.000000
rs2710323	3	52781889	T	C	True	atac	223	0.000000
rs2710323	3	52781889	T	C	True	atac	224	0.000000
rs2710323	3	52781889	T	C	True	atac	225	0.000000
rs2710323	3	52781889	T	C	True	atac	226	0.000000
rs2710323	3	52781889	T	C	True	atac	227	0.000000
rs2710323	3	52781889	T	C	True	atac	228	0.000000
rs2710323	3	52781889	T	C	True	atac	229	0.000000
rs2710323	3	52781889	T	C	True	atac	230	0.000000
rs2710323	3	52781889	T	C	True	atac	231	0.000000
rs2710323	3	52781889	T	C	True	atac	232	0.000000
rs2710323	3	52781889	T	C	True	atac	233	0.000000
rs2710323	3	52781889	T	C	True	atac	234	0.000000
rs2710323	3	52781889	T	C	True	atac	235	0.000000
rs2710323	3	52781889	T	C	True	atac	236	0.000000
rs2710323	3	52781889	T	C	True	atac	237	0.000000
rs2710323	3	52781889	T	C	True	atac	238	0.000000
rs2710323	3	52781889	T	C	True	atac	239	0.000000
rs2710323	3	52781889	T	C	True	atac	240	0.000000
rs2710323	3	52781889	T	C	True	atac	241	0.000000
rs2710323	3	52781889	T	C	True	atac	242	0.000000
rs2710323	3	52781889	T	C	True	atac	243	0.000000
rs2710323	3	52781889	T	C	True	atac	244	0.000000
rs2710323	3	52781889	T	C	True	atac	245	0.000000
rs2710323	3	52781889	T	C	True	atac	246	0.000000
rs2710323	3	52781889	T	C	True	atac	247	0.000000
rs2710323	3	52781889	T	C	True	atac	248	0.000000
rs2710323	3	52781889	T	C	True	atac	249	0.000000
rs2710323	3	52781889	T	C	True	atac	250	0.000000
rs2710323	3	52781889	T	C	True	atac	251	0.000000
rs2710323	3	52781889	T	C	True	atac	252	0.000000
rs2710323	3	52781889	T	C	True	atac	253	0.000000
rs2710323	3	52781889	T	C	True	atac	254	0.000000
rs2710323	3	52781889	T	C	True	atac	255	0.000000
rs2710323	3	52781889	T	C	True	dnase	0	0.116382
rs2710323	3	52781889	T	C	True	dnase	1	2.044287
rs2710323	3	52781889	T	C	True	dnase	2	0.371857
rs2710323	3	52781889	T	C	True	dnase	3	0.271451
rs2710323	3	52781889	T	C	True	dnase	4	0.677096
rs2710323	3	52781889	T	C	True	dnase	5	-0.011181
rs2710323	3	52781889	T	C	True	dnase	6	-0.024735
rs2710323	3	52781889	T	C	True	dnase	7	0.209413
rs2710323	3	52781889	T	C	True	dnase	8	0.483554
rs2710323	3	52781889	T	C	True	dnase	9	0.699857
rs2710323	3	52781889	T	C	True	dnase	10	0.331925
rs2710323	3	52781889	T	C	True	dnase	11	1.247616
rs2710323	3	52781889	T	C	True	dnase	12	0.364052
rs2710323	3	52781889	T	C	True	dnase	13	0.337607
rs2710323	3	52781889	T	C	True	dnase	14	0.464977
rs2710323	3	52781889	T	C	True	dnase	15	1.417573
rs2710323	3	52781889	T	C	True	dnase	16	3.166295
rs2710323	3	52781889	T	C	True	dnase	17	1.858749
rs2710323	3	52781889	T	C	True	dnase	18	2.216731
rs2710323	3	52781889	T	C	True	dnase	19	2.326651
rs2710323	3	52781889	T	C	True	dnase	20	0.124573
rs2710323	3	52781889	T	C	True	dnase	21	0.325223
rs2710323	3	52781889	T	C	True	dnase	22	-0.000849
rs2710323	3	52781889	T	C	True	dnase	23	1.279909
rs2710323	3	52781889	T	C	True	dnase	24	0.568694
rs2710323	3	52781889	T	C	True	dnase	25	0.673713
rs2710323	3	52781889	T	C	True	dnase	26	1.576472
rs2710323	3	52781889	T	C	True	dnase	27	2.475224
rs2710323	3	52781889	T	C	True	dnase	28	4.422436
rs2710323	3	52781889	T	C	True	dnase	29	2.147354
rs2710323	3	52781889	T	C	True	dnase	30	1.527370
rs2710323	3	52781889	T	C	True	dnase	31	1.335354
rs2710323	3	52781889	T	C	True	dnase	32	1.118280
rs2710323	3	52781889	T	C	True	dnase	33	1.975773
rs2710323	3	52781889	T	C	True	dnase	34	0.847086
rs2710323	3	52781889	T	C	True	dnase	35	1.469436
rs2710323	3	52781889	T	C	True	dnase	36	2.355207
rs2710323	3	52781889	T	C	True	dnase	37	1.575643
rs2710323	3	52781889	T	C	True	dnase	38	1.373040
rs2710323	3	52781889	T	C	True	dnase	39	1.781876
rs2710323	3	52781889	T	C	True	dnase	40	2.059278
rs2710323	3	52781889	T	C	True	dnase	41	1.445785
rs2710323	3	52781889	T	C	True	dnase	42	1.069753
rs2710323	3	52781889	T	C	True	dnase	43	1.327783
rs2710323	3	52781889	T	C	True	dnase	44	3.395130
rs2710323	3	52781889	T	C	True	dnase	45	1.258164
rs2710323	3	52781889	T	C	True	dnase	46	1.395406
rs2710323	3	52781889	T	C	True	dnase	47	0.335588
rs2710323	3	52781889	T	C	True	dnase	48	0.626675
rs2710323	3	52781889	T	C	True	dnase	49	0.578246
rs2710323	3	52781889	T	C	True	dnase	50	0.328847
rs2710323	3	52781889	T	C	True	dnase	51	0.274104
rs2710323	3	52781889	T	C	True	dnase	52	0.791805
rs2710323	3	52781889	T	C	True	dnase	53	0.018216
rs2710323	3	52781889	T	C	True	dnase	54	0.360635
rs2710323	3	52781889	T	C	True	dnase	55	0.266423
rs2710323	3	52781889	T	C	True	dnase	56	0.530524
rs2710323	3	52781889	T	C	True	dnase	57	-0.077358
rs2710323	3	52781889	T	C	True	dnase	58	0.588532
rs2710323	3	52781889	T	C	True	dnase	59	0.008424
rs2710323	3	52781889	T	C	True	dnase	60	0.173203
rs2710323	3	52781889	T	C	True	dnase	61	-0.026276
rs2710323	3	52781889	T	C	True	dnase	62	0.425988
rs2710323	3	52781889	T	C	True	dnase	63	0.474902
rs2710323	3	52781889	T	C	True	dnase	64	0.487341
rs2710323	3	52781889	T	C	True	dnase	65	0.447304
rs2710323	3	52781889	T	C	True	dnase	66	0.810885
rs2710323	3	52781889	T	C	True	dnase	67	0.464624
rs2710323	3	52781889	T	C	True	dnase	68	0.425534
rs2710323	3	52781889	T	C	True	dnase	69	0.439253
rs2710323	3	52781889	T	C	True	dnase	70	0.297723
rs2710323	3	52781889	T	C	True	dnase	71	0.461367
rs2710323	3	52781889	T	C	True	dnase	72	0.478219
rs2710323	3	52781889	T	C	True	dnase	73	0.323120
rs2710323	3	52781889	T	C	True	dnase	74	0.376311
rs2710323	3	52781889	T	C	True	dnase	75	0.040934
rs2710323	3	52781889	T	C	True	dnase	76	-0.005901
rs2710323	3	52781889	T	C	True	dnase	77	0.157354
rs2710323	3	52781889	T	C	True	dnase	78	0.395356
rs2710323	3	52781889	T	C	True	dnase	79	0.654885
rs2710323	3	52781889	T	C	True	dnase	80	0.833721
rs2710323	3	52781889	T	C	True	dnase	81	0.727384
rs2710323	3	52781889	T	C	True	dnase	82	0.109361
rs2710323	3	52781889	T	C	True	dnase	83	0.445499
rs2710323	3	52781889	T	C	True	dnase	84	0.490814
rs2710323	3	52781889	T	C	True	dnase	85	0.076636
rs2710323	3	52781889	T	C	True	dnase	86	0.821447
rs2710323	3	52781889	T	C	True	dnase	87	0.273527
rs2710323	3	52781889	T	C	True	dnase	88	0.849554
rs2710323	3	52781889	T	C	True	dnase	89	0.031103
rs2710323	3	52781889	T	C	True	dnase	90	0.936744
rs2710323	3	52781889	T	C	True	dnase	91	0.351159
rs2710323	3	52781889	T	C	True	dnase	92	0.570154
rs2710323	3	52781889	T	C	True	dnase	93	0.479622
rs2710323	3	52781889	T	C	True	dnase	94	0.645377
rs2710323	3	52781889	T	C	True	dnase	95	2.872946
rs2710323	3	52781889	T	C	True	dnase	96	0.155233
rs2710323	3	52781889	T	C	True	dnase	97	0.047544
rs2710323	3	52781889	T	C	True	dnase	98	0.678286
rs2710323	3	52781889	T	C	True	dnase	99	0.306969
rs2710323	3	52781889	T	C	True	dnase	100	0.483270
rs2710323	3	52781889	T	C	True	dnase	101	0.310773
rs2710323	3	52781889	T	C	True	dnase	102	-0.088127
rs2710323	3	52781889	T	C	True	dnase	103	0.058417
rs2710323	3	52781889	T	C	True	dnase	104	0.144342
rs2710323	3	52781889	T	C	True	dnase	105	0.368184
rs2710323	3	52781889	T	C	True	dnase	106	0.765976
rs2710323	3	52781889	T	C	True	dnase	107	0.051522
rs2710323	3	52781889	T	C	True	dnase	108	-0.118123
rs2710323	3	52781889	T	C	True	dnase	109	0.025738
rs2710323	3	52781889	T	C	True	dnase	110	0.602211
rs2710323	3	52781889	T	C	True	dnase	111	0.051604
rs2710323	3	52781889	T	C	True	dnase	112	0.211308
rs2710323	3	52781889	T	C	True	dnase	113	1.106967
rs2710323	3	52781889	T	C	True	dnase	114	0.946881
rs2710323	3	52781889	T	C	True	dnase	115	0.153278
rs2710323	3	52781889	T	C	True	dnase	116	0.799423
rs2710323	3	52781889	T	C	True	dnase	117	0.846855
rs2710323	3	52781889	T	C	True	dnase	118	0.107385
rs2710323	3	52781889	T	C	True	dnase	119	0.817992
rs2710323	3	52781889	T	C	True	dnase	120	0.677887
rs2710323	3	52781889	T	C	True	dnase	121	0.575741
rs2710323	3	52781889	T	C	True	dnase	122	-0.112328
rs2710323	3	52781889	T	C	True	dnase	123	0.014434
rs2710323	3	52781889	T	C	True	dnase	124	0.031538
rs2710323	3	52781889	T	C	True	dnase	125	0.331162
rs2710323	3	52781889	T	C	True	dnase	126	0.091939
rs2710323	3	52781889	T	C	True	dnase	127	0.199558
rs2710323	3	52781889	T	C	True	dnase	128	0.324077
rs2710323	3	52781889	T	C	True	dnase	129	0.625280
rs2710323	3	52781889	T	C	True	dnase	130	0.067071
rs2710323	3	52781889	T	C	True	dnase	131	0.733920
rs2710323	3	52781889	T	C	True	dnase	132	0.045115
rs2710323	3	52781889	T	C	True	dnase	133	0.202233
rs2710323	3	52781889	T	C	True	dnase	134	0.476301
rs2710323	3	52781889	T	C	True	dnase	135	0.515511
rs2710323	3	52781889	T	C	True	dnase	136	0.794168
rs2710323	3	52781889	T	C	True	dnase	137	1.128509
rs2710323	3	52781889	T	C	True	dnase	138	0.907793
rs2710323	3	52781889	T	C	True	dnase	139	0.859494
rs2710323	3	52781889	T	C	True	dnase	140	0.765768
rs2710323	3	52781889	T	C	True	dnase	141	0.794755
rs2710323	3	52781889	T	C	True	dnase	142	0.376293
rs2710323	3	52781889	T	C	True	dnase	143	1.433115
rs2710323	3	52781889	T	C	True	dnase	144	2.055230
rs2710323	3	52781889	T	C	True	dnase	145	0.202834
rs2710323	3	52781889	T	C	True	dnase	146	0.185399
rs2710323	3	52781889	T	C	True	dnase	147	0.480599
rs2710323	3	52781889	T	C	True	dnase	148	-0.033616
rs2710323	3	52781889	T	C	True	dnase	149	1.824500
rs2710323	3	52781889	T	C	True	dnase	150	0.130270
rs2710323	3	52781889	T	C	True	dnase	151	0.373968
rs2710323	3	52781889	T	C	True	dnase	152	0.212772
rs2710323	3	52781889	T	C	True	dnase	153	0.033302
rs2710323	3	52781889	T	C	True	dnase	154	0.115955
rs2710323	3	52781889	T	C	True	dnase	155	0.186426
rs2710323	3	52781889	T	C	True	dnase	156	0.075414
rs2710323	3	52781889	T	C	True	dnase	157	1.159361
rs2710323	3	52781889	T	C	True	dnase	158	1.604354
rs2710323	3	52781889	T	C	True	dnase	159	0.630479
rs2710323	3	52781889	T	C	True	dnase	160	0.626066
rs2710323	3	52781889	T	C	True	dnase	161	0.060922
rs2710323	3	52781889	T	C	True	dnase	162	-0.011383
rs2710323	3	52781889	T	C	True	dnase	163	0.854717
rs2710323	3	52781889	T	C	True	dnase	164	0.741669
rs2710323	3	52781889	T	C	True	dnase	165	0.057203
rs2710323	3	52781889	T	C	True	dnase	166	0.323002
rs2710323	3	52781889	T	C	True	dnase	167	0.239476
rs2710323	3	52781889	T	C	True	dnase	168	0.364109
rs2710323	3	52781889	T	C	True	dnase	169	0.537791
rs2710323	3	52781889	T	C	True	dnase	170	0.704976
rs2710323	3	52781889	T	C	True	dnase	171	0.105224
rs2710323	3	52781889	T	C	True	dnase	172	0.548394
rs2710323	3	52781889	T	C	True	dnase	173	0.385067
rs2710323	3	52781889	T	C	True	dnase	174	-0.104344
rs2710323	3	52781889	T	C	True	dnase	175	0.208859
rs2710323	3	52781889	T	C	True	dnase	176	0.479430
rs2710323	3	52781889	T	C	True	dnase	177	1.260788
rs2710323	3	52781889	T	C	True	dnase	178	-0.209644
rs2710323	3	52781889	T	C	True	dnase	179	1.168210
rs2710323	3	52781889	T	C	True	dnase	180	0.168960
rs2710323	3	52781889	T	C	True	dnase	181	2.126166
rs2710323	3	52781889	T	C	True	dnase	182	0.427543
rs2710323	3	52781889	T	C	True	dnase	183	0.248374
rs2710323	3	52781889	T	C	True	dnase	184	-0.026089
rs2710323	3	52781889	T	C	True	dnase	185	0.041611
rs2710323	3	52781889	T	C	True	dnase	186	1.094126
rs2710323	3	52781889	T	C	True	dnase	187	1.878364
rs2710323	3	52781889	T	C	True	dnase	188	0.180026
rs2710323	3	52781889	T	C	True	dnase	189	0.007855
rs2710323	3	52781889	T	C	True	dnase	190	0.010596
rs2710323	3	52781889	T	C	True	dnase	191	-0.031311
rs2710323	3	52781889	T	C	True	dnase	192	-0.240498
rs2710323	3	52781889	T	C	True	dnase	193	0.767753
rs2710323	3	52781889	T	C	True	dnase	194	0.457172
rs2710323	3	52781889	T	C	True	dnase	195	0.884950
rs2710323	3	52781889	T	C	True	dnase	196	0.225656
rs2710323	3	52781889	T	C	True	dnase	197	0.167656
rs2710323	3	52781889	T	C	True	dnase	198	0.337864
rs2710323	3	52781889	T	C	True	dnase	199	0.299222
rs2710323	3	52781889	T	C	True	dnase	200	0.074400
rs2710323	3	52781889	T	C	True	dnase	201	0.153456
rs2710323	3	52781889	T	C	True	dnase	202	0.122130
rs2710323	3	52781889	T	C	True	dnase	203	0.205824
rs2710323	3	52781889	T	C	True	dnase	204	0.162295
rs2710323	3	52781889	T	C	True	dnase	205	0.207262
rs2710323	3	52781889	T	C	True	dnase	206	0.099868
rs2710323	3	52781889	T	C	True	dnase	207	0.273815
rs2710323	3	52781889	T	C	True	dnase	208	0.330466
rs2710323	3	52781889	T	C	True	dnase	209	0.375295
rs2710323	3	52781889	T	C	True	dnase	210	0.589532
rs2710323	3	52781889	T	C	True	dnase	211	0.581102
rs2710323	3	52781889	T	C	True	dnase	212	0.451373
rs2710323	3	52781889	T	C	True	dnase	213	0.263467
rs2710323	3	52781889	T	C	True	dnase	214	0.311442
rs2710323	3	52781889	T	C	True	dnase	215	0.501752
rs2710323	3	52781889	T	C	True	dnase	216	0.291536
rs2710323	3	52781889	T	C	True	dnase	217	0.177712
rs2710323	3	52781889	T	C	True	dnase	218	0.458867
rs2710323	3	52781889	T	C	True	dnase	219	0.126052
rs2710323	3	52781889	T	C	True	dnase	220	0.148760
rs2710323	3	52781889	T	C	True	dnase	221	0.033092
rs2710323	3	52781889	T	C	True	dnase	222	0.127342
rs2710323	3	52781889	T	C	True	dnase	223	0.124365
rs2710323	3	52781889	T	C	True	dnase	224	0.379233
rs2710323	3	52781889	T	C	True	dnase	225	0.225737
rs2710323	3	52781889	T	C	True	dnase	226	-0.013461
rs2710323	3	52781889	T	C	True	dnase	227	0.022353
rs2710323	3	52781889	T	C	True	dnase	228	0.049734
rs2710323	3	52781889	T	C	True	dnase	229	0.171795
rs2710323	3	52781889	T	C	True	dnase	230	0.065698
rs2710323	3	52781889	T	C	True	dnase	231	0.281996
rs2710323	3	52781889	T	C	True	dnase	232	0.707295
rs2710323	3	52781889	T	C	True	dnase	233	0.094545
rs2710323	3	52781889	T	C	True	dnase	234	0.892479
rs2710323	3	52781889	T	C	True	dnase	235	0.309879
rs2710323	3	52781889	T	C	True	dnase	236	-0.099307
rs2710323	3	52781889	T	C	True	dnase	237	0.017766
rs2710323	3	52781889	T	C	True	dnase	238	0.139974
rs2710323	3	52781889	T	C	True	dnase	239	0.253622
rs2710323	3	52781889	T	C	True	dnase	240	0.162559
rs2710323	3	52781889	T	C	True	dnase	241	0.306347
rs2710323	3	52781889	T	C	True	dnase	242	0.095529
rs2710323	3	52781889	T	C	True	dnase	243	-0.049433
rs2710323	3	52781889	T	C	True	dnase	244	0.123923
rs2710323	3	52781889	T	C	True	dnase	245	0.203108
rs2710323	3	52781889	T	C	True	dnase	246	-0.006728
rs2710323	3	52781889	T	C	True	dnase	247	-0.064332
rs2710323	3	52781889	T	C	True	dnase	248	0.115739
rs2710323	3	52781889	T	C	True	dnase	249	0.164804
rs2710323	3	52781889	T	C	True	dnase	250	0.051471
rs2710323	3	52781889	T	C	True	dnase	251	-0.107813
rs2710323	3	52781889	T	C	True	dnase	252	0.645087
rs2710323	3	52781889	T	C	True	dnase	253	0.523096
rs2710323	3	52781889	T	C	True	dnase	254	0.171239
rs2710323	3	52781889	T	C	True	dnase	255	0.102713
rs2710323	3	52781889	T	C	True	dnase	256	0.131460
rs2710323	3	52781889	T	C	True	dnase	257	0.157475
rs2710323	3	52781889	T	C	True	dnase	258	0.114726
rs2710323	3	52781889	T	C	True	dnase	259	0.560921
rs2710323	3	52781889	T	C	True	dnase	260	0.043427
rs2710323	3	52781889	T	C	True	dnase	261	0.795127
rs2710323	3	52781889	T	C	True	dnase	262	0.186861
rs2710323	3	52781889	T	C	True	dnase	263	0.064193
rs2710323	3	52781889	T	C	True	dnase	264	0.576331
rs2710323	3	52781889	T	C	True	dnase	265	0.107651
rs2710323	3	52781889	T	C	True	dnase	266	0.210522
rs2710323	3	52781889	T	C	True	dnase	267	0.336392
rs2710323	3	52781889	T	C	True	dnase	268	-0.030090
rs2710323	3	52781889	T	C	True	dnase	269	0.310791
rs2710323	3	52781889	T	C	True	dnase	270	0.011522
rs2710323	3	52781889	T	C	True	dnase	271	0.309839
rs2710323	3	52781889	T	C	True	dnase	272	0.199966
rs2710323	3	52781889	T	C	True	dnase	273	1.933395
rs2710323	3	52781889	T	C	True	dnase	274	0.022786
rs2710323	3	52781889	T	C	True	dnase	275	-0.045321
rs2710323	3	52781889	T	C	True	dnase	276	0.019349
rs2710323	3	52781889	T	C	True	dnase	277	0.554138
rs2710323	3	52781889	T	C	True	dnase	278	0.273746
rs2710323	3	52781889	T	C	True	dnase	279	0.095870
rs2710323	3	52781889	T	C	True	dnase	280	0.342107
rs2710323	3	52781889	T	C	True	dnase	281	0.330349
rs2710323	3	52781889	T	C	True	dnase	282	0.702129
rs2710323	3	52781889	T	C	True	dnase	283	0.487429
rs2710323	3	52781889	T	C	True	dnase	284	0.341180
rs2710323	3	52781889	T	C	True	dnase	285	0.020770
rs2710323	3	52781889	T	C	True	dnase	286	0.038448
rs2710323	3	52781889	T	C	True	dnase	287	0.126358
rs2710323	3	52781889	T	C	True	dnase	288	0.186610
rs2710323	3	52781889	T	C	True	dnase	289	0.354650
rs2710323	3	52781889	T	C	True	dnase	290	0.237811
rs2710323	3	52781889	T	C	True	dnase	291	0.514150
rs2710323	3	52781889	T	C	True	dnase	292	-0.073444
rs2710323	3	52781889	T	C	True	dnase	293	0.046488
rs2710323	3	52781889	T	C	True	dnase	294	0.311614
rs2710323	3	52781889	T	C	True	dnase	295	-0.026786
rs2710323	3	52781889	T	C	True	dnase	296	0.329336
rs2710323	3	52781889	T	C	True	dnase	297	0.315722
rs2710323	3	52781889	T	C	True	dnase	298	0.341400
rs2710323	3	52781889	T	C	True	dnase	299	0.294915
rs2710323	3	52781889	T	C	True	dnase	300	-0.030522
rs2710323	3	52781889	T	C	True	dnase	301	0.216658
rs2710323	3	52781889	T	C	True	dnase	302	0.132744
rs2710323	3	52781889	T	C	True	dnase	303	0.213724
rs2710323	3	52781889	T	C	True	dnase	304	0.255832
rs2710323	3	52781889	T	C	True	dnase	305	0.000000
rs2710323	3	52781889	T	C	True	dnase	306	0.000000
rs2710323	3	52781889	T	C	True	dnase	307	0.000000
rs2710323	3	52781889	T	C	True	dnase	308	0.000000
rs2710323	3	52781889	T	C	True	dnase	309	0.000000
rs2710323	3	52781889	T	C	True	dnase	310	0.000000
rs2710323	3	52781889	T	C	True	dnase	311	0.000000
rs2710323	3	52781889	T	C	True	dnase	312	0.000000
rs2710323	3	52781889	T	C	True	dnase	313	0.000000
rs2710323	3	52781889	T	C	True	dnase	314	0.000000
rs2710323	3	52781889	T	C	True	dnase	315	0.000000
rs2710323	3	52781889	T	C	True	dnase	316	0.000000
rs2710323	3	52781889	T	C	True	dnase	317	0.000000
rs2710323	3	52781889	T	C	True	dnase	318	0.000000
rs2710323	3	52781889	T	C	True	dnase	319	0.000000
rs2710323	3	52781889	T	C	True	dnase	320	0.000000
rs2710323	3	52781889	T	C	True	dnase	321	0.000000
rs2710323	3	52781889	T	C	True	dnase	322	0.000000
rs2710323	3	52781889	T	C	True	dnase	323	0.000000
rs2710323	3	52781889	T	C	True	dnase	324	0.000000
rs2710323	3	52781889	T	C	True	dnase	325	0.000000
rs2710323	3	52781889	T	C	True	dnase	326	0.000000
rs2710323	3	52781889	T	C	True	dnase	327	0.000000
rs2710323	3	52781889	T	C	True	dnase	328	0.000000
rs2710323	3	52781889	T	C	True	dnase	329	0.000000
rs2710323	3	52781889	T	C	True	dnase	330	0.000000
rs2710323	3	52781889	T	C	True	dnase	331	0.000000
rs2710323	3	52781889	T	C	True	dnase	332	0.000000
rs2710323	3	52781889	T	C	True	dnase	333	0.000000
rs2710323	3	52781889	T	C	True	dnase	334	0.000000
rs2710323	3	52781889	T	C	True	dnase	335	0.000000
rs2710323	3	52781889	T	C	True	dnase	336	0.000000
rs2710323	3	52781889	T	C	True	dnase	337	0.000000
rs2710323	3	52781889	T	C	True	dnase	338	0.000000
rs2710323	3	52781889	T	C	True	dnase	339	0.000000
rs2710323	3	52781889	T	C	True	dnase	340	0.000000
rs2710323	3	52781889	T	C	True	dnase	341	0.000000
rs2710323	3	52781889	T	C	True	dnase	342	0.000000
rs2710323	3	52781889	T	C	True	dnase	343	0.000000
rs2710323	3	52781889	T	C	True	dnase	344	0.000000
rs2710323	3	52781889	T	C	True	dnase	345	0.000000
rs2710323	3	52781889	T	C	True	dnase	346	0.000000
rs2710323	3	52781889	T	C	True	dnase	347	0.000000
rs2710323	3	52781889	T	C	True	dnase	348	0.000000
rs2710323	3	52781889	T	C	True	dnase	349	0.000000
rs2710323	3	52781889	T	C	True	dnase	350	0.000000
rs2710323	3	52781889	T	C	True	dnase	351	0.000000
rs2710323	3	52781889	T	C	True	dnase	352	0.000000
rs2710323	3	52781889	T	C	True	dnase	353	0.000000
rs2710323	3	52781889	T	C	True	dnase	354	0.000000
rs2710323	3	52781889	T	C	True	dnase	355	0.000000
rs2710323	3	52781889	T	C	True	dnase	356	0.000000
rs2710323	3	52781889	T	C	True	dnase	357	0.000000
rs2710323	3	52781889	T	C	True	dnase	358	0.000000
rs2710323	3	52781889	T	C	True	dnase	359	0.000000
rs2710323	3	52781889	T	C	True	dnase	360	0.000000
rs2710323	3	52781889	T	C	True	dnase	361	0.000000
rs2710323	3	52781889	T	C	True	dnase	362	0.000000
rs2710323	3	52781889	T	C	True	dnase	363	0.000000
rs2710323	3	52781889	T	C	True	dnase	364	0.000000
rs2710323	3	52781889	T	C	True	dnase	365	0.000000
rs2710323	3	52781889	T	C	True	dnase	366	0.000000
rs2710323	3	52781889	T	C	True	dnase	367	0.000000
rs2710323	3	52781889	T	C	True	dnase	368	0.000000
rs2710323	3	52781889	T	C	True	dnase	369	0.000000
rs2710323	3	52781889	T	C	True	dnase	370	0.000000
rs2710323	3	52781889	T	C	True	dnase	371	0.000000
rs2710323	3	52781889	T	C	True	dnase	372	0.000000
rs2710323	3	52781889	T	C	True	dnase	373	0.000000
rs2710323	3	52781889	T	C	True	dnase	374	0.000000
rs2710323	3	52781889	T	C	True	dnase	375	0.000000
rs2710323	3	52781889	T	C	True	dnase	376	0.000000
rs2710323	3	52781889	T	C	True	dnase	377	0.000000
rs2710323	3	52781889	T	C	True	dnase	378	0.000000
rs2710323	3	52781889	T	C	True	dnase	379	0.000000
rs2710323	3	52781889	T	C	True	dnase	380	0.000000
rs2710323	3	52781889	T	C	True	dnase	381	0.000000
rs2710323	3	52781889	T	C	True	dnase	382	0.000000
rs2710323	3	52781889	T	C	True	dnase	383	0.000000
rs12129573	1	73302683	C	A	True	atac	0	-0.038350
rs12129573	1	73302683	C	A	True	atac	1	-0.046741
rs12129573	1	73302683	C	A	True	atac	2	-0.039148
rs12129573	1	73302683	C	A	True	atac	3	-0.037480
rs12129573	1	73302683	C	A	True	atac	4	-0.043943
rs12129573	1	73302683	C	A	True	atac	5	-0.037887
rs12129573	1	73302683	C	A	True	atac	6	-0.031301
rs12129573	1	73302683	C	A	True	atac	7	-0.037402
rs12129573	1	73302683	C	A	True	atac	8	-0.046810
rs12129573	1	73302683	C	A	True	atac	9	-0.044821
rs12129573	1	73302683	C	A	True	atac	10	-0.046232
rs12129573	1	73302683	C	A	True	atac	11	-0.049580
rs12129573	1	73302683	C	A	True	atac	12	-0.028961
rs12129573	1	73302683	C	A	True	atac	13	-0.036731
rs12129573	1	73302683	C	A	True	atac	14	-0.023533
rs12129573	1	73302683	C	A	True	atac	15	-0.027531
rs12129573	1	73302683	C	A	True	atac	16	-0.032285
rs12129573	1	73302683	C	A	True	atac	17	-0.030743
rs12129573	1	73302683	C	A	True	atac	18	-0.028828
rs12129573	1	73302683	C	A	True	atac	19	-0.026879
rs12129573	1	73302683	C	A	True	atac	20	-0.034437
rs12129573	1	73302683	C	A	True	atac	21	-0.025844
rs12129573	1	73302683	C	A	True	atac	22	-0.028319
rs12129573	1	73302683	C	A	True	atac	23	-0.029531
rs12129573	1	73302683	C	A	True	atac	24	-0.028914
rs12129573	1	73302683	C	A	True	atac	25	-0.027146
rs12129573	1	73302683	C	A	True	atac	26	-0.029116
rs12129573	1	73302683	C	A	True	atac	27	-0.034173
rs12129573	1	73302683	C	A	True	atac	28	-0.029404
rs12129573	1	73302683	C	A	True	atac	29	-0.031589
rs12129573	1	73302683	C	A	True	atac	30	-0.026718
rs12129573	1	73302683	C	A	True	atac	31	-0.021031
rs12129573	1	73302683	C	A	True	atac	32	-0.023319
rs12129573	1	73302683	C	A	True	atac	33	-0.026497
rs12129573	1	73302683	C	A	True	atac	34	-0.026354
rs12129573	1	73302683	C	A	True	atac	35	-0.036075
rs12129573	1	73302683	C	A	True	atac	36	-0.030703
rs12129573	1	73302683	C	A	True	atac	37	-0.030010
rs12129573	1	73302683	C	A	True	atac	38	-0.031300
rs12129573	1	73302683	C	A	True	atac	39	-0.027770
rs12129573	1	73302683	C	A	True	atac	40	-0.029997
rs12129573	1	73302683	C	A	True	atac	41	-0.039930
rs12129573	1	73302683	C	A	True	atac	42	-0.022543
rs12129573	1	73302683	C	A	True	atac	43	-0.025348
rs12129573	1	73302683	C	A	True	atac	44	-0.032626
rs12129573	1	73302683	C	A	True	atac	45	-0.026059
rs12129573	1	73302683	C	A	True	atac	46	-0.026699
rs12129573	1	73302683	C	A	True	atac	47	-0.021185
rs12129573	1	73302683	C	A	True	atac	48	-0.029268
rs12129573	1	73302683	C	A	True	atac	49	-0.034673
rs12129573	1	73302683	C	A	True	atac	50	-0.025262
rs12129573	1	73302683	C	A	True	atac	51	-0.029668
rs12129573	1	73302683	C	A	True	atac	52	-0.030135
rs12129573	1	73302683	C	A	True	atac	53	-0.028992
rs12129573	1	73302683	C	A	True	atac	54	-0.033584
rs12129573	1	73302683	C	A	True	atac	55	-0.045123
rs12129573	1	73302683	C	A	True	atac	56	-0.056656
rs12129573	1	73302683	C	A	True	atac	57	-0.046476
rs12129573	1	73302683	C	A	True	atac	58	-0.041086
rs12129573	1	73302683	C	A	True	atac	59	-0.061280
rs12129573	1	73302683	C	A	True	atac	60	-0.050035
rs12129573	1	73302683	C	A	True	atac	61	-0.060797
rs12129573	1	73302683	C	A	True	atac	62	-0.042733
rs12129573	1	73302683	C	A	True	atac	63	-0.053328
rs12129573	1	73302683	C	A	True	atac	64	-0.027417
rs12129573	1	73302683	C	A	True	atac	65	-0.031080
rs12129573	1	73302683	C	A	True	atac	66	-0.061762
rs12129573	1	73302683	C	A	True	atac	67	-0.061002
rs12129573	1	73302683	C	A	True	atac	68	-0.014238
rs12129573	1	73302683	C	A	True	atac	69	-0.012006
rs12129573	1	73302683	C	A	True	atac	70	-0.036571
rs12129573	1	73302683	C	A	True	atac	71	-0.035715
rs12129573	1	73302683	C	A	True	atac	72	-0.028543
rs12129573	1	73302683	C	A	True	atac	73	-0.028776
rs12129573	1	73302683	C	A	True	atac	74	-0.029141
rs12129573	1	73302683	C	A	True	atac	75	-0.037615
rs12129573	1	73302683	C	A	True	atac	76	-0.037344
rs12129573	1	73302683	C	A	True	atac	77	-0.037718
rs12129573	1	73302683	C	A	True	atac	78	-0.036936
rs12129573	1	73302683	C	A	True	atac	79	-0.038762
rs12129573	1	73302683	C	A	True	atac	80	-0.032322
rs12129573	1	73302683	C	A	True	atac	81	-0.029922
rs12129573	1	73302683	C	A	True	atac	82	-0.032945
rs12129573	1	73302683	C	A	True	atac	83	-0.030755
rs12129573	1	73302683	C	A	True	atac	84	-0.033295
rs12129573	1	73302683	C	A	True	atac	85	-0.036825
rs12129573	1	73302683	C	A	True	atac	86	-0.030145
rs12129573	1	73302683	C	A	True	atac	87	-0.029637
rs12129573	1	73302683	C	A	True	atac	88	-0.030123
rs12129573	1	73302683	C	A	True	atac	89	-0.032102
rs12129573	1	73302683	C	A	True	atac	90	-0.027518
rs12129573	1	73302683	C	A	True	atac	91	-0.031270
rs12129573	1	73302683	C	A	True	atac	92	-0.039829
rs12129573	1	73302683	C	A	True	atac	93	-0.036640
rs12129573	1	73302683	C	A	True	atac	94	-0.035587
rs12129573	1	73302683	C	A	True	atac	95	-0.027803
rs12129573	1	73302683	C	A	True	atac	96	-0.027753
rs12129573	1	73302683	C	A	True	atac	97	-0.032226
rs12129573	1	73302683	C	A	True	atac	98	-0.029961
rs12129573	1	73302683	C	A	True	atac	99	-0.024843
rs12129573	1	73302683	C	A	True	atac	100	-0.035179
rs12129573	1	73302683	C	A	True	atac	101	-0.027519
rs12129573	1	73302683	C	A	True	atac	102	-0.027709
rs12129573	1	73302683	C	A	True	atac	103	-0.032234
rs12129573	1	73302683	C	A	True	atac	104	-0.029647
rs12129573	1	73302683	C	A	True	atac	105	-0.027709
rs12129573	1	73302683	C	A	True	atac	106	-0.029333
rs12129573	1	73302683	C	A	True	atac	107	-0.032791
rs12129573	1	73302683	C	A	True	atac	108	-0.026769
rs12129573	1	73302683	C	A	True	atac	109	-0.026280
rs12129573	1	73302683	C	A	True	atac	110	-0.036446
rs12129573	1	73302683	C	A	True	atac	111	-0.028338
rs12129573	1	73302683	C	A	True	atac	112	-0.037298
rs12129573	1	73302683	C	A	True	atac	113	-0.025295
rs12129573	1	73302683	C	A	True	atac	114	-0.032244
rs12129573	1	73302683	C	A	True	atac	115	-0.028407
rs12129573	1	73302683	C	A	True	atac	116	-0.030907
rs12129573	1	73302683	C	A	True	atac	117	-0.035859
rs12129573	1	73302683	C	A	True	atac	118	-0.030333
rs12129573	1	73302683	C	A	True	atac	119	-0.030132
rs12129573	1	73302683	C	A	True	atac	120	-0.028573
rs12129573	1	73302683	C	A	True	atac	121	-0.026628
rs12129573	1	73302683	C	A	True	atac	122	-0.030698
rs12129573	1	73302683	C	A	True	atac	123	-0.023898
rs12129573	1	73302683	C	A	True	atac	124	-0.025790
rs12129573	1	73302683	C	A	True	atac	125	-0.027003
rs12129573	1	73302683	C	A	True	atac	126	-0.032493
rs12129573	1	73302683	C	A	True	atac	127	-0.026694
rs12129573	1	73302683	C	A	True	atac	128	-0.023938
rs12129573	1	73302683	C	A	True	atac	129	-0.037112
rs12129573	1	73302683	C	A	True	atac	130	-0.041747
rs12129573	1	73302683	C	A	True	atac	131	-0.023438
rs12129573	1	73302683	C	A	True	atac	132	-0.035770
rs12129573	1	73302683	C	A	True	atac	133	-0.052947
rs12129573	1	73302683	C	A	True	atac	134	-0.034881
rs12129573	1	73302683	C	A	True	atac	135	-0.031143
rs12129573	1	73302683	C	A	True	atac	136	-0.026091
rs12129573	1	73302683	C	A	True	atac	137	-0.009057
rs12129573	1	73302683	C	A	True	atac	138	-0.029612
rs12129573	1	73302683	C	A	True	atac	139	-0.026647
rs12129573	1	73302683	C	A	True	atac	140	-0.026465
rs12129573	1	73302683	C	A	True	atac	141	-0.030696
rs12129573	1	73302683	C	A	True	atac	142	-0.036434
rs12129573	1	73302683	C	A	True	atac	143	-0.033535
rs12129573	1	73302683	C	A	True	atac	144	-0.058767
rs12129573	1	73302683	C	A	True	atac	145	-0.030940
rs12129573	1	73302683	C	A	True	atac	146	-0.024931
rs12129573	1	73302683	C	A	True	atac	147	-0.029248
rs12129573	1	73302683	C	A	True	atac	148	-0.043189
rs12129573	1	73302683	C	A	True	atac	149	-0.026942
rs12129573	1	73302683	C	A	True	atac	150	-0.034217
rs12129573	1	73302683	C	A	True	atac	151	-0.056878
rs12129573	1	73302683	C	A	True	atac	152	-0.018798
rs12129573	1	73302683	C	A	True	atac	153	-0.022497
rs12129573	1	73302683	C	A	True	atac	154	-0.025815
rs12129573	1	73302683	C	A	True	atac	155	-0.028967
rs12129573	1	73302683	C	A	True	atac	156	-0.031038
rs12129573	1	73302683	C	A	True	atac	157	-0.032503
rs12129573	1	73302683	C	A	True	atac	158	-0.036269
rs12129573	1	73302683	C	A	True	atac	159	-0.024667
rs12129573	1	73302683	C	A	True	atac	160	-0.001300
rs12129573	1	73302683	C	A	True	atac	161	-0.027339
rs12129573	1	73302683	C	A	True	atac	162	-0.040511
rs12129573	1	73302683	C	A	True	atac	163	-0.030196
rs12129573	1	73302683	C	A	True	atac	164	-0.027765
rs12129573	1	73302683	C	A	True	atac	165	0.004995
rs12129573	1	73302683	C	A	True	atac	166	-0.027432
rs12129573	1	73302683	C	A	True	atac	167	0.000000
rs12129573	1	73302683	C	A	True	atac	168	0.000000
rs12129573	1	73302683	C	A	True	atac	169	0.000000
rs12129573	1	73302683	C	A	True	atac	170	0.000000
rs12129573	1	73302683	C	A	True	atac	171	0.000000
rs12129573	1	73302683	C	A	True	atac	172	0.000000
rs12129573	1	73302683	C	A	True	atac	173	0.000000
rs12129573	1	73302683	C	A	True	atac	174	0.000000
rs12129573	1	73302683	C	A	True	atac	175	0.000000
rs12129573	1	73302683	C	A	True	atac	176	0.000000
rs12129573	1	73302683	C	A	True	atac	177	0.000000
rs12129573	1	73302683	C	A	True	atac	178	0.000000
rs12129573	1	73302683	C	A	True	atac	179	0.000000
rs12129573	1	73302683	C	A	True	atac	180	0.000000
rs12129573	1	73302683	C	A	True	atac	181	0.000000
rs12129573	1	73302683	C	A	True	atac	182	0.000000
rs12129573	1	73302683	C	A	True	atac	183	0.000000
rs12129573	1	73302683	C	A	True	atac	184	0.000000
rs12129573	1	73302683	C	A	True	atac	185	0.000000
rs12129573	1	73302683	C	A	True	atac	186	0.000000
rs12129573	1	73302683	C	A	True	atac	187	0.000000
rs12129573	1	73302683	C	A	True	atac	188	0.000000
rs12129573	1	73302683	C	A	True	atac	189	0.000000
rs12129573	1	73302683	C	A	True	atac	190	0.000000
rs12129573	1	73302683	C	A	True	atac	191	0.000000
rs12129573	1	73302683	C	A	True	atac	192	0.000000
rs12129573	1	73302683	C	A	True	atac	193	0.000000
rs12129573	1	73302683	C	A	True	atac	194	0.000000
rs12129573	1	73302683	C	A	True	atac	195	0.000000
rs12129573	1	73302683	C	A	True	atac	196	0.000000
rs12129573	1	73302683	C	A	True	atac	197	0.000000
rs12129573	1	73302683	C	A	True	atac	198	0.000000
rs12129573	1	73302683	C	A	True	atac	199	0.000000
rs12129573	1	73302683	C	A	True	atac	200	0.000000
rs12129573	1	73302683	C	A	True	atac	201	0.000000
rs12129573	1	73302683	C	A	True	atac	202	0.000000
rs12129573	1	73302683	C	A	True	atac	203	0.000000
rs12129573	1	73302683	C	A	True	atac	204	0.000000
rs12129573	1	73302683	C	A	True	atac	205	0.000000
rs12129573	1	73302683	C	A	True	atac	206	0.000000
rs12129573	1	73302683	C	A	True	atac	207	0.000000
rs12129573	1	73302683	C	A	True	atac	208	0.000000
rs12129573	1	73302683	C	A	True	atac	209	0.000000
rs12129573	1	73302683	C	A	True	atac	210	0.000000
rs12129573	1	73302683	C	A	True	atac	211	0.000000
rs12129573	1	73302683	C	A	True	atac	212	0.000000
rs12129573	1	73302683	C	A	True	atac	213	0.000000
rs12129573	1	73302683	C	A	True	atac	214	0.000000
rs12129573	1	73302683	C	A	True	atac	215	0.000000
rs12129573	1	73302683	C	A	True	atac	216	0.000000
rs12129573	1	73302683	C	A	True	atac	217	0.000000
rs12129573	1	73302683	C	A	True	atac	218	0.000000
rs12129573	1	73302683	C	A	True	atac	219	0.000000
rs12129573	1	73302683	C	A	True	atac	220	0.000000
rs12129573	1	73302683	C	A	True	atac	221	0.000000
rs12129573	1	73302683	C	A	True	atac	222	0.000000
rs12129573	1	73302683	C	A	True	atac	223	0.000000
rs12129573	1	73302683	C	A	True	atac	224	0.000000
rs12129573	1	73302683	C	A	True	atac	225	0.000000
rs12129573	1	73302683	C	A	True	atac	226	0.000000
rs12129573	1	73302683	C	A	True	atac	227	0.000000
rs12129573	1	73302683	C	A	True	atac	228	0.000000
rs12129573	1	73302683	C	A	True	atac	229	0.000000
rs12129573	1	73302683	C	A	True	atac	230	0.000000
rs12129573	1	73302683	C	A	True	atac	231	0.000000
rs12129573	1	73302683	C	A	True	atac	232	0.000000
rs12129573	1	73302683	C	A	True	atac	233	0.000000
rs12129573	1	73302683	C	A	True	atac	234	0.000000
rs12129573	1	73302683	C	A	True	atac	235	0.000000
rs12129573	1	73302683	C	A	True	atac	236	0.000000
rs12129573	1	73302683	C	A	True	atac	237	0.000000
rs12129573	1	73302683	C	A	True	atac	238	0.000000
rs12129573	1	73302683	C	A	True	atac	239	0.000000
rs12129573	1	73302683	C	A	True	atac	240	0.000000
rs12129573	1	73302683	C	A	True	atac	241	0.000000
rs12129573	1	73302683	C	A	True	atac	242	0.000000
rs12129573	1	73302683	C	A	True	atac	243	0.000000
rs12129573	1	73302683	C	A	True	atac	244	0.000000
rs12129573	1	73302683	C	A	True	atac	245	0.000000
rs12129573	1	73302683	C	A	True	atac	246	0.000000
rs12129573	1	73302683	C	A	True	atac	247	0.000000
rs12129573	1	73302683	C	A	True	atac	248	0.000000
rs12129573	1	73302683	C	A	True	atac	249	0.000000
rs12129573	1	73302683	C	A	True	atac	250	0.000000
rs12129573	1	73302683	C	A	True	atac	251	0.000000
rs12129573	1	73302683	C	A	True	atac	252	0.000000
rs12129573	1	73302683	C	A	True	atac	253	0.000000
rs12129573	1	73302683	C	A	True	atac	254	0.000000
rs12129573	1	73302683	C	A	True	atac	255	0.000000
rs12129573	1	73302683	C	A	True	dnase	0	0.006993
rs12129573	1	73302683	C	A	True	dnase	1	-0.081621
rs12129573	1	73302683	C	A	True	dnase	2	0.000431
rs12129573	1	73302683	C	A	True	dnase	3	0.004461
rs12129573	1	73302683	C	A	True	dnase	4	0.005921
rs12129573	1	73302683	C	A	True	dnase	5	-0.006350
rs12129573	1	73302683	C	A	True	dnase	6	-0.263979
rs12129573	1	73302683	C	A	True	dnase	7	-0.004350
rs12129573	1	73302683	C	A	True	dnase	8	0.009845
rs12129573	1	73302683	C	A	True	dnase	9	0.008277
rs12129573	1	73302683	C	A	True	dnase	10	-0.029054
rs12129573	1	73302683	C	A	True	dnase	11	-0.009400
rs12129573	1	73302683	C	A	True	dnase	12	0.022904
rs12129573	1	73302683	C	A	True	dnase	13	-0.020706
rs12129573	1	73302683	C	A	True	dnase	14	0.010475
rs12129573	1	73302683	C	A	True	dnase	15	-0.042489
rs12129573	1	73302683	C	A	True	dnase	16	-0.064427
rs12129573	1	73302683	C	A	True	dnase	17	-0.126113
rs12129573	1	73302683	C	A	True	dnase	18	-0.074147
rs12129573	1	73302683	C	A	True	dnase	19	-0.072841
rs12129573	1	73302683	C	A	True	dnase	20	-0.018577
rs12129573	1	73302683	C	A	True	dnase	21	0.001038
rs12129573	1	73302683	C	A	True	dnase	22	-0.190830
rs12129573	1	73302683	C	A	True	dnase	23	0.007615
rs12129573	1	73302683	C	A	True	dnase	24	0.023214
rs12129573	1	73302683	C	A	True	dnase	25	-0.011890
rs12129573	1	73302683	C	A	True	dnase	26	-0.009323
rs12129573	1	73302683	C	A	True	dnase	27	-0.013790
rs12129573	1	73302683	C	A	True	dnase	28	-0.002384
rs12129573	1	73302683	C	A	True	dnase	29	0.009557
rs12129573	1	73302683	C	A	True	dnase	30	0.002957
rs12129573	1	73302683	C	A	True	dnase	31	0.013184
rs12129573	1	73302683	C	A	True	dnase	32	-0.052539
rs12129573	1	73302683	C	A	True	dnase	33	-0.053525
rs12129573	1	73302683	C	A	True	dnase	34	-0.104179
rs12129573	1	73302683	C	A	True	dnase	35	-0.058069
rs12129573	1	73302683	C	A	True	dnase	36	-0.010972
rs12129573	1	73302683	C	A	True	dnase	37	-0.108620
rs12129573	1	73302683	C	A	True	dnase	38	-0.039303
rs12129573	1	73302683	C	A	True	dnase	39	-0.111017
rs12129573	1	73302683	C	A	True	dnase	40	-0.002779
rs12129573	1	73302683	C	A	True	dnase	41	-0.094711
rs12129573	1	73302683	C	A	True	dnase	42	-0.031865
rs12129573	1	73302683	C	A	True	dnase	43	-0.004955
rs12129573	1	73302683	C	A	True	dnase	44	-0.000788
rs12129573	1	73302683	C	A	True	dnase	45	-0.086210
rs12129573	1	73302683	C	A	True	dnase	46	-0.100809
rs12129573	1	73302683	C	A	True	dnase	47	0.004423
rs12129573	1	73302683	C	A	True	dnase	48	0.017469
rs12129573	1	73302683	C	A	True	dnase	49	0.001052
rs12129573	1	73302683	C	A	True	dnase	50	0.032868
rs12129573	1	73302683	C	A	True	dnase	51	0.004651
rs12129573	1	73302683	C	A	True	dnase	52	0.016246
rs12129573	1	73302683	C	A	True	dnase	53	-0.025576
rs12129573	1	73302683	C	A	True	dnase	54	-0.004393
rs12129573	1	73302683	C	A	True	dnase	55	0.000879
rs12129573	1	73302683	C	A	True	dnase	56	0.003092
rs12129573	1	73302683	C	A	True	dnase	57	0.019725
rs12129573	1	73302683	C	A	True	dnase	58	0.019371
rs12129573	1	73302683	C	A	True	dnase	59	-0.002097
rs12129573	1	73302683	C	A	True	dnase	60	0.002907
rs12129573	1	73302683	C	A	True	dnase	61	-0.004278
rs12129573	1	73302683	C	A	True	dnase	62	0.002739
rs12129573	1	73302683	C	A	True	dnase	63	0.018587
rs12129573	1	73302683	C	A	True	dnase	64	0.024191
rs12129573	1	73302683	C	A	True	dnase	65	0.014400
rs12129573	1	73302683	C	A	True	dnase	66	-0.001282
rs12129573	1	73302683	C	A	True	dnase	67	0.026450
rs12129573	1	73302683	C	A	True	dnase	68	-0.067260
rs12129573	1	73302683	C	A	True	dnase	69	0.018820
rs12129573	1	73302683	C	A	True	dnase	70	0.004949
rs12129573	1	73302683	C	A	True	dnase	71	-0.010198
rs12129573	1	73302683	C	A	True	dnase	72	0.012162
rs12129573	1	73302683	C	A	True	dnase	73	0.001862
rs12129573	1	73302683	C	A	True	dnase	74	0.009326
rs12129573	1	73302683	C	A	True	dnase	75	-0.005048
rs12129573	1	73302683	C	A	True	dnase	76	-0.088860
rs12129573	1	73302683	C	A	True	dnase	77	0.006107
rs12129573	1	73302683	C	A	True	dnase	78	-0.002649
rs12129573	1	73302683	C	A	True	dnase	79	-0.011339
rs12129573	1	73302683	C	A	True	dnase	80	-0.005552
rs12129573	1	73302683	C	A	True	dnase	81	0.006000
rs12129573	1	73302683	C	A	True	dnase	82	0.003951
rs12129573	1	73302683	C	A	True	dnase	83	0.004441
rs12129573	1	73302683	C	A	True	dnase	84	-0.002772
rs12129573	1	73302683	C	A	True	dnase	85	0.000843
rs12129573	1	73302683	C	A	True	dnase	86	0.016811
rs12129573	1	73302683	C	A	True	dnase	87	-0.009161
rs12129573	1	73302683	C	A	True	dnase	88	0.000991
rs12129573	1	73302683	C	A	True	dnase	89	0.021666
rs12129573	1	73302683	C	A	True	dnase	90	0.008471
rs12129573	1	73302683	C	A	True	dnase	91	-0.009904
rs12129573	1	73302683	C	A	True	dnase	92	-0.029752
rs12129573	1	73302683	C	A	True	dnase	93	0.005396
rs12129573	1	73302683	C	A	True	dnase	94	-0.066205
rs12129573	1	73302683	C	A	True	dnase	95	0.007373
rs12129573	1	73302683	C	A	True	dnase	96	-0.025776
rs12129573	1	73302683	C	A	True	dnase	97	-0.007586
rs12129573	1	73302683	C	A	True	dnase	98	0.006360
rs12129573	1	73302683	C	A	True	dnase	99	0.010974
rs12129573	1	73302683	C	A	True	dnase	100	0.011617
rs12129573	1	73302683	C	A	True	dnase	101	0.013833
rs12129573	1	73302683	C	A	True	dnase	102	0.006549
rs12129573	1	73302683	C	A	True	dnase	103	-0.026627
rs12129573	1	73302683	C	A	True	dnase	104	0.000027
rs12129573	1	73302683	C	A	True	dnase	105	-0.000201
rs12129573	1	73302683	C	A	True	dnase	106	-0.010242
rs12129573	1	73302683	C	A	True	dnase	107	-0.001520
rs12129573	1	73302683	C	A	True	dnase	108	-0.068330
rs12129573	1	73302683	C	A	True	dnase	109	0.007484
rs12129573	1	73302683	C	A	True	dnase	110	-0.002377
rs12129573	1	73302683	C	A	True	dnase	111	-0.008410
rs12129573	1	73302683	C	A	True	dnase	112	0.012808
rs12129573	1	73302683	C	A	True	dnase	113	0.005286
rs12129573	1	73302683	C	A	True	dnase	114	-0.068173
rs12129573	1	73302683	C	A	True	dnase	115	-0.000662
rs12129573	1	73302683	C	A	True	dnase	116	-0.009668
rs12129573	1	73302683	C	A	True	dnase	117	-0.028572
rs12129573	1	73302683	C	A	True	dnase	118	-0.000328
rs12129573	1	73302683	C	A	True	dnase	119	-0.005447
rs12129573	1	73302683	C	A	True	dnase	120	-0.004644
rs12129573	1	73302683	C	A	True	dnase	121	0.003965
rs12129573	1	73302683	C	A	True	dnase	122	-0.005136
rs12129573	1	73302683	C	A	True	dnase	123	0.006503
rs12129573	1	73302683	C	A	True	dnase	124	0.002864
rs12129573	1	73302683	C	A	True	dnase	125	0.001045
rs12129573	1	73302683	C	A	True	dnase	126	0.006220
rs12129573	1	73302683	C	A	True	dnase	127	-0.025664
rs12129573	1	73302683	C	A	True	dnase	128	-0.128398
rs12129573	1	73302683	C	A	True	dnase	129	0.001178
rs12129573	1	73302683	C	A	True	dnase	130	-0.000378
rs12129573	1	73302683	C	A	True	dnase	131	-0.003175
rs12129573	1	73302683	C	A	True	dnase	132	0.007290
rs12129573	1	73302683	C	A	True	dnase	133	-0.023605
rs12129573	1	73302683	C	A	True	dnase	134	0.010347
rs12129573	1	73302683	C	A	True	dnase	135	0.002553
rs12129573	1	73302683	C	A	True	dnase	136	-0.005331
rs12129573	1	73302683	C	A	True	dnase	137	-0.002280
rs12129573	1	73302683	C	A	True	dnase	138	-0.005883
rs12129573	1	73302683	C	A	True	dnase	139	-0.006809
rs12129573	1	73302683	C	A	True	dnase	140	-0.002684
rs12129573	1	73302683	C	A	True	dnase	141	-0.005809
rs12129573	1	73302683	C	A	True	dnase	142	-0.004246
rs12129573	1	73302683	C	A	True	dnase	143	-0.000064
rs12129573	1	73302683	C	A	True	dnase	144	0.017653
rs12129573	1	73302683	C	A	True	dnase	145	-0.023196
rs12129573	1	73302683	C	A	True	dnase	146	0.032659
rs12129573	1	73302683	C	A	True	dnase	147	0.013034
rs12129573	1	73302683	C	A	True	dnase	148	0.024197
rs12129573	1	73302683	C	A	True	dnase	149	-0.008637
rs12129573	1	73302683	C	A	True	dnase	150	-0.021535
rs12129573	1	73302683	C	A	True	dnase	151	0.008112
rs12129573	1	73302683	C	A	True	dnase	152	-0.038078
rs12129573	1	73302683	C	A	True	dnase	153	-0.063629
rs12129573	1	73302683	C	A	True	dnase	154	0.052203
rs12129573	1	73302683	C	A	True	dnase	155	-0.003060
rs12129573	1	73302683	C	A	True	dnase	156	-0.011106
rs12129573	1	73302683	C	A	True	dnase	157	0.011697
rs12129573	1	73302683	C	A	True	dnase	158	0.007689
rs12129573	1	73302683	C	A	True	dnase	159	0.006001
rs12129573	1	73302683	C	A	True	dnase	160	0.007194
rs12129573	1	73302683	C	A	True	dnase	161	-0.002585
rs12129573	1	73302683	C	A	True	dnase	162	-0.027660
rs12129573	1	73302683	C	A	True	dnase	163	0.000424
rs12129573	1	73302683	C	A	True	dnase	164	-0.020722
rs12129573	1	73302683	C	A	True	dnase	165	0.000341
rs12129573	1	73302683	C	A	True	dnase	166	0.007678
rs12129573	1	73302683	C	A	True	dnase	167	-0.002642
rs12129573	1	73302683	C	A	True	dnase	168	-0.010765
rs12129573	1	73302683	C	A	True	dnase	169	0.000309
rs12129573	1	73302683	C	A	True	dnase	170	0.001254
rs12129573	1	73302683	C	A	True	dnase	171	-0.114149
rs12129573	1	73302683	C	A	True	dnase	172	0.000377
rs12129573	1	73302683	C	A	True	dnase	173	0.009378
rs12129573	1	73302683	C	A	True	dnase	174	-0.111172
rs12129573	1	73302683	C	A	True	dnase	175	-0.018820
rs12129573	1	73302683	C	A	True	dnase	176	-0.011756
rs12129573	1	73302683	C	A	True	dnase	177	-0.002126
rs12129573	1	73302683	C	A	True	dnase	178	-0.172838
rs12129573	1	73302683	C	A	True	dnase	179	-0.012567
rs12129573	1	73302683	C	A	True	dnase	180	0.006231
rs12129573	1	73302683	C	A	True	dnase	181	0.027587
rs12129573	1	73302683	C	A	True	dnase	182	0.073916
rs12129573	1	73302683	C	A	True	dnase	183	-0.034352
rs12129573	1	73302683	C	A	True	dnase	184	-0.015341
rs12129573	1	73302683	C	A	True	dnase	185	0.002350
rs12129573	1	73302683	C	A	True	dnase	186	0.009887
rs12129573	1	73302683	C	A	True	dnase	187	-0.073903
rs12129573	1	73302683	C	A	True	dnase	188	0.026431
rs12129573	1	73302683	C	A	True	dnase	189	-0.024252
rs12129573	1	73302683	C	A	True	dnase	190	0.012131
rs12129573	1	73302683	C	A	True	dnase	191	0.008871
rs12129573	1	73302683	C	A	True	dnase	192	-0.082545
rs12129573	1	73302683	C	A	True	dnase	193	0.005896
rs12129573	1	73302683	C	A	True	dnase	194	-0.006249
rs12129573	1	73302683	C	A	True	dnase	195	-0.014454
rs12129573	1	73302683	C	A	True	dnase	196	0.031741
rs12129573	1	73302683	C	A	True	dnase	197	0.006894
rs12129573	1	73302683	C	A	True	dnase	198	0.011123
rs12129573	1	73302683	C	A	True	dnase	199	-0.011792
rs12129573	1	73302683	C	A	True	dnase	200	-0.020409
rs12129573	1	73302683	C	A	True	dnase	201	-0.057680
rs12129573	1	73302683	C	A	True	dnase	202	-0.249735
rs12129573	1	73302683	C	A	True	dnase	203	-0.252699
rs12129573	1	73302683	C	A	True	dnase	204	-0.254874
rs12129573	1	73302683	C	A	True	dnase	205	-0.221790
rs12129573	1	73302683	C	A	True	dnase	206	-0.080696
rs12129573	1	73302683	C	A	True	dnase	207	0.006317
rs12129573	1	73302683	C	A	True	dnase	208	0.001108
rs12129573	1	73302683	C	A	True	dnase	209	0.002751
rs12129573	1	73302683	C	A	True	dnase	210	-0.004657
rs12129573	1	73302683	C	A	True	dnase	211	0.001997
rs12129573	1	73302683	C	A	True	dnase	212	0.036614
rs12129573	1	73302683	C	A	True	dnase	213	-0.080380
rs12129573	1	73302683	C	A	True	dnase	214	-0.030931
rs12129573	1	73302683	C	A	True	dnase	215	-0.014571
rs12129573	1	73302683	C	A	True	dnase	216	-0.025255
rs12129573	1	73302683	C	A	True	dnase	217	-0.057747
rs12129573	1	73302683	C	A	True	dnase	218	-0.130023
rs12129573	1	73302683	C	A	True	dnase	219	-0.238540
rs12129573	1	73302683	C	A	True	dnase	220	0.005926
rs12129573	1	73302683	C	A	True	dnase	221	-0.016138
rs12129573	1	73302683	C	A	True	dnase	222	-0.024218
rs12129573	1	73302683	C	A	True	dnase	223	-0.002627
rs12129573	1	73302683	C	A	True	dnase	224	-0.064775
rs12129573	1	73302683	C	A	True	dnase	225	0.017484
rs12129573	1	73302683	C	A	True	dnase	226	-0.125242
rs12129573	1	73302683	C	A	True	dnase	227	-0.099698
rs12129573	1	73302683	C	A	True	dnase	228	-0.256031
rs12129573	1	73302683	C	A	True	dnase	229	-0.127316
rs12129573	1	73302683	C	A	True	dnase	230	-0.108565
rs12129573	1	73302683	C	A	True	dnase	231	-0.088406
rs12129573	1	73302683	C	A	True	dnase	232	-0.116646
rs12129573	1	73302683	C	A	True	dnase	233	-0.140750
rs12129573	1	73302683	C	A	True	dnase	234	-0.154218
rs12129573	1	73302683	C	A	True	dnase	235	0.012464
rs12129573	1	73302683	C	A	True	dnase	236	-0.141070
rs12129573	1	73302683	C	A	True	dnase	237	-0.159858
rs12129573	1	73302683	C	A	True	dnase	238	-0.026622
rs12129573	1	73302683	C	A	True	dnase	239	0.026397
rs12129573	1	73302683	C	A	True	dnase	240	-0.098807
rs12129573	1	73302683	C	A	True	dnase	241	0.019123
rs12129573	1	73302683	C	A	True	dnase	242	-0.050948
rs12129573	1	73302683	C	A	True	dnase	243	-0.128247
rs12129573	1	73302683	C	A	True	dnase	244	-0.002805
rs12129573	1	73302683	C	A	True	dnase	245	0.032638
rs12129573	1	73302683	C	A	True	dnase	246	0.002877
rs12129573	1	73302683	C	A	True	dnase	247	0.004126
rs12129573	1	73302683	C	A	True	dnase	248	0.005809
rs12129573	1	73302683	C	A	True	dnase	249	-0.024696
rs12129573	1	73302683	C	A	True	dnase	250	-0.091657
rs12129573	1	73302683	C	A	True	dnase	251	0.001340
rs12129573	1	73302683	C	A	True	dnase	252	-0.120414
rs12129573	1	73302683	C	A	True	dnase	253	-0.021460
rs12129573	1	73302683	C	A	True	dnase	254	-0.184400
rs12129573	1	73302683	C	A	True	dnase	255	-0.152950
rs12129573	1	73302683	C	A	True	dnase	256	-0.033039
rs12129573	1	73302683	C	A	True	dnase	257	-0.093752
rs12129573	1	73302683	C	A	True	dnase	258	-0.171575
rs12129573	1	73302683	C	A	True	dnase	259	-0.265250
rs12129573	1	73302683	C	A	True	dnase	260	-0.062938
rs12129573	1	73302683	C	A	True	dnase	261	-0.006277
rs12129573	1	73302683	C	A	True	dnase	262	-0.243016
rs12129573	1	73302683	C	A	True	dnase	263	0.009076
rs12129573	1	73302683	C	A	True	dnase	264	-0.008286
rs12129573	1	73302683	C	A	True	dnase	265	-0.181216
rs12129573	1	73302683	C	A	True	dnase	266	-0.209436
rs12129573	1	73302683	C	A	True	dnase	267	-0.268757
rs12129573	1	73302683	C	A	True	dnase	268	-0.016614
rs12129573	1	73302683	C	A	True	dnase	269	0.014996
rs12129573	1	73302683	C	A	True	dnase	270	-0.048952
rs12129573	1	73302683	C	A	True	dnase	271	-0.003911
rs12129573	1	73302683	C	A	True	dnase	272	-0.090446
rs12129573	1	73302683	C	A	True	dnase	273	0.006253
rs12129573	1	73302683	C	A	True	dnase	274	-0.084903
rs12129573	1	73302683	C	A	True	dnase	275	-0.176513
rs12129573	1	73302683	C	A	True	dnase	276	-0.009610
rs12129573	1	73302683	C	A	True	dnase	277	0.031780
rs12129573	1	73302683	C	A	True	dnase	278	0.014019
rs12129573	1	73302683	C	A	True	dnase	279	-0.095414
rs12129573	1	73302683	C	A	True	dnase	280	0.019033
rs12129573	1	73302683	C	A	True	dnase	281	-0.024681
rs12129573	1	73302683	C	A	True	dnase	282	-0.112232
rs12129573	1	73302683	C	A	True	dnase	283	-0.019437
rs12129573	1	73302683	C	A	True	dnase	284	0.009669
rs12129573	1	73302683	C	A	True	dnase	285	-0.102198
rs12129573	1	73302683	C	A	True	dnase	286	-0.156775
rs12129573	1	73302683	C	A	True	dnase	287	-0.118646
rs12129573	1	73302683	C	A	True	dnase	288	-0.227594
rs12129573	1	73302683	C	A	True	dnase	289	-0.098997
rs12129573	1	73302683	C	A	True	dnase	290	-0.170193
rs12129573	1	73302683	C	A	True	dnase	291	-0.117191
rs12129573	1	73302683	C	A	True	dnase	292	-0.175004
rs12129573	1	73302683	C	A	True	dnase	293	-0.129060
rs12129573	1	73302683	C	A	True	dnase	294	-0.072650
rs12129573	1	73302683	C	A	True	dnase	295	-0.238704
rs12129573	1	73302683	C	A	True	dnase	296	0.006917
rs12129573	1	73302683	C	A	True	dnase	297	0.008298
rs12129573	1	73302683	C	A	True	dnase	298	0.011388
rs12129573	1	73302683	C	A	True	dnase	299	0.010209
rs12129573	1	73302683	C	A	True	dnase	300	-0.131766
rs12129573	1	73302683	C	A	True	dnase	301	-0.067228
rs12129573	1	73302683	C	A	True	dnase	302	-0.095621
rs12129573	1	73302683	C	A	True	dnase	303	-0.072464
rs12129573	1	73302683	C	A	True	dnase	304	-0.089764
rs12129573	1	73302683	C	A	True	dnase	305	0.000000
rs12129573	1	73302683	C	A	True	dnase	306	0.000000
rs12129573	1	73302683	C	A	True	dnase	307	0.000000
rs12129573	1	73302683	C	A	True	dnase	308	0.000000
rs12129573	1	73302683	C	A	True	dnase	309	0.000000
rs12129573	1	73302683	C	A	True	dnase	310	0.000000
rs12129573	1	73302683	C	A	True	dnase	311	0.000000
rs12129573	1	73302683	C	A	True	dnase	312	0.000000
rs12129573	1	73302683	C	A	True	dnase	313	0.000000
rs12129573	1	73302683	C	A	True	dnase	314	0.000000
rs12129573	1	73302683	C	A	True	dnase	315	0.000000
rs12129573	1	73302683	C	A	True	dnase	316	0.000000
rs12129573	1	73302683	C	A	True	dnase	317	0.000000
rs12129573	1	73302683	C	A	True	dnase	318	0.000000
rs12129573	1	73302683	C	A	True	dnase	319	0.000000
rs12129573	1	73302683	C	A	True	dnase	320	0.000000
rs12129573	1	73302683	C	A	True	dnase	321	0.000000
rs12129573	1	73302683	C	A	True	dnase	322	0.000000
rs12129573	1	73302683	C	A	True	dnase	323	0.000000
rs12129573	1	73302683	C	A	True	dnase	324	0.000000
rs12129573	1	73302683	C	A	True	dnase	325	0.000000
rs12129573	1	73302683	C	A	True	dnase	326	0.000000
rs12129573	1	73302683	C	A	True	dnase	327	0.000000
rs12129573	1	73302683	C	A	True	dnase	328	0.000000
rs12129573	1	73302683	C	A	True	dnase	329	0.000000
rs12129573	1	73302683	C	A	True	dnase	330	0.000000
rs12129573	1	73302683	C	A	True	dnase	331	0.000000
rs12129573	1	73302683	C	A	True	dnase	332	0.000000
rs12129573	1	73302683	C	A	True	dnase	333	0.000000
rs12129573	1	73302683	C	A	True	dnase	334	0.000000
rs12129573	1	73302683	C	A	True	dnase	335	0.000000
rs12129573	1	73302683	C	A	True	dnase	336	0.000000
rs12129573	1	73302683	C	A	True	dnase	337	0.000000
rs12129573	1	73302683	C	A	True	dnase	338	0.000000
rs12129573	1	73302683	C	A	True	dnase	339	0.000000
rs12129573	1	73302683	C	A	True	dnase	340	0.000000
rs12129573	1	73302683	C	A	True	dnase	341	0.000000
rs12129573	1	73302683	C	A	True	dnase	342	0.000000
rs12129573	1	73302683	C	A	True	dnase	343	0.000000
rs12129573	1	73302683	C	A	True	dnase	344	0.000000
rs12129573	1	73302683	C	A	True	dnase	345	0.000000
rs12129573	1	73302683	C	A	True	dnase	346	0.000000
rs12129573	1	73302683	C	A	True	dnase	347	0.000000
rs12129573	1	73302683	C	A	True	dnase	348	0.000000
rs12129573	1	73302683	C	A	True	dnase	349	0.000000
rs12129573	1	73302683	C	A	True	dnase	350	0.000000
rs12129573	1	73302683	C	A	True	dnase	351	0.000000
rs12129573	1	73302683	C	A	True	dnase	352	0.000000
rs12129573	1	73302683	C	A	True	dnase	353	0.000000
rs12129573	1	73302683	C	A	True	dnase	354	0.000000
rs12129573	1	73302683	C	A	True	dnase	355	0.000000
rs12129573	1	73302683	C	A	True	dnase	356	0.000000
rs12129573	1	73302683	C	A	True	dnase	357	0.000000
rs12129573	1	73302683	C	A	True	dnase	358	0.000000
rs12129573	1	73302683	C	A	True	dnase	359	0.000000
rs12129573	1	73302683	C	A	True	dnase	360	0.000000
rs12129573	1	73302683	C	A	True	dnase	361	0.000000
rs12129573	1	73302683	C	A	True	dnase	362	0.000000
rs12129573	1	73302683	C	A	True	dnase	363	0.000000
rs12129573	1	73302683	C	A	True	dnase	364	0.000000
rs12129573	1	73302683	C	A	True	dnase	365	0.000000
rs12129573	1	73302683	C	A	True	dnase	366	0.000000
rs12129573	1	73302683	C	A	True	dnase	367	0.000000
rs12129573	1	73302683	C	A	True	dnase	368	0.000000
rs12129573	1	73302683	C	A	True	dnase	369	0.000000
rs12129573	1	73302683	C	A	True	dnase	370	0.000000
rs12129573	1	73302683	C	A	True	dnase	371	0.000000
rs12129573	1	73302683	C	A	True	dnase	372	0.000000
rs12129573	1	73302683	C	A	True	dnase	373	0.000000
rs12129573	1	73302683	C	A	True	dnase	374	0.000000
rs12129573	1	73302683	C	A	True	dnase	375	0.000000
rs12129573	1	73302683	C	A	True	dnase	376	0.000000
rs12129573	1	73302683	C	A	True	dnase	377	0.000000
rs12129573	1	73302683	C	A	True	dnase	378	0.000000
rs12129573	1	73302683	C	A	True	dnase	379	0.000000
rs12129573	1	73302683	C	A	True	dnase	380	0.000000
rs12129573	1	73302683	C	A	True	dnase	381	0.000000
rs12129573	1	73302683	C	A	True	dnase	382	0.000000
rs12129573	1	73302683	C	A	True	dnase	383	0.000000
rs4129585	8	142231572	A	C	True	atac	0	0.018539
rs4129585	8	142231572	A	C	True	atac	1	0.156158
rs4129585	8	142231572	A	C	True	atac	2	-0.001956
rs4129585	8	142231572	A	C	True	atac	3	0.028612
rs4129585	8	142231572	A	C	True	atac	4	0.075453
rs4129585	8	142231572	A	C	True	atac	5	0.084622
rs4129585	8	142231572	A	C	True	atac	6	0.038839
rs4129585	8	142231572	A	C	True	atac	7	0.005424
rs4129585	8	142231572	A	C	True	atac	8	0.042011
rs4129585	8	142231572	A	C	True	atac	9	0.019720
rs4129585	8	142231572	A	C	True	atac	10	0.060397
rs4129585	8	142231572	A	C	True	atac	11	0.066886
rs4129585	8	142231572	A	C	True	atac	12	0.083912
rs4129585	8	142231572	A	C	True	atac	13	0.083443
rs4129585	8	142231572	A	C	True	atac	14	0.082502
rs4129585	8	142231572	A	C	True	atac	15	0.020918
rs4129585	8	142231572	A	C	True	atac	16	-0.001550
rs4129585	8	142231572	A	C	True	atac	17	0.027840
rs4129585	8	142231572	A	C	True	atac	18	0.022654
rs4129585	8	142231572	A	C	True	atac	19	0.029333
rs4129585	8	142231572	A	C	True	atac	20	0.024856
rs4129585	8	142231572	A	C	True	atac	21	0.015610
rs4129585	8	142231572	A	C	True	atac	22	0.034319
rs4129585	8	142231572	A	C	True	atac	23	0.006050
rs4129585	8	142231572	A	C	True	atac	24	0.013500
rs4129585	8	142231572	A	C	True	atac	25	0.009363
rs4129585	8	142231572	A	C	True	atac	26	0.010178
rs4129585	8	142231572	A	C	True	atac	27	0.006576
rs4129585	8	142231572	A	C	True	atac	28	0.007140
rs4129585	8	142231572	A	C	True	atac	29	0.045177
rs4129585	8	142231572	A	C	True	atac	30	0.008269
rs4129585	8	142231572	A	C	True	atac	31	0.032649
rs4129585	8	142231572	A	C	True	atac	32	-0.020027
rs4129585	8	142231572	A	C	True	atac	33	0.024090
rs4129585	8	142231572	A	C	True	atac	34	0.017020
rs4129585	8	142231572	A	C	True	atac	35	0.020132
rs4129585	8	142231572	A	C	True	atac	36	0.030054
rs4129585	8	142231572	A	C	True	atac	37	0.019103
rs4129585	8	142231572	A	C	True	atac	38	0.034271
rs4129585	8	142231572	A	C	True	atac	39	0.010788
rs4129585	8	142231572	A	C	True	atac	40	0.026459
rs4129585	8	142231572	A	C	True	atac	41	0.000020
rs4129585	8	142231572	A	C	True	atac	42	0.013125
rs4129585	8	142231572	A	C	True	atac	43	-0.005537
rs4129585	8	142231572	A	C	True	atac	44	0.005771
rs4129585	8	142231572	A	C	True	atac	45	0.036027
rs4129585	8	142231572	A	C	True	atac	46	0.050354
rs4129585	8	142231572	A	C	True	atac	47	0.028112
rs4129585	8	142231572	A	C	True	atac	48	0.041188
rs4129585	8	142231572	A	C	True	atac	49	0.032020
rs4129585	8	142231572	A	C	True	atac	50	0.017872
rs4129585	8	142231572	A	C	True	atac	51	0.058001
rs4129585	8	142231572	A	C	True	atac	52	0.047817
rs4129585	8	142231572	A	C	True	atac	53	0.000024
rs4129585	8	142231572	A	C	True	atac	54	0.027182
rs4129585	8	142231572	A	C	True	atac	55	0.148982
rs4129585	8	142231572	A	C	True	atac	56	0.098573
rs4129585	8	142231572	A	C	True	atac	57	0.175210
rs4129585	8	142231572	A	C	True	atac	58	0.338966
rs4129585	8	142231572	A	C	True	atac	59	0.215935
rs4129585	8	142231572	A	C	True	atac	60	0.151932
rs4129585	8	142231572	A	C	True	atac	61	0.168240
rs4129585	8	142231572	A	C	True	atac	62	0.082366
rs4129585	8	142231572	A	C	True	atac	63	0.078348
rs4129585	8	142231572	A	C	True	atac	64	0.029162
rs4129585	8	142231572	A	C	True	atac	65	0.010743
rs4129585	8	142231572	A	C	True	atac	66	0.222201
rs4129585	8	142231572	A	C	True	atac	67	0.161239
rs4129585	8	142231572	A	C	True	atac	68	0.326791
rs4129585	8	142231572	A	C	True	atac	69	0.247266
rs4129585	8	142231572	A	C	True	atac	70	0.020182
rs4129585	8	142231572	A	C	True	atac	71	0.018186
rs4129585	8	142231572	A	C	True	atac	72	0.042923
rs4129585	8	142231572	A	C	True	atac	73	0.027084
rs4129585	8	142231572	A	C	True	atac	74	0.005235
rs4129585	8	142231572	A	C	True	atac	75	0.017478
rs4129585	8	142231572	A	C	True	atac	76	0.020827
rs4129585	8	142231572	A	C	True	atac	77	0.017901
rs4129585	8	142231572	A	C	True	atac	78	-0.044855
rs4129585	8	142231572	A	C	True	atac	79	0.011214
rs4129585	8	142231572	A	C	True	atac	80	0.025339
rs4129585	8	142231572	A	C	True	atac	81	0.021260
rs4129585	8	142231572	A	C	True	atac	82	0.019788
rs4129585	8	142231572	A	C	True	atac	83	0.009262
rs4129585	8	142231572	A	C	True	atac	84	0.015642
rs4129585	8	142231572	A	C	True	atac	85	-0.009541
rs4129585	8	142231572	A	C	True	atac	86	0.019704
rs4129585	8	142231572	A	C	True	atac	87	0.044754
rs4129585	8	142231572	A	C	True	atac	88	0.027033
rs4129585	8	142231572	A	C	True	atac	89	0.026994
rs4129585	8	142231572	A	C	True	atac	90	0.023967
rs4129585	8	142231572	A	C	True	atac	91	0.026267
rs4129585	8	142231572	A	C	True	atac	92	0.031666
rs4129585	8	142231572	A	C	True	atac	93	-0.000041
rs4129585	8	142231572	A	C	True	atac	94	0.015563
rs4129585	8	142231572	A	C	True	atac	95	0.011742
rs4129585	8	142231572	A	C	True	atac	96	-0.002929
rs4129585	8	142231572	A	C	True	atac	97	0.036825
rs4129585	8	142231572	A	C	True	atac	98	0.033831
rs4129585	8	142231572	A	C	True	atac	99	0.002653
rs4129585	8	142231572	A	C	True	atac	100	0.022506
rs4129585	8	142231572	A	C	True	atac	101	0.007039
rs4129585	8	142231572	A	C	True	atac	102	0.033614
rs4129585	8	142231572	A	C	True	atac	103	0.024828
rs4129585	8	142231572	A	C	True	atac	104	0.039062
rs4129585	8	142231572	A	C	True	atac	105	0.050723
rs4129585	8	142231572	A	C	True	atac	106	-0.002914
rs4129585	8	142231572	A	C	True	atac	107	0.038879
rs4129585	8	142231572	A	C	True	atac	108	0.035607
rs4129585	8	142231572	A	C	True	atac	109	0.026880
rs4129585	8	142231572	A	C	True	atac	110	0.021791
rs4129585	8	142231572	A	C	True	atac	111	0.027821
rs4129585	8	142231572	A	C	True	atac	112	0.015270
rs4129585	8	142231572	A	C	True	atac	113	0.005301
rs4129585	8	142231572	A	C	True	atac	114	0.014926
rs4129585	8	142231572	A	C	True	atac	115	0.012287
rs4129585	8	142231572	A	C	True	atac	116	0.049622
rs4129585	8	142231572	A	C	True	atac	117	0.047789
rs4129585	8	142231572	A	C	True	atac	118	0.009895
rs4129585	8	142231572	A	C	True	atac	119	0.015073
rs4129585	8	142231572	A	C	True	atac	120	0.026144
rs4129585	8	142231572	A	C	True	atac	121	0.067537
rs4129585	8	142231572	A	C	True	atac	122	0.047397
rs4129585	8	142231572	A	C	True	atac	123	0.012640
rs4129585	8	142231572	A	C	True	atac	124	0.016456
rs4129585	8	142231572	A	C	True	atac	125	-0.003477
rs4129585	8	142231572	A	C	True	atac	126	0.040414
rs4129585	8	142231572	A	C	True	atac	127	0.039269
rs4129585	8	142231572	A	C	True	atac	128	0.045748
rs4129585	8	142231572	A	C	True	atac	129	0.046754
rs4129585	8	142231572	A	C	True	atac	130	0.053102
rs4129585	8	142231572	A	C	True	atac	131	0.033911
rs4129585	8	142231572	A	C	True	atac	132	0.003525
rs4129585	8	142231572	A	C	True	atac	133	0.050824
rs4129585	8	142231572	A	C	True	atac	134	0.087587
rs4129585	8	142231572	A	C	True	atac	135	0.113869
rs4129585	8	142231572	A	C	True	atac	136	0.037638
rs4129585	8	142231572	A	C	True	atac	137	-0.052367
rs4129585	8	142231572	A	C	True	atac	138	0.031187
rs4129585	8	142231572	A	C	True	atac	139	0.030208
rs4129585	8	142231572	A	C	True	atac	140	0.041999
rs4129585	8	142231572	A	C	True	atac	141	0.060373
rs4129585	8	142231572	A	C	True	atac	142	0.062545
rs4129585	8	142231572	A	C	True	atac	143	0.025880
rs4129585	8	142231572	A	C	True	atac	144	0.034748
rs4129585	8	142231572	A	C	True	atac	145	0.032274
rs4129585	8	142231572	A	C	True	atac	146	0.055546
rs4129585	8	142231572	A	C	True	atac	147	0.082474
rs4129585	8	142231572	A	C	True	atac	148	0.024958
rs4129585	8	142231572	A	C	True	atac	149	0.034934
rs4129585	8	142231572	A	C	True	atac	150	0.016416
rs4129585	8	142231572	A	C	True	atac	151	0.005788
rs4129585	8	142231572	A	C	True	atac	152	0.022950
rs4129585	8	142231572	A	C	True	atac	153	0.001670
rs4129585	8	142231572	A	C	True	atac	154	-0.003415
rs4129585	8	142231572	A	C	True	atac	155	0.014805
rs4129585	8	142231572	A	C	True	atac	156	0.027184
rs4129585	8	142231572	A	C	True	atac	157	0.121126
rs4129585	8	142231572	A	C	True	atac	158	0.034553
rs4129585	8	142231572	A	C	True	atac	159	0.009704
rs4129585	8	142231572	A	C	True	atac	160	0.069208
rs4129585	8	142231572	A	C	True	atac	161	0.034093
rs4129585	8	142231572	A	C	True	atac	162	0.025506
rs4129585	8	142231572	A	C	True	atac	163	0.049634
rs4129585	8	142231572	A	C	True	atac	164	-0.015219
rs4129585	8	142231572	A	C	True	atac	165	0.008569
rs4129585	8	142231572	A	C	True	atac	166	0.052509
rs4129585	8	142231572	A	C	True	atac	167	0.000000
rs4129585	8	142231572	A	C	True	atac	168	0.000000
rs4129585	8	142231572	A	C	True	atac	169	0.000000
rs4129585	8	142231572	A	C	True	atac	170	0.000000
rs4129585	8	142231572	A	C	True	atac	171	0.000000
rs4129585	8	142231572	A	C	True	atac	172	0.000000
rs4129585	8	142231572	A	C	True	atac	173	0.000000
rs4129585	8	142231572	A	C	True	atac	174	0.000000
rs4129585	8	142231572	A	C	True	atac	175	0.000000
rs4129585	8	142231572	A	C	True	atac	176	0.000000
rs4129585	8	142231572	A	C	True	atac	177	0.000000
rs4129585	8	142231572	A	C	True	atac	178	0.000000
rs4129585	8	142231572	A	C	True	atac	179	0.000000
rs4129585	8	142231572	A	C	True	atac	180	0.000000
rs4129585	8	142231572	A	C	True	atac	181	0.000000
rs4129585	8	142231572	A	C	True	atac	182	0.000000
rs4129585	8	142231572	A	C	True	atac	183	0.000000
rs4129585	8	142231572	A	C	True	atac	184	0.000000
rs4129585	8	142231572	A	C	True	atac	185	0.000000
rs4129585	8	142231572	A	C	True	atac	186	0.000000
rs4129585	8	142231572	A	C	True	atac	187	0.000000
rs4129585	8	142231572	A	C	True	atac	188	0.000000
rs4129585	8	142231572	A	C	True	atac	189	0.000000
rs4129585	8	142231572	A	C	True	atac	190	0.000000
rs4129585	8	142231572	A	C	True	atac	191	0.000000
rs4129585	8	142231572	A	C	True	atac	192	0.000000
rs4129585	8	142231572	A	C	True	atac	193	0.000000
rs4129585	8	142231572	A	C	True	atac	194	0.000000
rs4129585	8	142231572	A	C	True	atac	195	0.000000
rs4129585	8	142231572	A	C	True	atac	196	0.000000
rs4129585	8	142231572	A	C	True	atac	197	0.000000
rs4129585	8	142231572	A	C	True	atac	198	0.000000
rs4129585	8	142231572	A	C	True	atac	199	0.000000
rs4129585	8	142231572	A	C	True	atac	200	0.000000
rs4129585	8	142231572	A	C	True	atac	201	0.000000
rs4129585	8	142231572	A	C	True	atac	202	0.000000
rs4129585	8	142231572	A	C	True	atac	203	0.000000
rs4129585	8	142231572	A	C	True	atac	204	0.000000
rs4129585	8	142231572	A	C	True	atac	205	0.000000
rs4129585	8	142231572	A	C	True	atac	206	0.000000
rs4129585	8	142231572	A	C	True	atac	207	0.000000
rs4129585	8	142231572	A	C	True	atac	208	0.000000
rs4129585	8	142231572	A	C	True	atac	209	0.000000
rs4129585	8	142231572	A	C	True	atac	210	0.000000
rs4129585	8	142231572	A	C	True	atac	211	0.000000
rs4129585	8	142231572	A	C	True	atac	212	0.000000
rs4129585	8	142231572	A	C	True	atac	213	0.000000
rs4129585	8	142231572	A	C	True	atac	214	0.000000
rs4129585	8	142231572	A	C	True	atac	215	0.000000
rs4129585	8	142231572	A	C	True	atac	216	0.000000
rs4129585	8	142231572	A	C	True	atac	217	0.000000
rs4129585	8	142231572	A	C	True	atac	218	0.000000
rs4129585	8	142231572	A	C	True	atac	219	0.000000
rs4129585	8	142231572	A	C	True	atac	220	0.000000
rs4129585	8	142231572	A	C	True	atac	221	0.000000
rs4129585	8	142231572	A	C	True	atac	222	0.000000
rs4129585	8	142231572	A	C	True	atac	223	0.000000
rs4129585	8	142231572	A	C	True	atac	224	0.000000
rs4129585	8	142231572	A	C	True	atac	225	0.000000
rs4129585	8	142231572	A	C	True	atac	226	0.000000
rs4129585	8	142231572	A	C	True	atac	227	0.000000
rs4129585	8	142231572	A	C	True	atac	228	0.000000
rs4129585	8	142231572	A	C	True	atac	229	0.000000
rs4129585	8	142231572	A	C	True	atac	230	0.000000
rs4129585	8	142231572	A	C	True	atac	231	0.000000
rs4129585	8	142231572	A	C	True	atac	232	0.000000
rs4129585	8	142231572	A	C	True	atac	233	0.000000
rs4129585	8	142231572	A	C	True	atac	234	0.000000
rs4129585	8	142231572	A	C	True	atac	235	0.000000
rs4129585	8	142231572	A	C	True	atac	236	0.000000
rs4129585	8	142231572	A	C	True	atac	237	0.000000
rs4129585	8	142231572	A	C	True	atac	238	0.000000
rs4129585	8	142231572	A	C	True	atac	239	0.000000
rs4129585	8	142231572	A	C	True	atac	240	0.000000
rs4129585	8	142231572	A	C	True	atac	241	0.000000
rs4129585	8	142231572	A	C	True	atac	242	0.000000
rs4129585	8	142231572	A	C	True	atac	243	0.000000
rs4129585	8	142231572	A	C	True	atac	244	0.000000
rs4129585	8	142231572	A	C	True	atac	245	0.000000
rs4129585	8	142231572	A	C	True	atac	246	0.000000
rs4129585	8	142231572	A	C	True	atac	247	0.000000
rs4129585	8	142231572	A	C	True	atac	248	0.000000
rs4129585	8	142231572	A	C	True	atac	249	0.000000
rs4129585	8	142231572	A	C	True	atac	250	0.000000
rs4129585	8	142231572	A	C	True	atac	251	0.000000
rs4129585	8	142231572	A	C	True	atac	252	0.000000
rs4129585	8	142231572	A	C	True	atac	253	0.000000
rs4129585	8	142231572	A	C	True	atac	254	0.000000
rs4129585	8	142231572	A	C	True	atac	255	0.000000
rs4129585	8	142231572	A	C	True	dnase	0	0.102165
rs4129585	8	142231572	A	C	True	dnase	1	0.046542
rs4129585	8	142231572	A	C	True	dnase	2	0.118296
rs4129585	8	142231572	A	C	True	dnase	3	0.013553
rs4129585	8	142231572	A	C	True	dnase	4	0.144671
rs4129585	8	142231572	A	C	True	dnase	5	0.053910
rs4129585	8	142231572	A	C	True	dnase	6	0.042549
rs4129585	8	142231572	A	C	True	dnase	7	0.065431
rs4129585	8	142231572	A	C	True	dnase	8	0.195776
rs4129585	8	142231572	A	C	True	dnase	9	0.059018
rs4129585	8	142231572	A	C	True	dnase	10	0.154198
rs4129585	8	142231572	A	C	True	dnase	11	-0.009538
rs4129585	8	142231572	A	C	True	dnase	12	-0.024222
rs4129585	8	142231572	A	C	True	dnase	13	0.105861
rs4129585	8	142231572	A	C	True	dnase	14	0.081122
rs4129585	8	142231572	A	C	True	dnase	15	0.038123
rs4129585	8	142231572	A	C	True	dnase	16	0.046103
rs4129585	8	142231572	A	C	True	dnase	17	0.011573
rs4129585	8	142231572	A	C	True	dnase	18	0.030965
rs4129585	8	142231572	A	C	True	dnase	19	0.023527
rs4129585	8	142231572	A	C	True	dnase	20	-0.010096
rs4129585	8	142231572	A	C	True	dnase	21	0.053711
rs4129585	8	142231572	A	C	True	dnase	22	0.016205
rs4129585	8	142231572	A	C	True	dnase	23	0.123395
rs4129585	8	142231572	A	C	True	dnase	24	0.109563
rs4129585	8	142231572	A	C	True	dnase	25	0.020261
rs4129585	8	142231572	A	C	True	dnase	26	-0.011186
rs4129585	8	142231572	A	C	True	dnase	27	0.019263
rs4129585	8	142231572	A	C	True	dnase	28	0.043078
rs4129585	8	142231572	A	C	True	dnase	29	0.138104
rs4129585	8	142231572	A	C	True	dnase	30	0.094438
rs4129585	8	142231572	A	C	True	dnase	31	0.095152
rs4129585	8	142231572	A	C	True	dnase	32	0.048636
rs4129585	8	142231572	A	C	True	dnase	33	0.035204
rs4129585	8	142231572	A	C	True	dnase	34	0.042679
rs4129585	8	142231572	A	C	True	dnase	35	0.039070
rs4129585	8	142231572	A	C	True	dnase	36	0.029818
rs4129585	8	142231572	A	C	True	dnase	37	0.023611
rs4129585	8	142231572	A	C	True	dnase	38	0.027058
rs4129585	8	142231572	A	C	True	dnase	39	0.036530
rs4129585	8	142231572	A	C	True	dnase	40	0.034978
rs4129585	8	142231572	A	C	True	dnase	41	0.030570
rs4129585	8	142231572	A	C	True	dnase	42	0.038057
rs4129585	8	142231572	A	C	True	dnase	43	0.002817
rs4129585	8	142231572	A	C	True	dnase	44	0.200180
rs4129585	8	142231572	A	C	True	dnase	45	0.046873
rs4129585	8	142231572	A	C	True	dnase	46	0.033994
rs4129585	8	142231572	A	C	True	dnase	47	0.016150
rs4129585	8	142231572	A	C	True	dnase	48	0.149275
rs4129585	8	142231572	A	C	True	dnase	49	0.041059
rs4129585	8	142231572	A	C	True	dnase	50	0.093445
rs4129585	8	142231572	A	C	True	dnase	51	0.108214
rs4129585	8	142231572	A	C	True	dnase	52	0.106929
rs4129585	8	142231572	A	C	True	dnase	53	0.113781
rs4129585	8	142231572	A	C	True	dnase	54	0.143902
rs4129585	8	142231572	A	C	True	dnase	55	0.043414
rs4129585	8	142231572	A	C	True	dnase	56	0.120254
rs4129585	8	142231572	A	C	True	dnase	57	0.028326
rs4129585	8	142231572	A	C	True	dnase	58	0.082710
rs4129585	8	142231572	A	C	True	dnase	59	-0.015167
rs4129585	8	142231572	A	C	True	dnase	60	0.036680
rs4129585	8	142231572	A	C	True	dnase	61	-0.022488
rs4129585	8	142231572	A	C	True	dnase	62	0.047606
rs4129585	8	142231572	A	C	True	dnase	63	0.044551
rs4129585	8	142231572	A	C	True	dnase	64	0.111583
rs4129585	8	142231572	A	C	True	dnase	65	0.087366
rs4129585	8	142231572	A	C	True	dnase	66	0.068853
rs4129585	8	142231572	A	C	True	dnase	67	0.149534
rs4129585	8	142231572	A	C	True	dnase	68	0.049550
rs4129585	8	142231572	A	C	True	dnase	69	0.075547
rs4129585	8	142231572	A	C	True	dnase	70	0.025319
rs4129585	8	142231572	A	C	True	dnase	71	0.127601
rs4129585	8	142231572	A	C	True	dnase	72	0.113649
rs4129585	8	142231572	A	C	True	dnase	73	0.022963
rs4129585	8	142231572	A	C	True	dnase	74	0.086544
rs4129585	8	142231572	A	C	True	dnase	75	0.076970
rs4129585	8	142231572	A	C	True	dnase	76	0.065090
rs4129585	8	142231572	A	C	True	dnase	77	0.192649
rs4129585	8	142231572	A	C	True	dnase	78	0.046096
rs4129585	8	142231572	A	C	True	dnase	79	0.069044
rs4129585	8	142231572	A	C	True	dnase	80	0.171329
rs4129585	8	142231572	A	C	True	dnase	81	0.098966
rs4129585	8	142231572	A	C	True	dnase	82	0.007616
rs4129585	8	142231572	A	C	True	dnase	83	0.148951
rs4129585	8	142231572	A	C	True	dnase	84	0.082260
rs4129585	8	142231572	A	C	True	dnase	85	-0.008336
rs4129585	8	142231572	A	C	True	dnase	86	0.081947
rs4129585	8	142231572	A	C	True	dnase	87	0.015243
rs4129585	8	142231572	A	C	True	dnase	88	0.113663
rs4129585	8	142231572	A	C	True	dnase	89	0.074447
rs4129585	8	142231572	A	C	True	dnase	90	0.054677
rs4129585	8	142231572	A	C	True	dnase	91	0.040387
rs4129585	8	142231572	A	C	True	dnase	92	0.136649
rs4129585	8	142231572	A	C	True	dnase	93	0.110495
rs4129585	8	142231572	A	C	True	dnase	94	0.181344
rs4129585	8	142231572	A	C	True	dnase	95	0.023943
rs4129585	8	142231572	A	C	True	dnase	96	0.059435
rs4129585	8	142231572	A	C	True	dnase	97	0.035231
rs4129585	8	142231572	A	C	True	dnase	98	0.097679
rs4129585	8	142231572	A	C	True	dnase	99	0.075199
rs4129585	8	142231572	A	C	True	dnase	100	-0.009685
rs4129585	8	142231572	A	C	True	dnase	101	0.007240
rs4129585	8	142231572	A	C	True	dnase	102	-0.007002
rs4129585	8	142231572	A	C	True	dnase	103	0.052404
rs4129585	8	142231572	A	C	True	dnase	104	0.071321
rs4129585	8	142231572	A	C	True	dnase	105	0.009268
rs4129585	8	142231572	A	C	True	dnase	106	0.215280
rs4129585	8	142231572	A	C	True	dnase	107	0.112458
rs4129585	8	142231572	A	C	True	dnase	108	0.129939
rs4129585	8	142231572	A	C	True	dnase	109	0.045404
rs4129585	8	142231572	A	C	True	dnase	110	0.171425
rs4129585	8	142231572	A	C	True	dnase	111	0.024036
rs4129585	8	142231572	A	C	True	dnase	112	0.212418
rs4129585	8	142231572	A	C	True	dnase	113	0.321243
rs4129585	8	142231572	A	C	True	dnase	114	0.182711
rs4129585	8	142231572	A	C	True	dnase	115	0.212141
rs4129585	8	142231572	A	C	True	dnase	116	0.422188
rs4129585	8	142231572	A	C	True	dnase	117	0.098669
rs4129585	8	142231572	A	C	True	dnase	118	0.104554
rs4129585	8	142231572	A	C	True	dnase	119	0.140451
rs4129585	8	142231572	A	C	True	dnase	120	0.085995
rs4129585	8	142231572	A	C	True	dnase	121	0.084273
rs4129585	8	142231572	A	C	True	dnase	122	0.092003
rs4129585	8	142231572	A	C	True	dnase	123	0.168328
rs4129585	8	142231572	A	C	True	dnase	124	0.092029
rs4129585	8	142231572	A	C	True	dnase	125	0.198069
rs4129585	8	142231572	A	C	True	dnase	126	0.056225
rs4129585	8	142231572	A	C	True	dnase	127	-0.000915
rs4129585	8	142231572	A	C	True	dnase	128	0.156915
rs4129585	8	142231572	A	C	True	dnase	129	0.057866
rs4129585	8	142231572	A	C	True	dnase	130	0.148959
rs4129585	8	142231572	A	C	True	dnase	131	0.095744
rs4129585	8	142231572	A	C	True	dnase	132	0.134371
rs4129585	8	142231572	A	C	True	dnase	133	0.013166
rs4129585	8	142231572	A	C	True	dnase	134	0.096279
rs4129585	8	142231572	A	C	True	dnase	135	0.005535
rs4129585	8	142231572	A	C	True	dnase	136	0.002339
rs4129585	8	142231572	A	C	True	dnase	137	-0.034872
rs4129585	8	142231572	A	C	True	dnase	138	0.001630
rs4129585	8	142231572	A	C	True	dnase	139	-0.002032
rs4129585	8	142231572	A	C	True	dnase	140	0.010185
rs4129585	8	142231572	A	C	True	dnase	141	0.019533
rs4129585	8	142231572	A	C	True	dnase	142	0.138829
rs4129585	8	142231572	A	C	True	dnase	143	0.065101
rs4129585	8	142231572	A	C	True	dnase	144	0.288098
rs4129585	8	142231572	A	C	True	dnase	145	0.085856
rs4129585	8	142231572	A	C	True	dnase	146	-0.027213
rs4129585	8	142231572	A	C	True	dnase	147	0.103930
rs4129585	8	142231572	A	C	True	dnase	148	0.089024
rs4129585	8	142231572	A	C	True	dnase	149	0.041487
rs4129585	8	142231572	A	C	True	dnase	150	0.127649
rs4129585	8	142231572	A	C	True	dnase	151	0.171906
rs4129585	8	142231572	A	C	True	dnase	152	0.108334
rs4129585	8	142231572	A	C	True	dnase	153	-0.022061
rs4129585	8	142231572	A	C	True	dnase	154	0.107033
rs4129585	8	142231572	A	C	True	dnase	155	0.053139
rs4129585	8	142231572	A	C	True	dnase	156	0.054633
rs4129585	8	142231572	A	C	True	dnase	157	-0.008952
rs4129585	8	142231572	A	C	True	dnase	158	0.009514
rs4129585	8	142231572	A	C	True	dnase	159	0.029250
rs4129585	8	142231572	A	C	True	dnase	160	0.030681
rs4129585	8	142231572	A	C	True	dnase	161	0.077331
rs4129585	8	142231572	A	C	True	dnase	162	-0.036608
rs4129585	8	142231572	A	C	True	dnase	163	0.238801
rs4129585	8	142231572	A	C	True	dnase	164	0.115423
rs4129585	8	142231572	A	C	True	dnase	165	0.061678
rs4129585	8	142231572	A	C	True	dnase	166	0.052534
rs4129585	8	142231572	A	C	True	dnase	167	0.083083
rs4129585	8	142231572	A	C	True	dnase	168	0.062288
rs4129585	8	142231572	A	C	True	dnase	169	0.111897
rs4129585	8	142231572	A	C	True	dnase	170	0.122878
rs4129585	8	142231572	A	C	True	dnase	171	0.014827
rs4129585	8	142231572	A	C	True	dnase	172	0.090122
rs4129585	8	142231572	A	C	True	dnase	173	0.051652
rs4129585	8	142231572	A	C	True	dnase	174	-0.020811
rs4129585	8	142231572	A	C	True	dnase	175	0.103708
rs4129585	8	142231572	A	C	True	dnase	176	0.184847
rs4129585	8	142231572	A	C	True	dnase	177	0.051528
rs4129585	8	142231572	A	C	True	dnase	178	-0.055648
rs4129585	8	142231572	A	C	True	dnase	179	0.184145
rs4129585	8	142231572	A	C	True	dnase	180	0.303389
rs4129585	8	142231572	A	C	True	dnase	181	0.260161
rs4129585	8	142231572	A	C	True	dnase	182	0.268003
rs4129585	8	142231572	A	C	True	dnase	183	0.104819
rs4129585	8	142231572	A	C	True	dnase	184	0.019699
rs4129585	8	142231572	A	C	True	dnase	185	0.067860
rs4129585	8	142231572	A	C	True	dnase	186	0.000367
rs4129585	8	142231572	A	C	True	dnase	187	0.116075
rs4129585	8	142231572	A	C	True	dnase	188	0.090821
rs4129585	8	142231572	A	C	True	dnase	189	0.011394
rs4129585	8	142231572	A	C	True	dnase	190	0.135672
rs4129585	8	142231572	A	C	True	dnase	191	0.064120
rs4129585	8	142231572	A	C	True	dnase	192	0.051830
rs4129585	8	142231572	A	C	True	dnase	193	0.149370
rs4129585	8	142231572	A	C	True	dnase	194	0.074085
rs4129585	8	142231572	A	C	True	dnase	195	0.160471
rs4129585	8	142231572	A	C	True	dnase	196	0.184110
rs4129585	8	142231572	A	C	True	dnase	197	0.175356
rs4129585	8	142231572	A	C	True	dnase	198	0.076279
rs4129585	8	142231572	A	C	True	dnase	199	0.106019
rs4129585	8	142231572	A	C	True	dnase	200	0.104482
rs4129585	8	142231572	A	C	True	dnase	201	0.086413
rs4129585	8	142231572	A	C	True	dnase	202	0.038614
rs4129585	8	142231572	A	C	True	dnase	203	0.037629
rs4129585	8	142231572	A	C	True	dnase	204	0.038849
rs4129585	8	142231572	A	C	True	dnase	205	0.043704
rs4129585	8	142231572	A	C	True	dnase	206	0.257018
rs4129585	8	142231572	A	C	True	dnase	207	0.005529
rs4129585	8	142231572	A	C	True	dnase	208	0.044284
rs4129585	8	142231572	A	C	True	dnase	209	0.033275
rs4129585	8	142231572	A	C	True	dnase	210	0.089649
rs4129585	8	142231572	A	C	True	dnase	211	0.053715
rs4129585	8	142231572	A	C	True	dnase	212	0.153805
rs4129585	8	142231572	A	C	True	dnase	213	0.114869
rs4129585	8	142231572	A	C	True	dnase	214	0.037913
rs4129585	8	142231572	A	C	True	dnase	215	0.016037
rs4129585	8	142231572	A	C	True	dnase	216	0.005464
rs4129585	8	142231572	A	C	True	dnase	217	0.082080
rs4129585	8	142231572	A	C	True	dnase	218	-0.000522
rs4129585	8	142231572	A	C	True	dnase	219	0.057080
rs4129585	8	142231572	A	C	True	dnase	220	0.113560
rs4129585	8	142231572	A	C	True	dnase	221	0.017324
rs4129585	8	142231572	A	C	True	dnase	222	0.127467
rs4129585	8	142231572	A	C	True	dnase	223	0.120743
rs4129585	8	142231572	A	C	True	dnase	224	0.068672
rs4129585	8	142231572	A	C	True	dnase	225	0.043373
rs4129585	8	142231572	A	C	True	dnase	226	0.068976
rs4129585	8	142231572	A	C	True	dnase	227	0.025372
rs4129585	8	142231572	A	C	True	dnase	228	0.048834
rs4129585	8	142231572	A	C	True	dnase	229	0.037674
rs4129585	8	142231572	A	C	True	dnase	230	0.022835
rs4129585	8	142231572	A	C	True	dnase	231	0.059143
rs4129585	8	142231572	A	C	True	dnase	232	0.025338
rs4129585	8	142231572	A	C	True	dnase	233	0.042828
rs4129585	8	142231572	A	C	True	dnase	234	0.032916
rs4129585	8	142231572	A	C	True	dnase	235	0.203377
rs4129585	8	142231572	A	C	True	dnase	236	0.072350
rs4129585	8	142231572	A	C	True	dnase	237	0.034769
rs4129585	8	142231572	A	C	True	dnase	238	-0.003404
rs4129585	8	142231572	A	C	True	dnase	239	0.098235
rs4129585	8	142231572	A	C	True	dnase	240	0.024414
rs4129585	8	142231572	A	C	True	dnase	241	0.106035
rs4129585	8	142231572	A	C	True	dnase	242	0.032517
rs4129585	8	142231572	A	C	True	dnase	243	0.015751
rs4129585	8	142231572	A	C	True	dnase	244	0.088324
rs4129585	8	142231572	A	C	True	dnase	245	0.139434
rs4129585	8	142231572	A	C	True	dnase	246	0.013630
rs4129585	8	142231572	A	C	True	dnase	247	0.033636
rs4129585	8	142231572	A	C	True	dnase	248	0.021356
rs4129585	8	142231572	A	C	True	dnase	249	0.016972
rs4129585	8	142231572	A	C	True	dnase	250	0.049626
rs4129585	8	142231572	A	C	True	dnase	251	0.019149
rs4129585	8	142231572	A	C	True	dnase	252	-0.086706
rs4129585	8	142231572	A	C	True	dnase	253	0.176969
rs4129585	8	142231572	A	C	True	dnase	254	0.060868
rs4129585	8	142231572	A	C	True	dnase	255	0.052300
rs4129585	8	142231572	A	C	True	dnase	256	0.046226
rs4129585	8	142231572	A	C	True	dnase	257	0.041434
rs4129585	8	142231572	A	C	True	dnase	258	0.029151
rs4129585	8	142231572	A	C	True	dnase	259	0.028448
rs4129585	8	142231572	A	C	True	dnase	260	-0.014380
rs4129585	8	142231572	A	C	True	dnase	261	0.006358
rs4129585	8	142231572	A	C	True	dnase	262	0.052225
rs4129585	8	142231572	A	C	True	dnase	263	0.050397
rs4129585	8	142231572	A	C	True	dnase	264	0.151325
rs4129585	8	142231572	A	C	True	dnase	265	0.054496
rs4129585	8	142231572	A	C	True	dnase	266	0.051352
rs4129585	8	142231572	A	C	True	dnase	267	0.058197
rs4129585	8	142231572	A	C	True	dnase	268	-0.009708
rs4129585	8	142231572	A	C	True	dnase	269	0.114284
rs4129585	8	142231572	A	C	True	dnase	270	0.033119
rs4129585	8	142231572	A	C	True	dnase	271	0.059757
rs4129585	8	142231572	A	C	True	dnase	272	0.037012
rs4129585	8	142231572	A	C	True	dnase	273	0.010883
rs4129585	8	142231572	A	C	True	dnase	274	0.088737
rs4129585	8	142231572	A	C	True	dnase	275	0.061357
rs4129585	8	142231572	A	C	True	dnase	276	-0.017340
rs4129585	8	142231572	A	C	True	dnase	277	0.082002
rs4129585	8	142231572	A	C	True	dnase	278	0.099761
rs4129585	8	142231572	A	C	True	dnase	279	0.013105
rs4129585	8	142231572	A	C	True	dnase	280	0.235502
rs4129585	8	142231572	A	C	True	dnase	281	0.169006
rs4129585	8	142231572	A	C	True	dnase	282	0.054966
rs4129585	8	142231572	A	C	True	dnase	283	0.066318
rs4129585	8	142231572	A	C	True	dnase	284	0.215572
rs4129585	8	142231572	A	C	True	dnase	285	0.014501
rs4129585	8	142231572	A	C	True	dnase	286	0.036775
rs4129585	8	142231572	A	C	True	dnase	287	0.033859
rs4129585	8	142231572	A	C	True	dnase	288	0.049930
rs4129585	8	142231572	A	C	True	dnase	289	0.013877
rs4129585	8	142231572	A	C	True	dnase	290	0.055365
rs4129585	8	142231572	A	C	True	dnase	291	0.052203
rs4129585	8	142231572	A	C	True	dnase	292	0.061470
rs4129585	8	142231572	A	C	True	dnase	293	-0.010773
rs4129585	8	142231572	A	C	True	dnase	294	-0.012240
rs4129585	8	142231572	A	C	True	dnase	295	0.017844
rs4129585	8	142231572	A	C	True	dnase	296	0.165441
rs4129585	8	142231572	A	C	True	dnase	297	0.170737
rs4129585	8	142231572	A	C	True	dnase	298	0.193027
rs4129585	8	142231572	A	C	True	dnase	299	0.172715
rs4129585	8	142231572	A	C	True	dnase	300	0.023858
rs4129585	8	142231572	A	C	True	dnase	301	0.073990
rs4129585	8	142231572	A	C	True	dnase	302	0.022569
rs4129585	8	142231572	A	C	True	dnase	303	0.091265
rs4129585	8	142231572	A	C	True	dnase	304	0.070684
rs4129585	8	142231572	A	C	True	dnase	305	0.000000
rs4129585	8	142231572	A	C	True	dnase	306	0.000000
rs4129585	8	142231572	A	C	True	dnase	307	0.000000
rs4129585	8	142231572	A	C	True	dnase	308	0.000000
rs4129585	8	142231572	A	C	True	dnase	309	0.000000
rs4129585	8	142231572	A	C	True	dnase	310	0.000000
rs4129585	8	142231572	A	C	True	dnase	311	0.000000
rs4129585	8	142231572	A	C	True	dnase	312	0.000000
rs4129585	8	142231572	A	C	True	dnase	313	0.000000
rs4129585	8	142231572	A	C	True	dnase	314	0.000000
rs4129585	8	142231572	A	C	True	dnase	315	0.000000
rs4129585	8	142231572	A	C	True	dnase	316	0.000000
rs4129585	8	142231572	A	C	True	dnase	317	0.000000
rs4129585	8	142231572	A	C	True	dnase	318	0.000000
rs4129585	8	142231572	A	C	True	dnase	319	0.000000
rs4129585	8	142231572	A	C	True	dnase	320	0.000000
rs4129585	8	142231572	A	C	True	dnase	321	0.000000
rs4129585	8	142231572	A	C	True	dnase	322	0.000000
rs4129585	8	142231572	A	C	True	dnase	323	0.000000
rs4129585	8	142231572	A	C	True	dnase	324	0.000000
rs4129585	8	142231572	A	C	True	dnase	325	0.000000
rs4129585	8	142231572	A	C	True	dnase	326	0.000000
rs4129585	8	142231572	A	C	True	dnase	327	0.000000
rs4129585	8	142231572	A	C	True	dnase	328	0.000000
rs4129585	8	142231572	A	C	True	dnase	329	0.000000
rs4129585	8	142231572	A	C	True	dnase	330	0.000000
rs4129585	8	142231572	A	C	True	dnase	331	0.000000
rs4129585	8	142231572	A	C	True	dnase	332	0.000000
rs4129585	8	142231572	A	C	True	dnase	333	0.000000
rs4129585	8	142231572	A	C	True	dnase	334	0.000000
rs4129585	8	142231572	A	C	True	dnase	335	0.000000
rs4129585	8	142231572	A	C	True	dnase	336	0.000000
rs4129585	8	142231572	A	C	True	dnase	337	0.000000
rs4129585	8	142231572	A	C	True	dnase	338	0.000000
rs4129585	8	142231572	A	C	True	dnase	339	0.000000
rs4129585	8	142231572	A	C	True	dnase	340	0.000000
rs4129585	8	142231572	A	C	True	dnase	341	0.000000
rs4129585	8	142231572	A	C	True	dnase	342	0.000000
rs4129585	8	142231572	A	C	True	dnase	343	0.000000
rs4129585	8	142231572	A	C	True	dnase	344	0.000000
rs4129585	8	142231572	A	C	True	dnase	345	0.000000
rs4129585	8	142231572	A	C	True	dnase	346	0.000000
rs4129585	8	142231572	A	C	True	dnase	347	0.000000
rs4129585	8	142231572	A	C	True	dnase	348	0.000000
rs4129585	8	142231572	A	C	True	dnase	349	0.000000
rs4129585	8	142231572	A	C	True	dnase	350	0.000000
rs4129585	8	142231572	A	C	True	dnase	351	0.000000
rs4129585	8	142231572	A	C	True	dnase	352	0.000000
rs4129585	8	142231572	A	C	True	dnase	353	0.000000
rs4129585	8	142231572	A	C	True	dnase	354	0.000000
rs4129585	8	142231572	A	C	True	dnase	355	0.000000
rs4129585	8	142231572	A	C	True	dnase	356	0.000000
rs4129585	8	142231572	A	C	True	dnase	357	0.000000
rs4129585	8	142231572	A	C	True	dnase	358	0.000000
rs4129585	8	142231572	A	C	True	dnase	359	0.000000
rs4129585	8	142231572	A	C	True	dnase	360	0.000000
rs4129585	8	142231572	A	C	True	dnase	361	0.000000
rs4129585	8	142231572	A	C	True	dnase	362	0.000000
rs4129585	8	142231572	A	C	True	dnase	363	0.000000
rs4129585	8	142231572	A	C	True	dnase	364	0.000000
rs4129585	8	142231572	A	C	True	dnase	365	0.000000
rs4129585	8	142231572	A	C	True	dnase	366	0.000000
rs4129585	8	142231572	A	C	True	dnase	367	0.000000
rs4129585	8	142231572	A	C	True	dnase	368	0.000000
rs4129585	8	142231572	A	C	True	dnase	369	0.000000
rs4129585	8	142231572	A	C	True	dnase	370	0.000000
rs4129585	8	142231572	A	C	True	dnase	371	0.000000
rs4129585	8	142231572	A	C	True	dnase	372	0.000000
rs4129585	8	142231572	A	C	True	dnase	373	0.000000
rs4129585	8	142231572	A	C	True	dnase	374	0.000000
rs4129585	8	142231572	A	C	True	dnase	375	0.000000
rs4129585	8	142231572	A	C	True	dnase	376	0.000000
rs4129585	8	142231572	A	C	True	dnase	377	0.000000
rs4129585	8	142231572	A	C	True	dnase	378	0.000000
rs4129585	8	142231572	A	C	True	dnase	379	0.000000
rs4129585	8	142231572	A	C	True	dnase	380	0.000000
rs4129585	8	142231572	A	C	True	dnase	381	0.000000
rs4129585	8	142231572	A	C	True	dnase	382	0.000000
rs4129585	8	142231572	A	C	True	dnase	383	0.000000
rs778371	2	232878399	A	G	True	atac	0	0.011384
rs778371	2	232878399	A	G	True	atac	1	-0.008649
rs778371	2	232878399	A	G	True	atac	2	0.041074
rs778371	2	232878399	A	G	True	atac	3	-0.003360
rs778371	2	232878399	A	G	True	atac	4	0.011928
rs778371	2	232878399	A	G	True	atac	5	0.021892
rs778371	2	232878399	A	G	True	atac	6	0.054977
rs778371	2	232878399	A	G	True	atac	7	0.043720
rs778371	2	232878399	A	G	True	atac	8	0.001119
rs778371	2	232878399	A	G	True	atac	9	-0.001650
rs778371	2	232878399	A	G	True	atac	10	0.007128
rs778371	2	232878399	A	G	True	atac	11	0.039232
rs778371	2	232878399	A	G	True	atac	12	0.022853
rs778371	2	232878399	A	G	True	atac	13	0.044908
rs778371	2	232878399	A	G	True	atac	14	0.011330
rs778371	2	232878399	A	G	True	atac	15	0.044059
rs778371	2	232878399	A	G	True	atac	16	0.023392
rs778371	2	232878399	A	G	True	atac	17	0.036326
rs778371	2	232878399	A	G	True	atac	18	0.025933
rs778371	2	232878399	A	G	True	atac	19	0.018546
rs778371	2	232878399	A	G	True	atac	20	0.034810
rs778371	2	232878399	A	G	True	atac	21	0.031958
rs778371	2	232878399	A	G	True	atac	22	0.032356
rs778371	2	232878399	A	G	True	atac	23	0.039599
rs778371	2	232878399	A	G	True	atac	24	0.038106
rs778371	2	232878399	A	G	True	atac	25	0.037321
rs778371	2	232878399	A	G	True	atac	26	0.033185
rs778371	2	232878399	A	G	True	atac	27	0.034543
rs778371	2	232878399	A	G	True	atac	28	0.043774
rs778371	2	232878399	A	G	True	atac	29	0.039589
rs778371	2	232878399	A	G	True	atac	30	0.041105
rs778371	2	232878399	A	G	True	atac	31	0.028114
rs778371	2	232878399	A	G	True	atac	32	0.053951
rs778371	2	232878399	A	G	True	atac	33	0.039487
rs778371	2	232878399	A	G	True	atac	34	0.043900
rs778371	2	232878399	A	G	True	atac	35	0.034292
rs778371	2	232878399	A	G	True	atac	36	0.029507
rs778371	2	232878399	A	G	True	atac	37	0.039191
rs778371	2	232878399	A	G	True	atac	38	0.035683
rs778371	2	232878399	A	G	True	atac	39	0.041241
rs778371	2	232878399	A	G	True	atac	40	0.030854
rs778371	2	232878399	A	G	True	atac	41	0.052898
rs778371	2	232878399	A	G	True	atac	42	0.054518
rs778371	2	232878399	A	G	True	atac	43	0.050582
rs778371	2	232878399	A	G	True	atac	44	0.046925
rs778371	2	232878399	A	G	True	atac	45	0.028404
rs778371	2	232878399	A	G	True	atac	46	0.037253
rs778371	2	232878399	A	G	True	atac	47	0.040605
rs778371	2	232878399	A	G	True	atac	48	0.023867
rs778371	2	232878399	A	G	True	atac	49	0.064035
rs778371	2	232878399	A	G	True	atac	50	0.032247
rs778371	2	232878399	A	G	True	atac	51	0.031182
rs778371	2	232878399	A	G	True	atac	52	0.034980
rs778371	2	232878399	A	G	True	atac	53	0.033790
rs778371	2	232878399	A	G	True	atac	54	0.032641
rs778371	2	232878399	A	G	True	atac	55	0.009530
rs778371	2	232878399	A	G	True	atac	56	0.008396
rs778371	2	232878399	A	G	True	atac	57	0.011430
rs778371	2	232878399	A	G	True	atac	58	0.028392
rs778371	2	232878399	A	G	True	atac	59	0.018011
rs778371	2	232878399	A	G	True	atac	60	-0.070007
rs778371	2	232878399	A	G	True	atac	61	0.026831
rs778371	2	232878399	A	G	True	atac	62	0.008504
rs778371	2	232878399	A	G	True	atac	63	0.042647
rs778371	2	232878399	A	G	True	atac	64	-0.015130
rs778371	2	232878399	A	G	True	atac	65	0.045040
rs778371	2	232878399	A	G	True	atac	66	0.075125
rs778371	2	232878399	A	G	True	atac	67	0.016253
rs778371	2	232878399	A	G	True	atac	68	0.052989
rs778371	2	232878399	A	G	True	atac	69	0.039501
rs778371	2	232878399	A	G	True	atac	70	0.038785
rs778371	2	232878399	A	G	True	atac	71	0.054592
rs778371	2	232878399	A	G	True	atac	72	0.036343
rs778371	2	232878399	A	G	True	atac	73	0.023646
rs778371	2	232878399	A	G	True	atac	74	0.031827
rs778371	2	232878399	A	G	True	atac	75	0.047975
rs778371	2	232878399	A	G	True	atac	76	0.025858
rs778371	2	232878399	A	G	True	atac	77	0.034659
rs778371	2	232878399	A	G	True	atac	78	0.036124
rs778371	2	232878399	A	G	True	atac	79	0.037425
rs778371	2	232878399	A	G	True	atac	80	0.038591
rs778371	2	232878399	A	G	True	atac	81	0.050367
rs778371	2	232878399	A	G	True	atac	82	0.032687
rs778371	2	232878399	A	G	True	atac	83	0.033287
rs778371	2	232878399	A	G	True	atac	84	0.035606
rs778371	2	232878399	A	G	True	atac	85	0.034972
rs778371	2	232878399	A	G	True	atac	86	0.032329
rs778371	2	232878399	A	G	True	atac	87	0.030957
rs778371	2	232878399	A	G	True	atac	88	0.031838
rs778371	2	232878399	A	G	True	atac	89	0.023185
rs778371	2	232878399	A	G	True	atac	90	0.024813
rs778371	2	232878399	A	G	True	atac	91	0.038467
rs778371	2	232878399	A	G	True	atac	92	0.025851
rs778371	2	232878399	A	G	True	atac	93	0.032034
rs778371	2	232878399	A	G	True	atac	94	0.024980
rs778371	2	232878399	A	G	True	atac	95	0.046551
rs778371	2	232878399	A	G	True	atac	96	0.038545
rs778371	2	232878399	A	G	True	atac	97	0.023289
rs778371	2	232878399	A	G	True	atac	98	0.030731
rs778371	2	232878399	A	G	True	atac	99	0.034505
rs778371	2	232878399	A	G	True	atac	100	0.037073
rs778371	2	232878399	A	G	True	atac	101	0.039976
rs778371	2	232878399	A	G	True	atac	102	0.028404
rs778371	2	232878399	A	G	True	atac	103	0.035943
rs778371	2	232878399	A	G	True	atac	104	0.025928
rs778371	2	232878399	A	G	True	atac	105	0.029658
rs778371	2	232878399	A	G	True	atac	106	0.034085
rs778371	2	232878399	A	G	True	atac	107	0.025725
rs778371	2	232878399	A	G	True	atac	108	0.028197
rs778371	2	232878399	A	G	True	atac	109	0.037624
rs778371	2	232878399	A	G	True	atac	110	0.049583
rs778371	2	232878399	A	G	True	atac	111	0.021248
rs778371	2	232878399	A	G	True	atac	112	0.042730
rs778371	2	232878399	A	G	True	atac	113	0.031045
rs778371	2	232878399	A	G	True	atac	114	0.039635
rs778371	2	232878399	A	G	True	atac	115	0.050097
rs778371	2	232878399	A	G	True	atac	116	0.031183
rs778371	2	232878399	A	G	True	atac	117	0.030860
rs778371	2	232878399	A	G	True	atac	118	0.048525
rs778371	2	232878399	A	G	True	atac	119	0.032942
rs778371	2	232878399	A	G	True	atac	120	-0.007128
rs778371	2	232878399	A	G	True	atac	121	-0.004794
rs778371	2	232878399	A	G	True	atac	122	-0.006162
rs778371	2	232878399	A	G	True	atac	123	0.011433
rs778371	2	232878399	A	G	True	atac	124	0.027777
rs778371	2	232878399	A	G	True	atac	125	0.009152
rs778371	2	232878399	A	G	True	atac	126	0.002202
rs778371	2	232878399	A	G	True	atac	127	-0.001788
rs778371	2	232878399	A	G	True	atac	128	-0.007071
rs778371	2	232878399	A	G	True	atac	129	-0.002506
rs778371	2	232878399	A	G	True	atac	130	-0.004400
rs778371	2	232878399	A	G	True	atac	131	0.025364
rs778371	2	232878399	A	G	True	atac	132	0.012956
rs778371	2	232878399	A	G	True	atac	133	0.000824
rs778371	2	232878399	A	G	True	atac	134	0.023960
rs778371	2	232878399	A	G	True	atac	135	0.024139
rs778371	2	232878399	A	G	True	atac	136	-0.010358
rs778371	2	232878399	A	G	True	atac	137	0.017798
rs778371	2	232878399	A	G	True	atac	138	0.007381
rs778371	2	232878399	A	G	True	atac	139	-0.010523
rs778371	2	232878399	A	G	True	atac	140	-0.008951
rs778371	2	232878399	A	G	True	atac	141	-0.009794
rs778371	2	232878399	A	G	True	atac	142	-0.007297
rs778371	2	232878399	A	G	True	atac	143	-0.004713
rs778371	2	232878399	A	G	True	atac	144	-0.007238
rs778371	2	232878399	A	G	True	atac	145	-0.001098
rs778371	2	232878399	A	G	True	atac	146	0.004837
rs778371	2	232878399	A	G	True	atac	147	0.009323
rs778371	2	232878399	A	G	True	atac	148	0.001091
rs778371	2	232878399	A	G	True	atac	149	0.004040
rs778371	2	232878399	A	G	True	atac	150	-0.002835
rs778371	2	232878399	A	G	True	atac	151	0.002459
rs778371	2	232878399	A	G	True	atac	152	0.004993
rs778371	2	232878399	A	G	True	atac	153	0.012750
rs778371	2	232878399	A	G	True	atac	154	0.004251
rs778371	2	232878399	A	G	True	atac	155	-0.003656
rs778371	2	232878399	A	G	True	atac	156	0.033676
rs778371	2	232878399	A	G	True	atac	157	0.012399
rs778371	2	232878399	A	G	True	atac	158	0.000519
rs778371	2	232878399	A	G	True	atac	159	0.003975
rs778371	2	232878399	A	G	True	atac	160	0.008021
rs778371	2	232878399	A	G	True	atac	161	-0.004514
rs778371	2	232878399	A	G	True	atac	162	0.005869
rs778371	2	232878399	A	G	True	atac	163	0.031597
rs778371	2	232878399	A	G	True	atac	164	-0.002834
rs778371	2	232878399	A	G	True	atac	165	-0.017105
rs778371	2	232878399	A	G	True	atac	166	-0.003118
rs778371	2	232878399	A	G	True	atac	167	0.000000
rs778371	2	232878399	A	G	True	atac	168	0.000000
rs778371	2	232878399	A	G	True	atac	169	0.000000
rs778371	2	232878399	A	G	True	atac	170	0.000000
rs778371	2	232878399	A	G	True	atac	171	0.000000
rs778371	2	232878399	A	G	True	atac	172	0.000000
rs778371	2	232878399	A	G	True	atac	173	0.000000
rs778371	2	232878399	A	G	True	atac	174	0.000000
rs778371	2	232878399	A	G	True	atac	175	0.000000
rs778371	2	232878399	A	G	True	atac	176	0.000000
rs778371	2	232878399	A	G	True	atac	177	0.000000
rs778371	2	232878399	A	G	True	atac	178	0.000000
rs778371	2	232878399	A	G	True	atac	179	0.000000
rs778371	2	232878399	A	G	True	atac	180	0.000000
rs778371	2	232878399	A	G	True	atac	181	0.000000
rs778371	2	232878399	A	G	True	atac	182	0.000000
rs778371	2	232878399	A	G	True	atac	183	0.000000
rs778371	2	232878399	A	G	True	atac	184	0.000000
rs778371	2	232878399	A	G	True	atac	185	0.000000
rs778371	2	232878399	A	G	True	atac	186	0.000000
rs778371	2	232878399	A	G	True	atac	187	0.000000
rs778371	2	232878399	A	G	True	atac	188	0.000000
rs778371	2	232878399	A	G	True	atac	189	0.000000
rs778371	2	232878399	A	G	True	atac	190	0.000000
rs778371	2	232878399	A	G	True	atac	191	0.000000
rs778371	2	232878399	A	G	True	atac	192	0.000000
rs778371	2	232878399	A	G	True	atac	193	0.000000
rs778371	2	232878399	A	G	True	atac	194	0.000000
rs778371	2	232878399	A	G	True	atac	195	0.000000
rs778371	2	232878399	A	G	True	atac	196	0.000000
rs778371	2	232878399	A	G	True	atac	197	0.000000
rs778371	2	232878399	A	G	True	atac	198	0.000000
rs778371	2	232878399	A	G	True	atac	199	0.000000
rs778371	2	232878399	A	G	True	atac	200	0.000000
rs778371	2	232878399	A	G	True	atac	201	0.000000
rs778371	2	232878399	A	G	True	atac	202	0.000000
rs778371	2	232878399	A	G	True	atac	203	0.000000
rs778371	2	232878399	A	G	True	atac	204	0.000000
rs778371	2	232878399	A	G	True	atac	205	0.000000
rs778371	2	232878399	A	G	True	atac	206	0.000000
rs778371	2	232878399	A	G	True	atac	207	0.000000
rs778371	2	232878399	A	G	True	atac	208	0.000000
rs778371	2	232878399	A	G	True	atac	209	0.000000
rs778371	2	232878399	A	G	True	atac	210	0.000000
rs778371	2	232878399	A	G	True	atac	211	0.000000
rs778371	2	232878399	A	G	True	atac	212	0.000000
rs778371	2	232878399	A	G	True	atac	213	0.000000
rs778371	2	232878399	A	G	True	atac	214	0.000000
rs778371	2	232878399	A	G	True	atac	215	0.000000
rs778371	2	232878399	A	G	True	atac	216	0.000000
rs778371	2	232878399	A	G	True	atac	217	0.000000
rs778371	2	232878399	A	G	True	atac	218	0.000000
rs778371	2	232878399	A	G	True	atac	219	0.000000
rs778371	2	232878399	A	G	True	atac	220	0.000000
rs778371	2	232878399	A	G	True	atac	221	0.000000
rs778371	2	232878399	A	G	True	atac	222	0.000000
rs778371	2	232878399	A	G	True	atac	223	0.000000
rs778371	2	232878399	A	G	True	atac	224	0.000000
rs778371	2	232878399	A	G	True	atac	225	0.000000
rs778371	2	232878399	A	G	True	atac	226	0.000000
rs778371	2	232878399	A	G	True	atac	227	0.000000
rs778371	2	232878399	A	G	True	atac	228	0.000000
rs778371	2	232878399	A	G	True	atac	229	0.000000
rs778371	2	232878399	A	G	True	atac	230	0.000000
rs778371	2	232878399	A	G	True	atac	231	0.000000
rs778371	2	232878399	A	G	True	atac	232	0.000000
rs778371	2	232878399	A	G	True	atac	233	0.000000
rs778371	2	232878399	A	G	True	atac	234	0.000000
rs778371	2	232878399	A	G	True	atac	235	0.000000
rs778371	2	232878399	A	G	True	atac	236	0.000000
rs778371	2	232878399	A	G	True	atac	237	0.000000
rs778371	2	232878399	A	G	True	atac	238	0.000000
rs778371	2	232878399	A	G	True	atac	239	0.000000
rs778371	2	232878399	A	G	True	atac	240	0.000000
rs778371	2	232878399	A	G	True	atac	241	0.000000
rs778371	2	232878399	A	G	True	atac	242	0.000000
rs778371	2	232878399	A	G	True	atac	243	0.000000
rs778371	2	232878399	A	G	True	atac	244	0.000000
rs778371	2	232878399	A	G	True	atac	245	0.000000
rs778371	2	232878399	A	G	True	atac	246	0.000000
rs778371	2	232878399	A	G	True	atac	247	0.000000
rs778371	2	232878399	A	G	True	atac	248	0.000000
rs778371	2	232878399	A	G	True	atac	249	0.000000
rs778371	2	232878399	A	G	True	atac	250	0.000000
rs778371	2	232878399	A	G	True	atac	251	0.000000
rs778371	2	232878399	A	G	True	atac	252	0.000000
rs778371	2	232878399	A	G	True	atac	253	0.000000
rs778371	2	232878399	A	G	True	atac	254	0.000000
rs778371	2	232878399	A	G	True	atac	255	0.000000
rs778371	2	232878399	A	G	True	dnase	0	0.013091
rs778371	2	232878399	A	G	True	dnase	1	0.018554
rs778371	2	232878399	A	G	True	dnase	2	0.023299
rs778371	2	232878399	A	G	True	dnase	3	-0.011333
rs778371	2	232878399	A	G	True	dnase	4	0.015507
rs778371	2	232878399	A	G	True	dnase	5	0.015405
rs778371	2	232878399	A	G	True	dnase	6	0.035368
rs778371	2	232878399	A	G	True	dnase	7	0.019263
rs778371	2	232878399	A	G	True	dnase	8	0.026534
rs778371	2	232878399	A	G	True	dnase	9	0.011559
rs778371	2	232878399	A	G	True	dnase	10	0.044343
rs778371	2	232878399	A	G	True	dnase	11	0.013334
rs778371	2	232878399	A	G	True	dnase	12	-0.001070
rs778371	2	232878399	A	G	True	dnase	13	0.015570
rs778371	2	232878399	A	G	True	dnase	14	0.022701
rs778371	2	232878399	A	G	True	dnase	15	0.023343
rs778371	2	232878399	A	G	True	dnase	16	0.035362
rs778371	2	232878399	A	G	True	dnase	17	0.037940
rs778371	2	232878399	A	G	True	dnase	18	0.012649
rs778371	2	232878399	A	G	True	dnase	19	0.022016
rs778371	2	232878399	A	G	True	dnase	20	0.000855
rs778371	2	232878399	A	G	True	dnase	21	0.032736
rs778371	2	232878399	A	G	True	dnase	22	0.041894
rs778371	2	232878399	A	G	True	dnase	23	0.027189
rs778371	2	232878399	A	G	True	dnase	24	-0.004382
rs778371	2	232878399	A	G	True	dnase	25	0.031473
rs778371	2	232878399	A	G	True	dnase	26	0.034606
rs778371	2	232878399	A	G	True	dnase	27	0.023211
rs778371	2	232878399	A	G	True	dnase	28	0.054575
rs778371	2	232878399	A	G	True	dnase	29	0.046424
rs778371	2	232878399	A	G	True	dnase	30	0.024916
rs778371	2	232878399	A	G	True	dnase	31	0.023878
rs778371	2	232878399	A	G	True	dnase	32	0.025701
rs778371	2	232878399	A	G	True	dnase	33	-0.005931
rs778371	2	232878399	A	G	True	dnase	34	0.026900
rs778371	2	232878399	A	G	True	dnase	35	0.018675
rs778371	2	232878399	A	G	True	dnase	36	0.019887
rs778371	2	232878399	A	G	True	dnase	37	0.007657
rs778371	2	232878399	A	G	True	dnase	38	0.021515
rs778371	2	232878399	A	G	True	dnase	39	0.009706
rs778371	2	232878399	A	G	True	dnase	40	0.026952
rs778371	2	232878399	A	G	True	dnase	41	0.005454
rs778371	2	232878399	A	G	True	dnase	42	0.000955
rs778371	2	232878399	A	G	True	dnase	43	0.025450
rs778371	2	232878399	A	G	True	dnase	44	0.101449
rs778371	2	232878399	A	G	True	dnase	45	-0.004821
rs778371	2	232878399	A	G	True	dnase	46	0.003970
rs778371	2	232878399	A	G	True	dnase	47	0.010582
rs778371	2	232878399	A	G	True	dnase	48	0.011218
rs778371	2	232878399	A	G	True	dnase	49	-0.000808
rs778371	2	232878399	A	G	True	dnase	50	-0.001073
rs778371	2	232878399	A	G	True	dnase	51	0.009561
rs778371	2	232878399	A	G	True	dnase	52	-0.005675
rs778371	2	232878399	A	G	True	dnase	53	0.021680
rs778371	2	232878399	A	G	True	dnase	54	0.016901
rs778371	2	232878399	A	G	True	dnase	55	0.013409
rs778371	2	232878399	A	G	True	dnase	56	0.037419
rs778371	2	232878399	A	G	True	dnase	57	-0.020618
rs778371	2	232878399	A	G	True	dnase	58	-0.006387
rs778371	2	232878399	A	G	True	dnase	59	-0.000272
rs778371	2	232878399	A	G	True	dnase	60	-0.005023
rs778371	2	232878399	A	G	True	dnase	61	0.012758
rs778371	2	232878399	A	G	True	dnase	62	-0.001396
rs778371	2	232878399	A	G	True	dnase	63	-0.024333
rs778371	2	232878399	A	G	True	dnase	64	-0.012303
rs778371	2	232878399	A	G	True	dnase	65	0.002238
rs778371	2	232878399	A	G	True	dnase	66	0.023026
rs778371	2	232878399	A	G	True	dnase	67	0.016306
rs778371	2	232878399	A	G	True	dnase	68	0.041567
rs778371	2	232878399	A	G	True	dnase	69	0.014156
rs778371	2	232878399	A	G	True	dnase	70	-0.001235
rs778371	2	232878399	A	G	True	dnase	71	0.035776
rs778371	2	232878399	A	G	True	dnase	72	0.005784
rs778371	2	232878399	A	G	True	dnase	73	0.010629
rs778371	2	232878399	A	G	True	dnase	74	-0.001921
rs778371	2	232878399	A	G	True	dnase	75	0.025849
rs778371	2	232878399	A	G	True	dnase	76	0.031390
rs778371	2	232878399	A	G	True	dnase	77	0.015695
rs778371	2	232878399	A	G	True	dnase	78	0.006896
rs778371	2	232878399	A	G	True	dnase	79	0.006498
rs778371	2	232878399	A	G	True	dnase	80	0.037599
rs778371	2	232878399	A	G	True	dnase	81	-0.003069
rs778371	2	232878399	A	G	True	dnase	82	-0.007159
rs778371	2	232878399	A	G	True	dnase	83	0.007229
rs778371	2	232878399	A	G	True	dnase	84	0.002699
rs778371	2	232878399	A	G	True	dnase	85	0.006663
rs778371	2	232878399	A	G	True	dnase	86	0.001393
rs778371	2	232878399	A	G	True	dnase	87	0.004009
rs778371	2	232878399	A	G	True	dnase	88	0.002447
rs778371	2	232878399	A	G	True	dnase	89	-0.000273
rs778371	2	232878399	A	G	True	dnase	90	0.000756
rs778371	2	232878399	A	G	True	dnase	91	0.018351
rs778371	2	232878399	A	G	True	dnase	92	0.009922
rs778371	2	232878399	A	G	True	dnase	93	-0.014567
rs778371	2	232878399	A	G	True	dnase	94	0.049425
rs778371	2	232878399	A	G	True	dnase	95	0.089661
rs778371	2	232878399	A	G	True	dnase	96	0.017177
rs778371	2	232878399	A	G	True	dnase	97	0.010512
rs778371	2	232878399	A	G	True	dnase	98	0.001233
rs778371	2	232878399	A	G	True	dnase	99	0.002174
rs778371	2	232878399	A	G	True	dnase	100	0.006003
rs778371	2	232878399	A	G	True	dnase	101	0.004360
rs778371	2	232878399	A	G	True	dnase	102	-0.006060
rs778371	2	232878399	A	G	True	dnase	103	0.014778
rs778371	2	232878399	A	G	True	dnase	104	0.008683
rs778371	2	232878399	A	G	True	dnase	105	0.001150
rs778371	2	232878399	A	G	True	dnase	106	0.042107
rs778371	2	232878399	A	G	True	dnase	107	0.001152
rs778371	2	232878399	A	G	True	dnase	108	0.006135
rs778371	2	232878399	A	G	True	dnase	109	0.004434
rs778371	2	232878399	A	G	True	dnase	110	0.037781
rs778371	2	232878399	A	G	True	dnase	111	-0.019472
rs778371	2	232878399	A	G	True	dnase	112	0.007491
rs778371	2	232878399	A	G	True	dnase	113	0.027170
rs778371	2	232878399	A	G	True	dnase	114	0.023013
rs778371	2	232878399	A	G	True	dnase	115	0.006481
rs778371	2	232878399	A	G	True	dnase	116	0.028387
rs778371	2	232878399	A	G	True	dnase	117	0.010158
rs778371	2	232878399	A	G	True	dnase	118	-0.063401
rs778371	2	232878399	A	G	True	dnase	119	0.007624
rs778371	2	232878399	A	G	True	dnase	120	0.014655
rs778371	2	232878399	A	G	True	dnase	121	0.019404
rs778371	2	232878399	A	G	True	dnase	122	0.006892
rs778371	2	232878399	A	G	True	dnase	123	0.020268
rs778371	2	232878399	A	G	True	dnase	124	0.004148
rs778371	2	232878399	A	G	True	dnase	125	0.029701
rs778371	2	232878399	A	G	True	dnase	126	0.026159
rs778371	2	232878399	A	G	True	dnase	127	0.004043
rs778371	2	232878399	A	G	True	dnase	128	0.030583
rs778371	2	232878399	A	G	True	dnase	129	0.023345
rs778371	2	232878399	A	G	True	dnase	130	0.037451
rs778371	2	232878399	A	G	True	dnase	131	0.026804
rs778371	2	232878399	A	G	True	dnase	132	0.014067
rs778371	2	232878399	A	G	True	dnase	133	0.021497
rs778371	2	232878399	A	G	True	dnase	134	0.008273
rs778371	2	232878399	A	G	True	dnase	135	-0.002209
rs778371	2	232878399	A	G	True	dnase	136	0.044857
rs778371	2	232878399	A	G	True	dnase	137	0.016708
rs778371	2	232878399	A	G	True	dnase	138	0.039429
rs778371	2	232878399	A	G	True	dnase	139	0.034997
rs778371	2	232878399	A	G	True	dnase	140	0.029558
rs778371	2	232878399	A	G	True	dnase	141	0.029951
rs778371	2	232878399	A	G	True	dnase	142	0.012477
rs778371	2	232878399	A	G	True	dnase	143	0.092589
rs778371	2	232878399	A	G	True	dnase	144	0.120519
rs778371	2	232878399	A	G	True	dnase	145	0.050592
rs778371	2	232878399	A	G	True	dnase	146	-0.012266
rs778371	2	232878399	A	G	True	dnase	147	0.011229
rs778371	2	232878399	A	G	True	dnase	148	0.008105
rs778371	2	232878399	A	G	True	dnase	149	0.020151
rs778371	2	232878399	A	G	True	dnase	150	0.058358
rs778371	2	232878399	A	G	True	dnase	151	-0.001360
rs778371	2	232878399	A	G	True	dnase	152	0.039886
rs778371	2	232878399	A	G	True	dnase	153	0.030316
rs778371	2	232878399	A	G	True	dnase	154	0.014109
rs778371	2	232878399	A	G	True	dnase	155	0.000925
rs778371	2	232878399	A	G	True	dnase	156	0.003131
rs778371	2	232878399	A	G	True	dnase	157	0.008099
rs778371	2	232878399	A	G	True	dnase	158	0.030094
rs778371	2	232878399	A	G	True	dnase	159	0.025571
rs778371	2	232878399	A	G	True	dnase	160	0.027176
rs778371	2	232878399	A	G	True	dnase	161	0.010318
rs778371	2	232878399	A	G	True	dnase	162	0.021890
rs778371	2	232878399	A	G	True	dnase	163	0.016528
rs778371	2	232878399	A	G	True	dnase	164	0.030082
rs778371	2	232878399	A	G	True	dnase	165	0.011010
rs778371	2	232878399	A	G	True	dnase	166	0.030250
rs778371	2	232878399	A	G	True	dnase	167	0.007167
rs778371	2	232878399	A	G	True	dnase	168	-0.002902
rs778371	2	232878399	A	G	True	dnase	169	-0.033624
rs778371	2	232878399	A	G	True	dnase	170	0.007349
rs778371	2	232878399	A	G	True	dnase	171	0.018562
rs778371	2	232878399	A	G	True	dnase	172	0.025427
rs778371	2	232878399	A	G	True	dnase	173	-0.009155
rs778371	2	232878399	A	G	True	dnase	174	0.007903
rs778371	2	232878399	A	G	True	dnase	175	0.018888
rs778371	2	232878399	A	G	True	dnase	176	-0.001629
rs778371	2	232878399	A	G	True	dnase	177	0.012921
rs778371	2	232878399	A	G	True	dnase	178	0.018005
rs778371	2	232878399	A	G	True	dnase	179	0.016001
rs778371	2	232878399	A	G	True	dnase	180	0.025998
rs778371	2	232878399	A	G	True	dnase	181	0.077304
rs778371	2	232878399	A	G	True	dnase	182	0.023820
rs778371	2	232878399	A	G	True	dnase	183	0.027502
rs778371	2	232878399	A	G	True	dnase	184	-0.015229
rs778371	2	232878399	A	G	True	dnase	185	0.010226
rs778371	2	232878399	A	G	True	dnase	186	0.022733
rs778371	2	232878399	A	G	True	dnase	187	0.085387
rs778371	2	232878399	A	G	True	dnase	188	0.032138
rs778371	2	232878399	A	G	True	dnase	189	0.001957
rs778371	2	232878399	A	G	True	dnase	190	0.037648
rs778371	2	232878399	A	G	True	dnase	191	0.021988
rs778371	2	232878399	A	G	True	dnase	192	0.021317
rs778371	2	232878399	A	G	True	dnase	193	-0.006457
rs778371	2	232878399	A	G	True	dnase	194	-0.002083
rs778371	2	232878399	A	G	True	dnase	195	-0.010098
rs778371	2	232878399	A	G	True	dnase	196	0.033793
rs778371	2	232878399	A	G	True	dnase	197	0.044197
rs778371	2	232878399	A	G	True	dnase	198	-0.010141
rs778371	2	232878399	A	G	True	dnase	199	-0.002094
rs778371	2	232878399	A	G	True	dnase	200	0.029565
rs778371	2	232878399	A	G	True	dnase	201	0.022138
rs778371	2	232878399	A	G	True	dnase	202	0.014585
rs778371	2	232878399	A	G	True	dnase	203	0.011141
rs778371	2	232878399	A	G	True	dnase	204	0.003998
rs778371	2	232878399	A	G	True	dnase	205	0.021651
rs778371	2	232878399	A	G	True	dnase	206	0.040041
rs778371	2	232878399	A	G	True	dnase	207	0.000866
rs778371	2	232878399	A	G	True	dnase	208	0.010193
rs778371	2	232878399	A	G	True	dnase	209	0.005434
rs778371	2	232878399	A	G	True	dnase	210	0.011436
rs778371	2	232878399	A	G	True	dnase	211	0.005017
rs778371	2	232878399	A	G	True	dnase	212	0.021590
rs778371	2	232878399	A	G	True	dnase	213	0.032731
rs778371	2	232878399	A	G	True	dnase	214	0.009593
rs778371	2	232878399	A	G	True	dnase	215	0.016786
rs778371	2	232878399	A	G	True	dnase	216	0.013471
rs778371	2	232878399	A	G	True	dnase	217	-0.026481
rs778371	2	232878399	A	G	True	dnase	218	0.005747
rs778371	2	232878399	A	G	True	dnase	219	0.012545
rs778371	2	232878399	A	G	True	dnase	220	0.014171
rs778371	2	232878399	A	G	True	dnase	221	0.002436
rs778371	2	232878399	A	G	True	dnase	222	0.034841
rs778371	2	232878399	A	G	True	dnase	223	0.020878
rs778371	2	232878399	A	G	True	dnase	224	0.024387
rs778371	2	232878399	A	G	True	dnase	225	-0.005391
rs778371	2	232878399	A	G	True	dnase	226	0.007486
rs778371	2	232878399	A	G	True	dnase	227	-0.007831
rs778371	2	232878399	A	G	True	dnase	228	0.014735
rs778371	2	232878399	A	G	True	dnase	229	0.008984
rs778371	2	232878399	A	G	True	dnase	230	0.010917
rs778371	2	232878399	A	G	True	dnase	231	0.012562
rs778371	2	232878399	A	G	True	dnase	232	0.014107
rs778371	2	232878399	A	G	True	dnase	233	-0.000134
rs778371	2	232878399	A	G	True	dnase	234	-0.000705
rs778371	2	232878399	A	G	True	dnase	235	0.020997
rs778371	2	232878399	A	G	True	dnase	236	0.039856
rs778371	2	232878399	A	G	True	dnase	237	0.000286
rs778371	2	232878399	A	G	True	dnase	238	-0.025379
rs778371	2	232878399	A	G	True	dnase	239	-0.013067
rs778371	2	232878399	A	G	True	dnase	240	0.004839
rs778371	2	232878399	A	G	True	dnase	241	-0.015341
rs778371	2	232878399	A	G	True	dnase	242	-0.018776
rs778371	2	232878399	A	G	True	dnase	243	0.014485
rs778371	2	232878399	A	G	True	dnase	244	0.015379
rs778371	2	232878399	A	G	True	dnase	245	-0.001783
rs778371	2	232878399	A	G	True	dnase	246	0.011507
rs778371	2	232878399	A	G	True	dnase	247	-0.000216
rs778371	2	232878399	A	G	True	dnase	248	-0.004912
rs778371	2	232878399	A	G	True	dnase	249	0.001969
rs778371	2	232878399	A	G	True	dnase	250	0.033810
rs778371	2	232878399	A	G	True	dnase	251	0.018192
rs778371	2	232878399	A	G	True	dnase	252	0.028422
rs778371	2	232878399	A	G	True	dnase	253	0.012841
rs778371	2	232878399	A	G	True	dnase	254	0.014752
rs778371	2	232878399	A	G	True	dnase	255	0.002677
rs778371	2	232878399	A	G	True	dnase	256	0.010738
rs778371	2	232878399	A	G	True	dnase	257	0.018464
rs778371	2	232878399	A	G	True	dnase	258	0.019318
rs778371	2	232878399	A	G	True	dnase	259	0.035952
rs778371	2	232878399	A	G	True	dnase	260	0.009294
rs778371	2	232878399	A	G	True	dnase	261	0.004748
rs778371	2	232878399	A	G	True	dnase	262	0.029882
rs778371	2	232878399	A	G	True	dnase	263	0.009728
rs778371	2	232878399	A	G	True	dnase	264	0.016642
rs778371	2	232878399	A	G	True	dnase	265	0.047250
rs778371	2	232878399	A	G	True	dnase	266	0.024685
rs778371	2	232878399	A	G	True	dnase	267	0.013707
rs778371	2	232878399	A	G	True	dnase	268	0.008938
rs778371	2	232878399	A	G	True	dnase	269	-0.006524
rs778371	2	232878399	A	G	True	dnase	270	0.019568
rs778371	2	232878399	A	G	True	dnase	271	0.001026
rs778371	2	232878399	A	G	True	dnase	272	0.001778
rs778371	2	232878399	A	G	True	dnase	273	0.041685
rs778371	2	232878399	A	G	True	dnase	274	0.006951
rs778371	2	232878399	A	G	True	dnase	275	0.012390
rs778371	2	232878399	A	G	True	dnase	276	-0.004141
rs778371	2	232878399	A	G	True	dnase	277	-0.019672
rs778371	2	232878399	A	G	True	dnase	278	-0.012477
rs778371	2	232878399	A	G	True	dnase	279	0.003172
rs778371	2	232878399	A	G	True	dnase	280	0.023480
rs778371	2	232878399	A	G	True	dnase	281	0.034026
rs778371	2	232878399	A	G	True	dnase	282	0.027470
rs778371	2	232878399	A	G	True	dnase	283	-0.001469
rs778371	2	232878399	A	G	True	dnase	284	0.020016
rs778371	2	232878399	A	G	True	dnase	285	-0.003246
rs778371	2	232878399	A	G	True	dnase	286	0.001338
rs778371	2	232878399	A	G	True	dnase	287	0.001487
rs778371	2	232878399	A	G	True	dnase	288	0.021387
rs778371	2	232878399	A	G	True	dnase	289	0.076808
rs778371	2	232878399	A	G	True	dnase	290	0.082336
rs778371	2	232878399	A	G	True	dnase	291	0.004332
rs778371	2	232878399	A	G	True	dnase	292	0.007031
rs778371	2	232878399	A	G	True	dnase	293	-0.016813
rs778371	2	232878399	A	G	True	dnase	294	0.002290
rs778371	2	232878399	A	G	True	dnase	295	0.019755
rs778371	2	232878399	A	G	True	dnase	296	0.013675
rs778371	2	232878399	A	G	True	dnase	297	0.015366
rs778371	2	232878399	A	G	True	dnase	298	0.017352
rs778371	2	232878399	A	G	True	dnase	299	0.016203
rs778371	2	232878399	A	G	True	dnase	300	0.008167
rs778371	2	232878399	A	G	True	dnase	301	0.017521
rs778371	2	232878399	A	G	True	dnase	302	0.011459
rs778371	2	232878399	A	G	True	dnase	303	0.012616
rs778371	2	232878399	A	G	True	dnase	304	0.013335
rs778371	2	232878399	A	G	True	dnase	305	0.000000
rs778371	2	232878399	A	G	True	dnase	306	0.000000
rs778371	2	232878399	A	G	True	dnase	307	0.000000
rs778371	2	232878399	A	G	True	dnase	308	0.000000
rs778371	2	232878399	A	G	True	dnase	309	0.000000
rs778371	2	232878399	A	G	True	dnase	310	0.000000
rs778371	2	232878399	A	G	True	dnase	311	0.000000
rs778371	2	232878399	A	G	True	dnase	312	0.000000
rs778371	2	232878399	A	G	True	dnase	313	0.000000
rs778371	2	232878399	A	G	True	dnase	314	0.000000
rs778371	2	232878399	A	G	True	dnase	315	0.000000
rs778371	2	232878399	A	G	True	dnase	316	0.000000
rs778371	2	232878399	A	G	True	dnase	317	0.000000
rs778371	2	232878399	A	G	True	dnase	318	0.000000
rs778371	2	232878399	A	G	True	dnase	319	0.000000
rs778371	2	232878399	A	G	True	dnase	320	0.000000
rs778371	2	232878399	A	G	True	dnase	321	0.000000
rs778371	2	232878399	A	G	True	dnase	322	0.000000
rs778371	2	232878399	A	G	True	dnase	323	0.000000
rs778371	2	232878399	A	G	True	dnase	324	0.000000
rs778371	2	232878399	A	G	True	dnase	325	0.000000
rs778371	2	232878399	A	G	True	dnase	326	0.000000
rs778371	2	232878399	A	G	True	dnase	327	0.000000
rs778371	2	232878399	A	G	True	dnase	328	0.000000
rs778371	2	232878399	A	G	True	dnase	329	0.000000
rs778371	2	232878399	A	G	True	dnase	330	0.000000
rs778371	2	232878399	A	G	True	dnase	331	0.000000
rs778371	2	232878399	A	G	True	dnase	332	0.000000
rs778371	2	232878399	A	G	True	dnase	333	0.000000
rs778371	2	232878399	A	G	True	dnase	334	0.000000
rs778371	2	232878399	A	G	True	dnase	335	0.000000
rs778371	2	232878399	A	G	True	dnase	336	0.000000
rs778371	2	232878399	A	G	True	dnase	337	0.000000
rs778371	2	232878399	A	G	True	dnase	338	0.000000
rs778371	2	232878399	A	G	True	dnase	339	0.000000
rs778371	2	232878399	A	G	True	dnase	340	0.000000
rs778371	2	232878399	A	G	True	dnase	341	0.000000
rs778371	2	232878399	A	G	True	dnase	342	0.000000
rs778371	2	232878399	A	G	True	dnase	343	0.000000
rs778371	2	232878399	A	G	True	dnase	344	0.000000
rs778371	2	232878399	A	G	True	dnase	345	0.000000
rs778371	2	232878399	A	G	True	dnase	346	0.000000
rs778371	2	232878399	A	G	True	dnase	347	0.000000
rs778371	2	232878399	A	G	True	dnase	348	0.000000
rs778371	2	232878399	A	G	True	dnase	349	0.000000
rs778371	2	232878399	A	G	True	dnase	350	0.000000
rs778371	2	232878399	A	G	True	dnase	351	0.000000
rs778371	2	232878399	A	G	True	dnase	352	0.000000
rs778371	2	232878399	A	G	True	dnase	353	0.000000
rs778371	2	232878399	A	G	True	dnase	354	0.000000
rs778371	2	232878399	A	G	True	dnase	355	0.000000
rs778371	2	232878399	A	G	True	dnase	356	0.000000
rs778371	2	232878399	A	G	True	dnase	357	0.000000
rs778371	2	232878399	A	G	True	dnase	358	0.000000
rs778371	2	232878399	A	G	True	dnase	359	0.000000
rs778371	2	232878399	A	G	True	dnase	360	0.000000
rs778371	2	232878399	A	G	True	dnase	361	0.000000
rs778371	2	232878399	A	G	True	dnase	362	0.000000
rs778371	2	232878399	A	G	True	dnase	363	0.000000
rs778371	2	232878399	A	G	True	dnase	364	0.000000
rs778371	2	232878399	A	G	True	dnase	365	0.000000
rs778371	2	232878399	A	G	True	dnase	366	0.000000
rs778371	2	232878399	A	G	True	dnase	367	0.000000
rs778371	2	232878399	A	G	True	dnase	368	0.000000
rs778371	2	232878399	A	G	True	dnase	369	0.000000
rs778371	2	232878399	A	G	True	dnase	370	0.000000
rs778371	2	232878399	A	G	True	dnase	371	0.000000
rs778371	2	232878399	A	G	True	dnase	372	0.000000
rs778371	2	232878399	A	G	True	dnase	373	0.000000
rs778371	2	232878399	A	G	True	dnase	374	0.000000
rs778371	2	232878399	A	G	True	dnase	375	0.000000
rs778371	2	232878399	A	G	True	dnase	376	0.000000
rs778371	2	232878399	A	G	True	dnase	377	0.000000
rs778371	2	232878399	A	G	True	dnase	378	0.000000
rs778371	2	232878399	A	G	True	dnase	379	0.000000
rs778371	2	232878399	A	G	True	dnase	380	0.000000
rs778371	2	232878399	A	G	True	dnase	381	0.000000
rs778371	2	232878399	A	G	True	dnase	382	0.000000
rs778371	2	232878399	A	G	True	dnase	383	0.000000
rs11191580	10	103146454	T	C	True	atac	0	0.036806
rs11191580	10	103146454	T	C	True	atac	1	0.080725
rs11191580	10	103146454	T	C	True	atac	2	0.038246
rs11191580	10	103146454	T	C	True	atac	3	0.034087
rs11191580	10	103146454	T	C	True	atac	4	0.053534
rs11191580	10	103146454	T	C	True	atac	5	0.041806
rs11191580	10	103146454	T	C	True	atac	6	0.040156
rs11191580	10	103146454	T	C	True	atac	7	0.054839
rs11191580	10	103146454	T	C	True	atac	8	0.033182
rs11191580	10	103146454	T	C	True	atac	9	0.061402
rs11191580	10	103146454	T	C	True	atac	10	0.049810
rs11191580	10	103146454	T	C	True	atac	11	0.048481
rs11191580	10	103146454	T	C	True	atac	12	0.042776
rs11191580	10	103146454	T	C	True	atac	13	0.051954
rs11191580	10	103146454	T	C	True	atac	14	0.002762
rs11191580	10	103146454	T	C	True	atac	15	0.022915
rs11191580	10	103146454	T	C	True	atac	16	0.021534
rs11191580	10	103146454	T	C	True	atac	17	0.029223
rs11191580	10	103146454	T	C	True	atac	18	0.021580
rs11191580	10	103146454	T	C	True	atac	19	0.018162
rs11191580	10	103146454	T	C	True	atac	20	0.029827
rs11191580	10	103146454	T	C	True	atac	21	0.036701
rs11191580	10	103146454	T	C	True	atac	22	0.029329
rs11191580	10	103146454	T	C	True	atac	23	0.029174
rs11191580	10	103146454	T	C	True	atac	24	0.029335
rs11191580	10	103146454	T	C	True	atac	25	0.024525
rs11191580	10	103146454	T	C	True	atac	26	0.027486
rs11191580	10	103146454	T	C	True	atac	27	0.025575
rs11191580	10	103146454	T	C	True	atac	28	0.029613
rs11191580	10	103146454	T	C	True	atac	29	0.030021
rs11191580	10	103146454	T	C	True	atac	30	0.016485
rs11191580	10	103146454	T	C	True	atac	31	0.015292
rs11191580	10	103146454	T	C	True	atac	32	0.003677
rs11191580	10	103146454	T	C	True	atac	33	0.016962
rs11191580	10	103146454	T	C	True	atac	34	0.017197
rs11191580	10	103146454	T	C	True	atac	35	0.025413
rs11191580	10	103146454	T	C	True	atac	36	0.020368
rs11191580	10	103146454	T	C	True	atac	37	0.022944
rs11191580	10	103146454	T	C	True	atac	38	0.012233
rs11191580	10	103146454	T	C	True	atac	39	0.018456
rs11191580	10	103146454	T	C	True	atac	40	0.012606
rs11191580	10	103146454	T	C	True	atac	41	0.033185
rs11191580	10	103146454	T	C	True	atac	42	0.017148
rs11191580	10	103146454	T	C	True	atac	43	0.020794
rs11191580	10	103146454	T	C	True	atac	44	0.026261
rs11191580	10	103146454	T	C	True	atac	45	0.028918
rs11191580	10	103146454	T	C	True	atac	46	0.035147
rs11191580	10	103146454	T	C	True	atac	47	0.022484
rs11191580	10	103146454	T	C	True	atac	48	0.020617
rs11191580	10	103146454	T	C	True	atac	49	0.031014
rs11191580	10	103146454	T	C	True	atac	50	0.020182
rs11191580	10	103146454	T	C	True	atac	51	0.027774
rs11191580	10	103146454	T	C	True	atac	52	0.024180
rs11191580	10	103146454	T	C	True	atac	53	0.017137
rs11191580	10	103146454	T	C	True	atac	54	0.020343
rs11191580	10	103146454	T	C	True	atac	55	0.051859
rs11191580	10	103146454	T	C	True	atac	56	0.057465
rs11191580	10	103146454	T	C	True	atac	57	0.098092
rs11191580	10	103146454	T	C	True	atac	58	0.097864
rs11191580	10	103146454	T	C	True	atac	59	0.069267
rs11191580	10	103146454	T	C	True	atac	60	0.117386
rs11191580	10	103146454	T	C	True	atac	61	0.107242
rs11191580	10	103146454	T	C	True	atac	62	0.061667
rs11191580	10	103146454	T	C	True	atac	63	0.044499
rs11191580	10	103146454	T	C	True	atac	64	0.053029
rs11191580	10	103146454	T	C	True	atac	65	0.029300
rs11191580	10	103146454	T	C	True	atac	66	0.059865
rs11191580	10	103146454	T	C	True	atac	67	0.070231
rs11191580	10	103146454	T	C	True	atac	68	0.025767
rs11191580	10	103146454	T	C	True	atac	69	0.028706
rs11191580	10	103146454	T	C	True	atac	70	0.026455
rs11191580	10	103146454	T	C	True	atac	71	0.019254
rs11191580	10	103146454	T	C	True	atac	72	0.031287
rs11191580	10	103146454	T	C	True	atac	73	0.024142
rs11191580	10	103146454	T	C	True	atac	74	0.027114
rs11191580	10	103146454	T	C	True	atac	75	0.033363
rs11191580	10	103146454	T	C	True	atac	76	0.023548
rs11191580	10	103146454	T	C	True	atac	77	0.022272
rs11191580	10	103146454	T	C	True	atac	78	0.018991
rs11191580	10	103146454	T	C	True	atac	79	0.028287
rs11191580	10	103146454	T	C	True	atac	80	0.027665
rs11191580	10	103146454	T	C	True	atac	81	0.028269
rs11191580	10	103146454	T	C	True	atac	82	0.023244
rs11191580	10	103146454	T	C	True	atac	83	0.019037
rs11191580	10	103146454	T	C	True	atac	84	0.023599
rs11191580	10	103146454	T	C	True	atac	85	0.023531
rs11191580	10	103146454	T	C	True	atac	86	0.030241
rs11191580	10	103146454	T	C	True	atac	87	0.025035
rs11191580	10	103146454	T	C	True	atac	88	0.025588
rs11191580	10	103146454	T	C	True	atac	89	0.016323
rs11191580	10	103146454	T	C	True	atac	90	0.022951
rs11191580	10	103146454	T	C	True	atac	91	0.026231
rs11191580	10	103146454	T	C	True	atac	92	0.023163
rs11191580	10	103146454	T	C	True	atac	93	0.023458
rs11191580	10	103146454	T	C	True	atac	94	0.020373
rs11191580	10	103146454	T	C	True	atac	95	0.016260
rs11191580	10	103146454	T	C	True	atac	96	0.029916
rs11191580	10	103146454	T	C	True	atac	97	0.033894
rs11191580	10	103146454	T	C	True	atac	98	0.022949
rs11191580	10	103146454	T	C	True	atac	99	0.023609
rs11191580	10	103146454	T	C	True	atac	100	0.031204
rs11191580	10	103146454	T	C	True	atac	101	0.027802
rs11191580	10	103146454	T	C	True	atac	102	0.026767
rs11191580	10	103146454	T	C	True	atac	103	0.030618
rs11191580	10	103146454	T	C	True	atac	104	0.025442
rs11191580	10	103146454	T	C	True	atac	105	0.019620
rs11191580	10	103146454	T	C	True	atac	106	0.021392
rs11191580	10	103146454	T	C	True	atac	107	0.021776
rs11191580	10	103146454	T	C	True	atac	108	0.026780
rs11191580	10	103146454	T	C	True	atac	109	0.020098
rs11191580	10	103146454	T	C	True	atac	110	0.024488
rs11191580	10	103146454	T	C	True	atac	111	0.013341
rs11191580	10	103146454	T	C	True	atac	112	0.023409
rs11191580	10	103146454	T	C	True	atac	113	0.024455
rs11191580	10	103146454	T	C	True	atac	114	0.031909
rs11191580	10	103146454	T	C	True	atac	115	0.020140
rs11191580	10	103146454	T	C	True	atac	116	0.018220
rs11191580	10	103146454	T	C	True	atac	117	0.023506
rs11191580	10	103146454	T	C	True	atac	118	0.015884
rs11191580	10	103146454	T	C	True	atac	119	0.024337
rs11191580	10	103146454	T	C	True	atac	120	0.106090
rs11191580	10	103146454	T	C	True	atac	121	0.095030
rs11191580	10	103146454	T	C	True	atac	122	0.102512
rs11191580	10	103146454	T	C	True	atac	123	0.069369
rs11191580	10	103146454	T	C	True	atac	124	0.085703
rs11191580	10	103146454	T	C	True	atac	125	0.087632
rs11191580	10	103146454	T	C	True	atac	126	0.094622
rs11191580	10	103146454	T	C	True	atac	127	0.100734
rs11191580	10	103146454	T	C	True	atac	128	0.103135
rs11191580	10	103146454	T	C	True	atac	129	0.102591
rs11191580	10	103146454	T	C	True	atac	130	0.101405
rs11191580	10	103146454	T	C	True	atac	131	0.082485
rs11191580	10	103146454	T	C	True	atac	132	0.121913
rs11191580	10	103146454	T	C	True	atac	133	0.129690
rs11191580	10	103146454	T	C	True	atac	134	0.081390
rs11191580	10	103146454	T	C	True	atac	135	0.084189
rs11191580	10	103146454	T	C	True	atac	136	0.122784
rs11191580	10	103146454	T	C	True	atac	137	0.110086
rs11191580	10	103146454	T	C	True	atac	138	0.080774
rs11191580	10	103146454	T	C	True	atac	139	0.086877
rs11191580	10	103146454	T	C	True	atac	140	0.077531
rs11191580	10	103146454	T	C	True	atac	141	0.090144
rs11191580	10	103146454	T	C	True	atac	142	0.092547
rs11191580	10	103146454	T	C	True	atac	143	0.059180
rs11191580	10	103146454	T	C	True	atac	144	0.073282
rs11191580	10	103146454	T	C	True	atac	145	0.080781
rs11191580	10	103146454	T	C	True	atac	146	0.099344
rs11191580	10	103146454	T	C	True	atac	147	0.085760
rs11191580	10	103146454	T	C	True	atac	148	0.094698
rs11191580	10	103146454	T	C	True	atac	149	0.079805
rs11191580	10	103146454	T	C	True	atac	150	0.086881
rs11191580	10	103146454	T	C	True	atac	151	0.102264
rs11191580	10	103146454	T	C	True	atac	152	0.051057
rs11191580	10	103146454	T	C	True	atac	153	0.061001
rs11191580	10	103146454	T	C	True	atac	154	0.097972
rs11191580	10	103146454	T	C	True	atac	155	0.114528
rs11191580	10	103146454	T	C	True	atac	156	0.103675
rs11191580	10	103146454	T	C	True	atac	157	0.054373
rs11191580	10	103146454	T	C	True	atac	158	0.090565
rs11191580	10	103146454	T	C	True	atac	159	0.075572
rs11191580	10	103146454	T	C	True	atac	160	0.093049
rs11191580	10	103146454	T	C	True	atac	161	0.082337
rs11191580	10	103146454	T	C	True	atac	162	0.109140
rs11191580	10	103146454	T	C	True	atac	163	0.103098
rs11191580	10	103146454	T	C	True	atac	164	0.072820
rs11191580	10	103146454	T	C	True	atac	165	0.126766
rs11191580	10	103146454	T	C	True	atac	166	0.138150
rs11191580	10	103146454	T	C	True	atac	167	0.000000
rs11191580	10	103146454	T	C	True	atac	168	0.000000
rs11191580	10	103146454	T	C	True	atac	169	0.000000
rs11191580	10	103146454	T	C	True	atac	170	0.000000
rs11191580	10	103146454	T	C	True	atac	171	0.000000
rs11191580	10	103146454	T	C	True	atac	172	0.000000
rs11191580	10	103146454	T	C	True	atac	173	0.000000
rs11191580	10	103146454	T	C	True	atac	174	0.000000
rs11191580	10	103146454	T	C	True	atac	175	0.000000
rs11191580	10	103146454	T	C	True	atac	176	0.000000
rs11191580	10	103146454	T	C	True	atac	177	0.000000
rs11191580	10	103146454	T	C	True	atac	178	0.000000
rs11191580	10	103146454	T	C	True	atac	179	0.000000
rs11191580	10	103146454	T	C	True	atac	180	0.000000
rs11191580	10	103146454	T	C	True	atac	181	0.000000
rs11191580	10	103146454	T	C	True	atac	182	0.000000
rs11191580	10	103146454	T	C	True	atac	183	0.000000
rs11191580	10	103146454	T	C	True	atac	184	0.000000
rs11191580	10	103146454	T	C	True	atac	185	0.000000
rs11191580	10	103146454	T	C	True	atac	186	0.000000
rs11191580	10	103146454	T	C	True	atac	187	0.000000
rs11191580	10	103146454	T	C	True	atac	188	0.000000
rs11191580	10	103146454	T	C	True	atac	189	0.000000
rs11191580	10	103146454	T	C	True	atac	190	0.000000
rs11191580	10	103146454	T	C	True	atac	191	0.000000
rs11191580	10	103146454	T	C	True	atac	192	0.000000
rs11191580	10	103146454	T	C	True	atac	193	0.000000
rs11191580	10	103146454	T	C	True	atac	194	0.000000
rs11191580	10	103146454	T	C	True	atac	195	0.000000
rs11191580	10	103146454	T	C	True	atac	196	0.000000
rs11191580	10	103146454	T	C	True	atac	197	0.000000
rs11191580	10	103146454	T	C	True	atac	198	0.000000
rs11191580	10	103146454	T	C	True	atac	199	0.000000
rs11191580	10	103146454	T	C	True	atac	200	0.000000
rs11191580	10	103146454	T	C	True	atac	201	0.000000
rs11191580	10	103146454	T	C	True	atac	202	0.000000
rs11191580	10	103146454	T	C	True	atac	203	0.000000
rs11191580	10	103146454	T	C	True	atac	204	0.000000
rs11191580	10	103146454	T	C	True	atac	205	0.000000
rs11191580	10	103146454	T	C	True	atac	206	0.000000
rs11191580	10	103146454	T	C	True	atac	207	0.000000
rs11191580	10	103146454	T	C	True	atac	208	0.000000
rs11191580	10	103146454	T	C	True	atac	209	0.000000
rs11191580	10	103146454	T	C	True	atac	210	0.000000
rs11191580	10	103146454	T	C	True	atac	211	0.000000
rs11191580	10	103146454	T	C	True	atac	212	0.000000
rs11191580	10	103146454	T	C	True	atac	213	0.000000
rs11191580	10	103146454	T	C	True	atac	214	0.000000
rs11191580	10	103146454	T	C	True	atac	215	0.000000
rs11191580	10	103146454	T	C	True	atac	216	0.000000
rs11191580	10	103146454	T	C	True	atac	217	0.000000
rs11191580	10	103146454	T	C	True	atac	218	0.000000
rs11191580	10	103146454	T	C	True	atac	219	0.000000
rs11191580	10	103146454	T	C	True	atac	220	0.000000
rs11191580	10	103146454	T	C	True	atac	221	0.000000
rs11191580	10	103146454	T	C	True	atac	222	0.000000
rs11191580	10	103146454	T	C	True	atac	223	0.000000
rs11191580	10	103146454	T	C	True	atac	224	0.000000
rs11191580	10	103146454	T	C	True	atac	225	0.000000
rs11191580	10	103146454	T	C	True	atac	226	0.000000
rs11191580	10	103146454	T	C	True	atac	227	0.000000
rs11191580	10	103146454	T	C	True	atac	228	0.000000
rs11191580	10	103146454	T	C	True	atac	229	0.000000
rs11191580	10	103146454	T	C	True	atac	230	0.000000
rs11191580	10	103146454	T	C	True	atac	231	0.000000
rs11191580	10	103146454	T	C	True	atac	232	0.000000
rs11191580	10	103146454	T	C	True	atac	233	0.000000
rs11191580	10	103146454	T	C	True	atac	234	0.000000
rs11191580	10	103146454	T	C	True	atac	235	0.000000
rs11191580	10	103146454	T	C	True	atac	236	0.000000
rs11191580	10	103146454	T	C	True	atac	237	0.000000
rs11191580	10	103146454	T	C	True	atac	238	0.000000
rs11191580	10	103146454	T	C	True	atac	239	0.000000
rs11191580	10	103146454	T	C	True	atac	240	0.000000
rs11191580	10	103146454	T	C	True	atac	241	0.000000
rs11191580	10	103146454	T	C	True	atac	242	0.000000
rs11191580	10	103146454	T	C	True	atac	243	0.000000
rs11191580	10	103146454	T	C	True	atac	244	0.000000
rs11191580	10	103146454	T	C	True	atac	245	0.000000
rs11191580	10	103146454	T	C	True	atac	246	0.000000
rs11191580	10	103146454	T	C	True	atac	247	0.000000
rs11191580	10	103146454	T	C	True	atac	248	0.000000
rs11191580	10	103146454	T	C	True	atac	249	0.000000
rs11191580	10	103146454	T	C	True	atac	250	0.000000
rs11191580	10	103146454	T	C	True	atac	251	0.000000
rs11191580	10	103146454	T	C	True	atac	252	0.000000
rs11191580	10	103146454	T	C	True	atac	253	0.000000
rs11191580	10	103146454	T	C	True	atac	254	0.000000
rs11191580	10	103146454	T	C	True	atac	255	0.000000
rs11191580	10	103146454	T	C	True	dnase	0	0.045595
rs11191580	10	103146454	T	C	True	dnase	1	0.021533
rs11191580	10	103146454	T	C	True	dnase	2	0.045045
rs11191580	10	103146454	T	C	True	dnase	3	0.094047
rs11191580	10	103146454	T	C	True	dnase	4	0.151296
rs11191580	10	103146454	T	C	True	dnase	5	0.123902
rs11191580	10	103146454	T	C	True	dnase	6	0.026743
rs11191580	10	103146454	T	C	True	dnase	7	0.068000
rs11191580	10	103146454	T	C	True	dnase	8	0.089749
rs11191580	10	103146454	T	C	True	dnase	9	0.135519
rs11191580	10	103146454	T	C	True	dnase	10	0.004182
rs11191580	10	103146454	T	C	True	dnase	11	0.022784
rs11191580	10	103146454	T	C	True	dnase	12	0.016429
rs11191580	10	103146454	T	C	True	dnase	13	0.014090
rs11191580	10	103146454	T	C	True	dnase	14	0.117723
rs11191580	10	103146454	T	C	True	dnase	15	0.015196
rs11191580	10	103146454	T	C	True	dnase	16	0.022168
rs11191580	10	103146454	T	C	True	dnase	17	0.020493
rs11191580	10	103146454	T	C	True	dnase	18	0.029625
rs11191580	10	103146454	T	C	True	dnase	19	0.019023
rs11191580	10	103146454	T	C	True	dnase	20	0.064699
rs11191580	10	103146454	T	C	True	dnase	21	0.070129
rs11191580	10	103146454	T	C	True	dnase	22	0.044881
rs11191580	10	103146454	T	C	True	dnase	23	0.104359
rs11191580	10	103146454	T	C	True	dnase	24	0.098035
rs11191580	10	103146454	T	C	True	dnase	25	0.024400
rs11191580	10	103146454	T	C	True	dnase	26	0.032643
rs11191580	10	103146454	T	C	True	dnase	27	0.018287
rs11191580	10	103146454	T	C	True	dnase	28	0.029458
rs11191580	10	103146454	T	C	True	dnase	29	0.075347
rs11191580	10	103146454	T	C	True	dnase	30	0.106153
rs11191580	10	103146454	T	C	True	dnase	31	0.129432
rs11191580	10	103146454	T	C	True	dnase	32	0.022563
rs11191580	10	103146454	T	C	True	dnase	33	0.032083
rs11191580	10	103146454	T	C	True	dnase	34	0.008892
rs11191580	10	103146454	T	C	True	dnase	35	0.021315
rs11191580	10	103146454	T	C	True	dnase	36	0.031092
rs11191580	10	103146454	T	C	True	dnase	37	0.016073
rs11191580	10	103146454	T	C	True	dnase	38	0.024269
rs11191580	10	103146454	T	C	True	dnase	39	0.012421
rs11191580	10	103146454	T	C	True	dnase	40	0.028875
rs11191580	10	103146454	T	C	True	dnase	41	0.022172
rs11191580	10	103146454	T	C	True	dnase	42	0.018789
rs11191580	10	103146454	T	C	True	dnase	43	0.106863
rs11191580	10	103146454	T	C	True	dnase	44	0.107344
rs11191580	10	103146454	T	C	True	dnase	45	0.018783
rs11191580	10	103146454	T	C	True	dnase	46	0.012802
rs11191580	10	103146454	T	C	True	dnase	47	0.049643
rs11191580	10	103146454	T	C	True	dnase	48	0.030570
rs11191580	10	103146454	T	C	True	dnase	49	0.098312
rs11191580	10	103146454	T	C	True	dnase	50	0.114848
rs11191580	10	103146454	T	C	True	dnase	51	0.068645
rs11191580	10	103146454	T	C	True	dnase	52	0.042534
rs11191580	10	103146454	T	C	True	dnase	53	0.018155
rs11191580	10	103146454	T	C	True	dnase	54	0.061427
rs11191580	10	103146454	T	C	True	dnase	55	0.102783
rs11191580	10	103146454	T	C	True	dnase	56	0.141462
rs11191580	10	103146454	T	C	True	dnase	57	0.094679
rs11191580	10	103146454	T	C	True	dnase	58	0.086367
rs11191580	10	103146454	T	C	True	dnase	59	0.129026
rs11191580	10	103146454	T	C	True	dnase	60	0.138579
rs11191580	10	103146454	T	C	True	dnase	61	0.181479
rs11191580	10	103146454	T	C	True	dnase	62	0.092786
rs11191580	10	103146454	T	C	True	dnase	63	0.131890
rs11191580	10	103146454	T	C	True	dnase	64	0.095224
rs11191580	10	103146454	T	C	True	dnase	65	0.159081
rs11191580	10	103146454	T	C	True	dnase	66	0.093786
rs11191580	10	103146454	T	C	True	dnase	67	0.147191
rs11191580	10	103146454	T	C	True	dnase	68	0.089412
rs11191580	10	103146454	T	C	True	dnase	69	0.084974
rs11191580	10	103146454	T	C	True	dnase	70	0.104075
rs11191580	10	103146454	T	C	True	dnase	71	0.069435
rs11191580	10	103146454	T	C	True	dnase	72	0.103977
rs11191580	10	103146454	T	C	True	dnase	73	0.056956
rs11191580	10	103146454	T	C	True	dnase	74	0.138517
rs11191580	10	103146454	T	C	True	dnase	75	0.050330
rs11191580	10	103146454	T	C	True	dnase	76	0.042610
rs11191580	10	103146454	T	C	True	dnase	77	0.067794
rs11191580	10	103146454	T	C	True	dnase	78	0.109447
rs11191580	10	103146454	T	C	True	dnase	79	0.089106
rs11191580	10	103146454	T	C	True	dnase	80	0.055608
rs11191580	10	103146454	T	C	True	dnase	81	0.034988
rs11191580	10	103146454	T	C	True	dnase	82	0.045914
rs11191580	10	103146454	T	C	True	dnase	83	0.018957
rs11191580	10	103146454	T	C	True	dnase	84	0.109455
rs11191580	10	103146454	T	C	True	dnase	85	0.088192
rs11191580	10	103146454	T	C	True	dnase	86	0.048725
rs11191580	10	103146454	T	C	True	dnase	87	0.121520
rs11191580	10	103146454	T	C	True	dnase	88	0.060176
rs11191580	10	103146454	T	C	True	dnase	89	0.143673
rs11191580	10	103146454	T	C	True	dnase	90	0.054793
rs11191580	10	103146454	T	C	True	dnase	91	0.105529
rs11191580	10	103146454	T	C	True	dnase	92	0.048895
rs11191580	10	103146454	T	C	True	dnase	93	0.109562
rs11191580	10	103146454	T	C	True	dnase	94	0.045720
rs11191580	10	103146454	T	C	True	dnase	95	0.050190
rs11191580	10	103146454	T	C	True	dnase	96	0.078547
rs11191580	10	103146454	T	C	True	dnase	97	0.077329
rs11191580	10	103146454	T	C	True	dnase	98	0.159095
rs11191580	10	103146454	T	C	True	dnase	99	0.169458
rs11191580	10	103146454	T	C	True	dnase	100	0.170719
rs11191580	10	103146454	T	C	True	dnase	101	0.179558
rs11191580	10	103146454	T	C	True	dnase	102	0.168002
rs11191580	10	103146454	T	C	True	dnase	103	0.067883
rs11191580	10	103146454	T	C	True	dnase	104	0.082039
rs11191580	10	103146454	T	C	True	dnase	105	0.129769
rs11191580	10	103146454	T	C	True	dnase	106	0.074807
rs11191580	10	103146454	T	C	True	dnase	107	0.041528
rs11191580	10	103146454	T	C	True	dnase	108	0.006827
rs11191580	10	103146454	T	C	True	dnase	109	0.051575
rs11191580	10	103146454	T	C	True	dnase	110	0.056609
rs11191580	10	103146454	T	C	True	dnase	111	0.099295
rs11191580	10	103146454	T	C	True	dnase	112	0.091545
rs11191580	10	103146454	T	C	True	dnase	113	0.113699
rs11191580	10	103146454	T	C	True	dnase	114	0.065424
rs11191580	10	103146454	T	C	True	dnase	115	0.036181
rs11191580	10	103146454	T	C	True	dnase	116	0.113893
rs11191580	10	103146454	T	C	True	dnase	117	0.083085
rs11191580	10	103146454	T	C	True	dnase	118	0.090647
rs11191580	10	103146454	T	C	True	dnase	119	0.072330
rs11191580	10	103146454	T	C	True	dnase	120	0.046168
rs11191580	10	103146454	T	C	True	dnase	121	0.079059
rs11191580	10	103146454	T	C	True	dnase	122	0.114332
rs11191580	10	103146454	T	C	True	dnase	123	0.038970
rs11191580	10	103146454	T	C	True	dnase	124	0.068096
rs11191580	10	103146454	T	C	True	dnase	125	0.095502
rs11191580	10	103146454	T	C	True	dnase	126	0.135902
rs11191580	10	103146454	T	C	True	dnase	127	0.140966
rs11191580	10	103146454	T	C	True	dnase	128	0.077939
rs11191580	10	103146454	T	C	True	dnase	129	0.048065
rs11191580	10	103146454	T	C	True	dnase	130	0.040413
rs11191580	10	103146454	T	C	True	dnase	131	0.115722
rs11191580	10	103146454	T	C	True	dnase	132	0.024103
rs11191580	10	103146454	T	C	True	dnase	133	0.063889
rs11191580	10	103146454	T	C	True	dnase	134	0.068020
rs11191580	10	103146454	T	C	True	dnase	135	0.192520
rs11191580	10	103146454	T	C	True	dnase	136	0.010534
rs11191580	10	103146454	T	C	True	dnase	137	0.033513
rs11191580	10	103146454	T	C	True	dnase	138	0.021024
rs11191580	10	103146454	T	C	True	dnase	139	0.019940
rs11191580	10	103146454	T	C	True	dnase	140	0.024866
rs11191580	10	103146454	T	C	True	dnase	141	0.015438
rs11191580	10	103146454	T	C	True	dnase	142	0.093698
rs11191580	10	103146454	T	C	True	dnase	143	0.103640
rs11191580	10	103146454	T	C	True	dnase	144	0.132644
rs11191580	10	103146454	T	C	True	dnase	145	0.043555
rs11191580	10	103146454	T	C	True	dnase	146	0.042885
rs11191580	10	103146454	T	C	True	dnase	147	0.123692
rs11191580	10	103146454	T	C	True	dnase	148	0.125448
rs11191580	10	103146454	T	C	True	dnase	149	0.082684
rs11191580	10	103146454	T	C	True	dnase	150	0.017069
rs11191580	10	103146454	T	C	True	dnase	151	0.082820
rs11191580	10	103146454	T	C	True	dnase	152	0.013157
rs11191580	10	103146454	T	C	True	dnase	153	0.106150
rs11191580	10	103146454	T	C	True	dnase	154	0.006973
rs11191580	10	103146454	T	C	True	dnase	155	0.087016
rs11191580	10	103146454	T	C	True	dnase	156	0.050803
rs11191580	10	103146454	T	C	True	dnase	157	0.036246
rs11191580	10	103146454	T	C	True	dnase	158	0.035782
rs11191580	10	103146454	T	C	True	dnase	159	0.016963
rs11191580	10	103146454	T	C	True	dnase	160	0.015560
rs11191580	10	103146454	T	C	True	dnase	161	0.055776
rs11191580	10	103146454	T	C	True	dnase	162	0.067934
rs11191580	10	103146454	T	C	True	dnase	163	0.137789
rs11191580	10	103146454	T	C	True	dnase	164	0.077213
rs11191580	10	103146454	T	C	True	dnase	165	0.043285
rs11191580	10	103146454	T	C	True	dnase	166	0.048477
rs11191580	10	103146454	T	C	True	dnase	167	0.066202
rs11191580	10	103146454	T	C	True	dnase	168	0.121758
rs11191580	10	103146454	T	C	True	dnase	169	0.174430
rs11191580	10	103146454	T	C	True	dnase	170	0.104168
rs11191580	10	103146454	T	C	True	dnase	171	0.142814
rs11191580	10	103146454	T	C	True	dnase	172	0.026946
rs11191580	10	103146454	T	C	True	dnase	173	0.116281
rs11191580	10	103146454	T	C	True	dnase	174	0.115580
rs11191580	10	103146454	T	C	True	dnase	175	0.078183
rs11191580	10	103146454	T	C	True	dnase	176	0.097099
rs11191580	10	103146454	T	C	True	dnase	177	0.052821
rs11191580	10	103146454	T	C	True	dnase	178	0.102306
rs11191580	10	103146454	T	C	True	dnase	179	0.124871
rs11191580	10	103146454	T	C	True	dnase	180	0.043914
rs11191580	10	103146454	T	C	True	dnase	181	0.124429
rs11191580	10	103146454	T	C	True	dnase	182	0.012472
rs11191580	10	103146454	T	C	True	dnase	183	0.036032
rs11191580	10	103146454	T	C	True	dnase	184	0.109702
rs11191580	10	103146454	T	C	True	dnase	185	0.050598
rs11191580	10	103146454	T	C	True	dnase	186	0.034490
rs11191580	10	103146454	T	C	True	dnase	187	0.037403
rs11191580	10	103146454	T	C	True	dnase	188	0.007576
rs11191580	10	103146454	T	C	True	dnase	189	0.052822
rs11191580	10	103146454	T	C	True	dnase	190	0.090786
rs11191580	10	103146454	T	C	True	dnase	191	0.047820
rs11191580	10	103146454	T	C	True	dnase	192	0.048517
rs11191580	10	103146454	T	C	True	dnase	193	0.171216
rs11191580	10	103146454	T	C	True	dnase	194	0.103097
rs11191580	10	103146454	T	C	True	dnase	195	0.081965
rs11191580	10	103146454	T	C	True	dnase	196	0.014877
rs11191580	10	103146454	T	C	True	dnase	197	0.027674
rs11191580	10	103146454	T	C	True	dnase	198	0.123719
rs11191580	10	103146454	T	C	True	dnase	199	0.123617
rs11191580	10	103146454	T	C	True	dnase	200	0.015121
rs11191580	10	103146454	T	C	True	dnase	201	0.048422
rs11191580	10	103146454	T	C	True	dnase	202	0.075888
rs11191580	10	103146454	T	C	True	dnase	203	0.091846
rs11191580	10	103146454	T	C	True	dnase	204	0.083557
rs11191580	10	103146454	T	C	True	dnase	205	0.085804
rs11191580	10	103146454	T	C	True	dnase	206	0.052998
rs11191580	10	103146454	T	C	True	dnase	207	0.120279
rs11191580	10	103146454	T	C	True	dnase	208	0.129856
rs11191580	10	103146454	T	C	True	dnase	209	0.125910
rs11191580	10	103146454	T	C	True	dnase	210	0.117622
rs11191580	10	103146454	T	C	True	dnase	211	0.104338
rs11191580	10	103146454	T	C	True	dnase	212	0.006204
rs11191580	10	103146454	T	C	True	dnase	213	0.037213
rs11191580	10	103146454	T	C	True	dnase	214	0.074457
rs11191580	10	103146454	T	C	True	dnase	215	0.068981
rs11191580	10	103146454	T	C	True	dnase	216	0.070013
rs11191580	10	103146454	T	C	True	dnase	217	0.067376
rs11191580	10	103146454	T	C	True	dnase	218	0.058920
rs11191580	10	103146454	T	C	True	dnase	219	0.069169
rs11191580	10	103146454	T	C	True	dnase	220	0.035550
rs11191580	10	103146454	T	C	True	dnase	221	0.094075
rs11191580	10	103146454	T	C	True	dnase	222	0.099087
rs11191580	10	103146454	T	C	True	dnase	223	0.083708
rs11191580	10	103146454	T	C	True	dnase	224	0.062714
rs11191580	10	103146454	T	C	True	dnase	225	0.079688
rs11191580	10	103146454	T	C	True	dnase	226	0.083817
rs11191580	10	103146454	T	C	True	dnase	227	0.093282
rs11191580	10	103146454	T	C	True	dnase	228	0.070133
rs11191580	10	103146454	T	C	True	dnase	229	0.081108
rs11191580	10	103146454	T	C	True	dnase	230	0.100947
rs11191580	10	103146454	T	C	True	dnase	231	0.080696
rs11191580	10	103146454	T	C	True	dnase	232	0.092210
rs11191580	10	103146454	T	C	True	dnase	233	0.099287
rs11191580	10	103146454	T	C	True	dnase	234	0.054778
rs11191580	10	103146454	T	C	True	dnase	235	0.079239
rs11191580	10	103146454	T	C	True	dnase	236	0.077182
rs11191580	10	103146454	T	C	True	dnase	237	0.062309
rs11191580	10	103146454	T	C	True	dnase	238	0.078483
rs11191580	10	103146454	T	C	True	dnase	239	0.058495
rs11191580	10	103146454	T	C	True	dnase	240	0.074573
rs11191580	10	103146454	T	C	True	dnase	241	0.045878
rs11191580	10	103146454	T	C	True	dnase	242	0.055071
rs11191580	10	103146454	T	C	True	dnase	243	0.066351
rs11191580	10	103146454	T	C	True	dnase	244	0.062873
rs11191580	10	103146454	T	C	True	dnase	245	0.049784
rs11191580	10	103146454	T	C	True	dnase	246	0.056356
rs11191580	10	103146454	T	C	True	dnase	247	0.061274
rs11191580	10	103146454	T	C	True	dnase	248	0.086585
rs11191580	10	103146454	T	C	True	dnase	249	0.072869
rs11191580	10	103146454	T	C	True	dnase	250	0.047917
rs11191580	10	103146454	T	C	True	dnase	251	0.110688
rs11191580	10	103146454	T	C	True	dnase	252	0.095515
rs11191580	10	103146454	T	C	True	dnase	253	0.068293
rs11191580	10	103146454	T	C	True	dnase	254	0.074542
rs11191580	10	103146454	T	C	True	dnase	255	0.058899
rs11191580	10	103146454	T	C	True	dnase	256	0.070163
rs11191580	10	103146454	T	C	True	dnase	257	0.066604
rs11191580	10	103146454	T	C	True	dnase	258	0.058289
rs11191580	10	103146454	T	C	True	dnase	259	0.021125
rs11191580	10	103146454	T	C	True	dnase	260	0.056204
rs11191580	10	103146454	T	C	True	dnase	261	0.046202
rs11191580	10	103146454	T	C	True	dnase	262	0.088186
rs11191580	10	103146454	T	C	True	dnase	263	0.151129
rs11191580	10	103146454	T	C	True	dnase	264	0.072421
rs11191580	10	103146454	T	C	True	dnase	265	0.036528
rs11191580	10	103146454	T	C	True	dnase	266	0.075289
rs11191580	10	103146454	T	C	True	dnase	267	0.084177
rs11191580	10	103146454	T	C	True	dnase	268	0.071745
rs11191580	10	103146454	T	C	True	dnase	269	0.050850
rs11191580	10	103146454	T	C	True	dnase	270	0.075732
rs11191580	10	103146454	T	C	True	dnase	271	0.086528
rs11191580	10	103146454	T	C	True	dnase	272	0.071315
rs11191580	10	103146454	T	C	True	dnase	273	0.050903
rs11191580	10	103146454	T	C	True	dnase	274	0.047786
rs11191580	10	103146454	T	C	True	dnase	275	0.072454
rs11191580	10	103146454	T	C	True	dnase	276	0.028267
rs11191580	10	103146454	T	C	True	dnase	277	0.050635
rs11191580	10	103146454	T	C	True	dnase	278	0.050642
rs11191580	10	103146454	T	C	True	dnase	279	0.071202
rs11191580	10	103146454	T	C	True	dnase	280	0.076850
rs11191580	10	103146454	T	C	True	dnase	281	0.068282
rs11191580	10	103146454	T	C	True	dnase	282	0.075197
rs11191580	10	103146454	T	C	True	dnase	283	0.062474
rs11191580	10	103146454	T	C	True	dnase	284	0.071500
rs11191580	10	103146454	T	C	True	dnase	285	0.062459
rs11191580	10	103146454	T	C	True	dnase	286	0.089570
rs11191580	10	103146454	T	C	True	dnase	287	0.079941
rs11191580	10	103146454	T	C	True	dnase	288	0.110435
rs11191580	10	103146454	T	C	True	dnase	289	0.092347
rs11191580	10	103146454	T	C	True	dnase	290	0.065265
rs11191580	10	103146454	T	C	True	dnase	291	0.082878
rs11191580	10	103146454	T	C	True	dnase	292	0.071910
rs11191580	10	103146454	T	C	True	dnase	293	0.048135
rs11191580	10	103146454	T	C	True	dnase	294	0.123540
rs11191580	10	103146454	T	C	True	dnase	295	0.031370
rs11191580	10	103146454	T	C	True	dnase	296	0.075909
rs11191580	10	103146454	T	C	True	dnase	297	0.070474
rs11191580	10	103146454	T	C	True	dnase	298	0.073042
rs11191580	10	103146454	T	C	True	dnase	299	0.072934
rs11191580	10	103146454	T	C	True	dnase	300	0.066201
rs11191580	10	103146454	T	C	True	dnase	301	0.055977
rs11191580	10	103146454	T	C	True	dnase	302	0.047947
rs11191580	10	103146454	T	C	True	dnase	303	0.061094
rs11191580	10	103146454	T	C	True	dnase	304	0.067764
rs11191580	10	103146454	T	C	True	dnase	305	0.000000
rs11191580	10	103146454	T	C	True	dnase	306	0.000000
rs11191580	10	103146454	T	C	True	dnase	307	0.000000
rs11191580	10	103146454	T	C	True	dnase	308	0.000000
rs11191580	10	103146454	T	C	True	dnase	309	0.000000
rs11191580	10	103146454	T	C	True	dnase	310	0.000000
rs11191580	10	103146454	T	C	True	dnase	311	0.000000
rs11191580	10	103146454	T	C	True	dnase	312	0.000000
rs11191580	10	103146454	T	C	True	dnase	313	0.000000
rs11191580	10	103146454	T	C	True	dnase	314	0.000000
rs11191580	10	103146454	T	C	True	dnase	315	0.000000
rs11191580	10	103146454	T	C	True	dnase	316	0.000000
rs11191580	10	103146454	T	C	True	dnase	317	0.000000
rs11191580	10	103146454	T	C	True	dnase	318	0.000000
rs11191580	10	103146454	T	C	True	dnase	319	0.000000
rs11191580	10	103146454	T	C	True	dnase	320	0.000000
rs11191580	10	103146454	T	C	True	dnase	321	0.000000
rs11191580	10	103146454	T	C	True	dnase	322	0.000000
rs11191580	10	103146454	T	C	True	dnase	323	0.000000
rs11191580	10	103146454	T	C	True	dnase	324	0.000000
rs11191580	10	103146454	T	C	True	dnase	325	0.000000
rs11191580	10	103146454	T	C	True	dnase	326	0.000000
rs11191580	10	103146454	T	C	True	dnase	327	0.000000
rs11191580	10	103146454	T	C	True	dnase	328	0.000000
rs11191580	10	103146454	T	C	True	dnase	329	0.000000
rs11191580	10	103146454	T	C	True	dnase	330	0.000000
rs11191580	10	103146454	T	C	True	dnase	331	0.000000
rs11191580	10	103146454	T	C	True	dnase	332	0.000000
rs11191580	10	103146454	T	C	True	dnase	333	0.000000
rs11191580	10	103146454	T	C	True	dnase	334	0.000000
rs11191580	10	103146454	T	C	True	dnase	335	0.000000
rs11191580	10	103146454	T	C	True	dnase	336	0.000000
rs11191580	10	103146454	T	C	True	dnase	337	0.000000
rs11191580	10	103146454	T	C	True	dnase	338	0.000000
rs11191580	10	103146454	T	C	True	dnase	339	0.000000
rs11191580	10	103146454	T	C	True	dnase	340	0.000000
rs11191580	10	103146454	T	C	True	dnase	341	0.000000
rs11191580	10	103146454	T	C	True	dnase	342	0.000000
rs11191580	10	103146454	T	C	True	dnase	343	0.000000
rs11191580	10	103146454	T	C	True	dnase	344	0.000000
rs11191580	10	103146454	T	C	True	dnase	345	0.000000
rs11191580	10	103146454	T	C	True	dnase	346	0.000000
rs11191580	10	103146454	T	C	True	dnase	347	0.000000
rs11191580	10	103146454	T	C	True	dnase	348	0.000000
rs11191580	10	103146454	T	C	True	dnase	349	0.000000
rs11191580	10	103146454	T	C	True	dnase	350	0.000000
rs11191580	10	103146454	T	C	True	dnase	351	0.000000
rs11191580	10	103146454	T	C	True	dnase	352	0.000000
rs11191580	10	103146454	T	C	True	dnase	353	0.000000
rs11191580	10	103146454	T	C	True	dnase	354	0.000000
rs11191580	10	103146454	T	C	True	dnase	355	0.000000
rs11191580	10	103146454	T	C	True	dnase	356	0.000000
rs11191580	10	103146454	T	C	True	dnase	357	0.000000
rs11191580	10	103146454	T	C	True	dnase	358	0.000000
rs11191580	10	103146454	T	C	True	dnase	359	0.000000
rs11191580	10	103146454	T	C	True	dnase	360	0.000000
rs11191580	10	103146454	T	C	True	dnase	361	0.000000
rs11191580	10	103146454	T	C	True	dnase	362	0.000000
rs11191580	10	103146454	T	C	True	dnase	363	0.000000
rs11191580	10	103146454	T	C	True	dnase	364	0.000000
rs11191580	10	103146454	T	C	True	dnase	365	0.000000
rs11191580	10	103146454	T	C	True	dnase	366	0.000000
rs11191580	10	103146454	T	C	True	dnase	367	0.000000
rs11191580	10	103146454	T	C	True	dnase	368	0.000000
rs11191580	10	103146454	T	C	True	dnase	369	0.000000
rs11191580	10	103146454	T	C	True	dnase	370	0.000000
rs11191580	10	103146454	T	C	True	dnase	371	0.000000
rs11191580	10	103146454	T	C	True	dnase	372	0.000000
rs11191580	10	103146454	T	C	True	dnase	373	0.000000
rs11191580	10	103146454	T	C	True	dnase	374	0.000000
rs11191580	10	103146454	T	C	True	dnase	375	0.000000
rs11191580	10	103146454	T	C	True	dnase	376	0.000000
rs11191580	10	103146454	T	C	True	dnase	377	0.000000
rs11191580	10	103146454	T	C	True	dnase	378	0.000000
rs11191580	10	103146454	T	C	True	dnase	379	0.000000
rs11191580	10	103146454	T	C	True	dnase	380	0.000000
rs11191580	10	103146454	T	C	True	dnase	381	0.000000
rs11191580	10	103146454	T	C	True	dnase	382	0.000000
rs11191580	10	103146454	T	C	True	dnase	383	0.000000
